{"type": "FeatureCollection", "features": [{"type": "Feature", "geometry": {"type": "Point", "coordinates": [117.19994, 1.71236]}, "properties": {"species": "pongo_pygmaeus", "date_acq": "2026-05-01T608", "confidence": "n", "brightness": "336.35", "frp": "2.88", "daynight": "D"}}, {"type": "Feature", "geometry": {"type": "Point", "coordinates": [117.2323, 0.53891]}, "properties": {"species": "pongo_pygmaeus", "date_acq": "2026-05-01T1707", "confidence": "n", "brightness": "301.24", "frp": "0.53", "daynight": "N"}}, {"type": "Feature", "geometry": {"type": "Point", "coordinates": [113.2706, -1.51147]}, "properties": {"species": "pongo_pygmaeus", "date_acq": "2026-05-02T548", "confidence": "n", "brightness": "336.64", "frp": "8.06", "daynight": "D"}}, {"type": "Feature", "geometry": {"type": "Point", "coordinates": [117.21284, 0.49831]}, "properties": {"species": "pongo_pygmaeus", "date_acq": "2026-05-02T550", "confidence": "n", "brightness": "333.02", "frp": "1.9", "daynight": "D"}}, {"type": "Feature", "geometry": {"type": "Point", "coordinates": [117.15417, 0.52385]}, "properties": {"species": "pongo_pygmaeus", "date_acq": "2026-05-02T550", "confidence": "n", "brightness": "331.47", "frp": "3.71", "daynight": "D"}}, {"type": "Feature", "geometry": {"type": "Point", "coordinates": [117.21761, 1.56983]}, "properties": {"species": "pongo_pygmaeus", "date_acq": "2026-05-02T550", "confidence": "n", "brightness": "333.36", "frp": "4.86", "daynight": "D"}}, {"type": "Feature", "geometry": {"type": "Point", "coordinates": [117.06768, 1.67963]}, "properties": {"species": "pongo_pygmaeus", "date_acq": "2026-05-02T550", "confidence": "n", "brightness": "335.61", "frp": "2.86", "daynight": "D"}}, {"type": "Feature", "geometry": {"type": "Point", "coordinates": [117.18806, 1.69109]}, "properties": {"species": "pongo_pygmaeus", "date_acq": "2026-05-02T550", "confidence": "n", "brightness": "331.75", "frp": "4.46", "daynight": "D"}}, {"type": "Feature", "geometry": {"type": "Point", "coordinates": [117.19471, 1.66395]}, "properties": {"species": "pongo_pygmaeus", "date_acq": "2026-05-02T1830", "confidence": "n", "brightness": "302.87", "frp": "1.59", "daynight": "N"}}, {"type": "Feature", "geometry": {"type": "Point", "coordinates": [117.19395, 1.66457]}, "properties": {"species": "pongo_pygmaeus", "date_acq": "2026-05-02T1830", "confidence": "n", "brightness": "304.63", "frp": "1.51", "daynight": "N"}}, {"type": "Feature", "geometry": {"type": "Point", "coordinates": [117.18436, 1.68442]}, "properties": {"species": "pongo_pygmaeus", "date_acq": "2026-05-02T1830", "confidence": "n", "brightness": "312.1", "frp": "1.32", "daynight": "N"}}, {"type": "Feature", "geometry": {"type": "Point", "coordinates": [117.18359, 1.68513]}, "properties": {"species": "pongo_pygmaeus", "date_acq": "2026-05-02T1830", "confidence": "n", "brightness": "310.58", "frp": "1.46", "daynight": "N"}}, {"type": "Feature", "geometry": {"type": "Point", "coordinates": [117.26691, 0.54417]}, "properties": {"species": "pongo_pygmaeus", "date_acq": "2026-05-03T529", "confidence": "n", "brightness": "334.82", "frp": "6.67", "daynight": "D"}}, {"type": "Feature", "geometry": {"type": "Point", "coordinates": [117.14252, 1.05408]}, "properties": {"species": "pongo_pygmaeus", "date_acq": "2026-05-03T529", "confidence": "n", "brightness": "335.89", "frp": "3.4", "daynight": "D"}}, {"type": "Feature", "geometry": {"type": "Point", "coordinates": [117.13552, 1.19079]}, "properties": {"species": "pongo_pygmaeus", "date_acq": "2026-05-03T529", "confidence": "n", "brightness": "334.69", "frp": "4.28", "daynight": "D"}}, {"type": "Feature", "geometry": {"type": "Point", "coordinates": [117.25727, 1.45144]}, "properties": {"species": "pongo_pygmaeus", "date_acq": "2026-05-03T529", "confidence": "n", "brightness": "333.32", "frp": "5.3", "daynight": "D"}}, {"type": "Feature", "geometry": {"type": "Point", "coordinates": [117.25801, 1.4523]}, "properties": {"species": "pongo_pygmaeus", "date_acq": "2026-05-03T529", "confidence": "n", "brightness": "335.35", "frp": "5.03", "daynight": "D"}}, {"type": "Feature", "geometry": {"type": "Point", "coordinates": [117.24104, 1.47933]}, "properties": {"species": "pongo_pygmaeus", "date_acq": "2026-05-03T529", "confidence": "n", "brightness": "334.62", "frp": "3.22", "daynight": "D"}}, {"type": "Feature", "geometry": {"type": "Point", "coordinates": [117.25719, 1.48556]}, "properties": {"species": "pongo_pygmaeus", "date_acq": "2026-05-03T529", "confidence": "n", "brightness": "338.47", "frp": "4.61", "daynight": "D"}}, {"type": "Feature", "geometry": {"type": "Point", "coordinates": [117.18303, 1.67167]}, "properties": {"species": "pongo_pygmaeus", "date_acq": "2026-05-03T529", "confidence": "n", "brightness": "334.02", "frp": "3.09", "daynight": "D"}}, {"type": "Feature", "geometry": {"type": "Point", "coordinates": [117.23465, 0.53935]}, "properties": {"species": "pongo_pygmaeus", "date_acq": "2026-05-03T1811", "confidence": "n", "brightness": "302.75", "frp": "0.83", "daynight": "N"}}, {"type": "Feature", "geometry": {"type": "Point", "coordinates": [114.76383, -1.16513]}, "properties": {"species": "pongo_pygmaeus", "date_acq": "2026-05-03T1813", "confidence": "n", "brightness": "304.08", "frp": "1.1", "daynight": "N"}}, {"type": "Feature", "geometry": {"type": "Point", "coordinates": [117.00465, 5.52125]}, "properties": {"species": "pongo_pygmaeus", "date_acq": "2026-05-04T512", "confidence": "n", "brightness": "340.06", "frp": "7.37", "daynight": "D"}}, {"type": "Feature", "geometry": {"type": "Point", "coordinates": [117.00675, 5.5188]}, "properties": {"species": "pongo_pygmaeus", "date_acq": "2026-05-04T514", "confidence": "n", "brightness": "340.13", "frp": "6.5", "daynight": "D"}}, {"type": "Feature", "geometry": {"type": "Point", "coordinates": [110.64587, -1.47985]}, "properties": {"species": "pongo_pygmaeus", "date_acq": "2026-05-05T631", "confidence": "n", "brightness": "330.16", "frp": "3", "daynight": "D"}}, {"type": "Feature", "geometry": {"type": "Point", "coordinates": [116.9636, 5.57888]}, "properties": {"species": "pongo_pygmaeus", "date_acq": "2026-05-06T616", "confidence": "n", "brightness": "330.7", "frp": "4.39", "daynight": "D"}}, {"type": "Feature", "geometry": {"type": "Point", "coordinates": [116.97896, 5.56175]}, "properties": {"species": "pongo_pygmaeus", "date_acq": "2026-05-07T555", "confidence": "n", "brightness": "337.23", "frp": "6.07", "daynight": "D"}}, {"type": "Feature", "geometry": {"type": "Point", "coordinates": [117.21495, 4.33369]}, "properties": {"species": "pongo_pygmaeus", "date_acq": "2026-05-09T521", "confidence": "n", "brightness": "339.33", "frp": "8.66", "daynight": "D"}}, {"type": "Feature", "geometry": {"type": "Point", "coordinates": [115.99045, 5.30744]}, "properties": {"species": "pongo_pygmaeus", "date_acq": "2026-05-09T521", "confidence": "n", "brightness": "329.58", "frp": "4.97", "daynight": "D"}}, {"type": "Feature", "geometry": {"type": "Point", "coordinates": [111.56138, -2.51232]}, "properties": {"species": "pongo_pygmaeus", "date_acq": "2026-05-11T620", "confidence": "n", "brightness": "346.38", "frp": "9.57", "daynight": "D"}}, {"type": "Feature", "geometry": {"type": "Point", "coordinates": [111.56083, -2.50872]}, "properties": {"species": "pongo_pygmaeus", "date_acq": "2026-05-11T620", "confidence": "n", "brightness": "338.21", "frp": "10.43", "daynight": "D"}}, {"type": "Feature", "geometry": {"type": "Point", "coordinates": [117.13721, 1.19048]}, "properties": {"species": "pongo_pygmaeus", "date_acq": "2026-05-11T620", "confidence": "h", "brightness": "367", "frp": "16.53", "daynight": "D"}}, {"type": "Feature", "geometry": {"type": "Point", "coordinates": [117.19898, 1.67573]}, "properties": {"species": "pongo_pygmaeus", "date_acq": "2026-05-12T601", "confidence": "n", "brightness": "334.56", "frp": "5.59", "daynight": "D"}}, {"type": "Feature", "geometry": {"type": "Point", "coordinates": [113.27006, -1.51233]}, "properties": {"species": "pongo_pygmaeus", "date_acq": "2026-05-13T542", "confidence": "n", "brightness": "343", "frp": "32.71", "daynight": "D"}}, {"type": "Feature", "geometry": {"type": "Point", "coordinates": [117.45491, 0.44694]}, "properties": {"species": "pongo_pygmaeus", "date_acq": "2026-05-14T523", "confidence": "n", "brightness": "328.01", "frp": "4.23", "daynight": "D"}}, {"type": "Feature", "geometry": {"type": "Point", "coordinates": [117.18633, 1.29663]}, "properties": {"species": "pongo_pygmaeus", "date_acq": "2026-05-14T523", "confidence": "n", "brightness": "334.62", "frp": "5.64", "daynight": "D"}}, {"type": "Feature", "geometry": {"type": "Point", "coordinates": [111.06364, -2.11229]}, "properties": {"species": "pongo_pygmaeus", "date_acq": "2026-05-20T652", "confidence": "n", "brightness": "337.46", "frp": "3.77", "daynight": "D"}}, {"type": "Feature", "geometry": {"type": "Point", "coordinates": [111.10489, -1.94476]}, "properties": {"species": "pongo_pygmaeus", "date_acq": "2026-05-20T1754", "confidence": "n", "brightness": "305.47", "frp": "1.07", "daynight": "N"}}, {"type": "Feature", "geometry": {"type": "Point", "coordinates": [114.39136, -1.51756]}, "properties": {"species": "pongo_pygmaeus", "date_acq": "2026-05-21T1734", "confidence": "n", "brightness": "307.5", "frp": "3.14", "daynight": "N"}}, {"type": "Feature", "geometry": {"type": "Point", "coordinates": [117.24481, 4.37162]}, "properties": {"species": "pongo_pygmaeus", "date_acq": "2026-05-23T557", "confidence": "n", "brightness": "341", "frp": "4.68", "daynight": "D"}}, {"type": "Feature", "geometry": {"type": "Point", "coordinates": [111.35049, -1.85121]}, "properties": {"species": "pongo_pygmaeus", "date_acq": "2026-05-24T538", "confidence": "n", "brightness": "333.3", "frp": "4.89", "daynight": "D"}}, {"type": "Feature", "geometry": {"type": "Point", "coordinates": [111.37203, -1.86522]}, "properties": {"species": "pongo_pygmaeus", "date_acq": "2026-06-03T550", "confidence": "n", "brightness": "326.79", "frp": "3.5", "daynight": "D"}}, {"type": "Feature", "geometry": {"type": "Point", "coordinates": [111.37125, -1.86512]}, "properties": {"species": "pongo_pygmaeus", "date_acq": "2026-06-03T550", "confidence": "n", "brightness": "334.02", "frp": "3.28", "daynight": "D"}}, {"type": "Feature", "geometry": {"type": "Point", "coordinates": [111.37144, -1.86118]}, "properties": {"species": "pongo_pygmaeus", "date_acq": "2026-06-03T550", "confidence": "n", "brightness": "344.43", "frp": "3.5", "daynight": "D"}}, {"type": "Feature", "geometry": {"type": "Point", "coordinates": [111.37067, -1.86109]}, "properties": {"species": "pongo_pygmaeus", "date_acq": "2026-06-03T550", "confidence": "n", "brightness": "342", "frp": "3.28", "daynight": "D"}}, {"type": "Feature", "geometry": {"type": "Point", "coordinates": [110.11478, -0.52569]}, "properties": {"species": "pongo_pygmaeus", "date_acq": "2026-06-03T550", "confidence": "n", "brightness": "333.73", "frp": "5.41", "daynight": "D"}}, {"type": "Feature", "geometry": {"type": "Point", "coordinates": [117.25024, 0.53198]}, "properties": {"species": "pongo_pygmaeus", "date_acq": "2026-06-03T550", "confidence": "n", "brightness": "340.38", "frp": "5.2", "daynight": "D"}}, {"type": "Feature", "geometry": {"type": "Point", "coordinates": [117.26163, 1.60887]}, "properties": {"species": "pongo_pygmaeus", "date_acq": "2026-06-03T550", "confidence": "n", "brightness": "339.08", "frp": "4.08", "daynight": "D"}}, {"type": "Feature", "geometry": {"type": "Point", "coordinates": [117.26115, 1.61228]}, "properties": {"species": "pongo_pygmaeus", "date_acq": "2026-06-03T550", "confidence": "n", "brightness": "344.55", "frp": "18.89", "daynight": "D"}}, {"type": "Feature", "geometry": {"type": "Point", "coordinates": [117.18874, 1.67084]}, "properties": {"species": "pongo_pygmaeus", "date_acq": "2026-06-03T550", "confidence": "n", "brightness": "333.35", "frp": "2.82", "daynight": "D"}}, {"type": "Feature", "geometry": {"type": "Point", "coordinates": [111.77589, 0.66768]}, "properties": {"species": "pongo_pygmaeus", "date_acq": "2026-06-04T1811", "confidence": "n", "brightness": "303.54", "frp": "0.74", "daynight": "N"}}, {"type": "Feature", "geometry": {"type": "Point", "coordinates": [111.77641, 0.67105]}, "properties": {"species": "pongo_pygmaeus", "date_acq": "2026-06-04T1811", "confidence": "n", "brightness": "313.47", "frp": "0.74", "daynight": "N"}}, {"type": "Feature", "geometry": {"type": "Point", "coordinates": [111.77285, 0.67161]}, "properties": {"species": "pongo_pygmaeus", "date_acq": "2026-06-04T1811", "confidence": "n", "brightness": "304.47", "frp": "0.74", "daynight": "N"}}, {"type": "Feature", "geometry": {"type": "Point", "coordinates": [111.14169, -2.01866]}, "properties": {"species": "pongo_pygmaeus", "date_acq": "2026-06-04T1813", "confidence": "n", "brightness": "309.43", "frp": "0.74", "daynight": "N"}}, {"type": "Feature", "geometry": {"type": "Point", "coordinates": [111.27904, -1.87648]}, "properties": {"species": "pongo_pygmaeus", "date_acq": "2026-06-05T652", "confidence": "n", "brightness": "330.4", "frp": "2.52", "daynight": "D"}}, {"type": "Feature", "geometry": {"type": "Point", "coordinates": [111.27877, -1.87404]}, "properties": {"species": "pongo_pygmaeus", "date_acq": "2026-06-05T652", "confidence": "n", "brightness": "331.65", "frp": "3.52", "daynight": "D"}}, {"type": "Feature", "geometry": {"type": "Point", "coordinates": [111.49541, -1.73952]}, "properties": {"species": "pongo_pygmaeus", "date_acq": "2026-06-05T652", "confidence": "n", "brightness": "345.96", "frp": "8.96", "daynight": "D"}}, {"type": "Feature", "geometry": {"type": "Point", "coordinates": [111.49506, -1.73922]}, "properties": {"species": "pongo_pygmaeus", "date_acq": "2026-06-05T652", "confidence": "n", "brightness": "353.12", "frp": "12.81", "daynight": "D"}}, {"type": "Feature", "geometry": {"type": "Point", "coordinates": [110.82442, -1.56136]}, "properties": {"species": "pongo_pygmaeus", "date_acq": "2026-06-05T652", "confidence": "h", "brightness": "367", "frp": "17.76", "daynight": "D"}}, {"type": "Feature", "geometry": {"type": "Point", "coordinates": [110.823, -1.55561]}, "properties": {"species": "pongo_pygmaeus", "date_acq": "2026-06-05T652", "confidence": "n", "brightness": "349.67", "frp": "11.18", "daynight": "D"}}, {"type": "Feature", "geometry": {"type": "Point", "coordinates": [110.65898, -1.44011]}, "properties": {"species": "pongo_pygmaeus", "date_acq": "2026-06-05T652", "confidence": "n", "brightness": "336.04", "frp": "4.5", "daynight": "D"}}, {"type": "Feature", "geometry": {"type": "Point", "coordinates": [110.65974, -1.43968]}, "properties": {"species": "pongo_pygmaeus", "date_acq": "2026-06-05T652", "confidence": "n", "brightness": "330.51", "frp": "4.38", "daynight": "D"}}, {"type": "Feature", "geometry": {"type": "Point", "coordinates": [117.23508, 0.50952]}, "properties": {"species": "pongo_pygmaeus", "date_acq": "2026-06-05T1752", "confidence": "n", "brightness": "311.46", "frp": "1.12", "daynight": "N"}}, {"type": "Feature", "geometry": {"type": "Point", "coordinates": [117.23136, 0.51011]}, "properties": {"species": "pongo_pygmaeus", "date_acq": "2026-06-05T1752", "confidence": "n", "brightness": "306.05", "frp": "1.12", "daynight": "N"}}, {"type": "Feature", "geometry": {"type": "Point", "coordinates": [117.15915, 0.53565]}, "properties": {"species": "pongo_pygmaeus", "date_acq": "2026-06-05T1752", "confidence": "n", "brightness": "306", "frp": "0.64", "daynight": "N"}}, {"type": "Feature", "geometry": {"type": "Point", "coordinates": [110.82207, -1.55621]}, "properties": {"species": "pongo_pygmaeus", "date_acq": "2026-06-05T1754", "confidence": "n", "brightness": "307.2", "frp": "1.71", "daynight": "N"}}, {"type": "Feature", "geometry": {"type": "Point", "coordinates": [110.82365, -1.55578]}, "properties": {"species": "pongo_pygmaeus", "date_acq": "2026-06-05T1754", "confidence": "n", "brightness": "314.35", "frp": "2.04", "daynight": "N"}}, {"type": "Feature", "geometry": {"type": "Point", "coordinates": [117.47472, 0.41277]}, "properties": {"species": "pongo_pygmaeus", "date_acq": "2026-06-06T453", "confidence": "n", "brightness": "330.45", "frp": "4.53", "daynight": "D"}}, {"type": "Feature", "geometry": {"type": "Point", "coordinates": [111.35541, -1.85679]}, "properties": {"species": "pongo_pygmaeus", "date_acq": "2026-06-06T633", "confidence": "n", "brightness": "329.25", "frp": "2.07", "daynight": "D"}}, {"type": "Feature", "geometry": {"type": "Point", "coordinates": [111.74337, -1.8401]}, "properties": {"species": "pongo_pygmaeus", "date_acq": "2026-06-06T633", "confidence": "n", "brightness": "335.38", "frp": "3.24", "daynight": "D"}}, {"type": "Feature", "geometry": {"type": "Point", "coordinates": [110.74283, -1.59664]}, "properties": {"species": "pongo_pygmaeus", "date_acq": "2026-06-06T633", "confidence": "n", "brightness": "339.93", "frp": "3.09", "daynight": "D"}}, {"type": "Feature", "geometry": {"type": "Point", "coordinates": [110.74372, -1.57501]}, "properties": {"species": "pongo_pygmaeus", "date_acq": "2026-06-06T633", "confidence": "n", "brightness": "329.94", "frp": "4.03", "daynight": "D"}}, {"type": "Feature", "geometry": {"type": "Point", "coordinates": [110.7355, -1.57199]}, "properties": {"species": "pongo_pygmaeus", "date_acq": "2026-06-06T633", "confidence": "n", "brightness": "341.01", "frp": "8.02", "daynight": "D"}}, {"type": "Feature", "geometry": {"type": "Point", "coordinates": [110.82372, -1.55818]}, "properties": {"species": "pongo_pygmaeus", "date_acq": "2026-06-06T633", "confidence": "n", "brightness": "329.62", "frp": "4.56", "daynight": "D"}}, {"type": "Feature", "geometry": {"type": "Point", "coordinates": [117.12049, 1.04718]}, "properties": {"species": "pongo_pygmaeus", "date_acq": "2026-06-06T633", "confidence": "n", "brightness": "336.69", "frp": "7.9", "daynight": "D"}}, {"type": "Feature", "geometry": {"type": "Point", "coordinates": [117.25198, 1.41914]}, "properties": {"species": "pongo_pygmaeus", "date_acq": "2026-06-06T633", "confidence": "n", "brightness": "325.99", "frp": "4.31", "daynight": "D"}}, {"type": "Feature", "geometry": {"type": "Point", "coordinates": [117.24906, 1.42081]}, "properties": {"species": "pongo_pygmaeus", "date_acq": "2026-06-06T633", "confidence": "n", "brightness": "337.36", "frp": "9.84", "daynight": "D"}}, {"type": "Feature", "geometry": {"type": "Point", "coordinates": [117.25103, 1.42592]}, "properties": {"species": "pongo_pygmaeus", "date_acq": "2026-06-06T633", "confidence": "n", "brightness": "325.88", "frp": "5.58", "daynight": "D"}}, {"type": "Feature", "geometry": {"type": "Point", "coordinates": [117.2338, 0.51497]}, "properties": {"species": "pongo_pygmaeus", "date_acq": "2026-06-06T1734", "confidence": "n", "brightness": "304.29", "frp": "1.07", "daynight": "N"}}, {"type": "Feature", "geometry": {"type": "Point", "coordinates": [117.23349, 0.5171]}, "properties": {"species": "pongo_pygmaeus", "date_acq": "2026-06-06T1734", "confidence": "n", "brightness": "306.43", "frp": "1.95", "daynight": "N"}}, {"type": "Feature", "geometry": {"type": "Point", "coordinates": [117.23437, 0.51853]}, "properties": {"species": "pongo_pygmaeus", "date_acq": "2026-06-06T1734", "confidence": "n", "brightness": "303.31", "frp": "1.07", "daynight": "N"}}, {"type": "Feature", "geometry": {"type": "Point", "coordinates": [117.20937, 1.3667]}, "properties": {"species": "pongo_pygmaeus", "date_acq": "2026-06-08T555", "confidence": "n", "brightness": "335.02", "frp": "31.95", "daynight": "D"}}, {"type": "Feature", "geometry": {"type": "Point", "coordinates": [117.20886, 1.37033]}, "properties": {"species": "pongo_pygmaeus", "date_acq": "2026-06-08T555", "confidence": "n", "brightness": "338.39", "frp": "31.95", "daynight": "D"}}, {"type": "Feature", "geometry": {"type": "Point", "coordinates": [117.20555, 5.28114]}, "properties": {"species": "pongo_pygmaeus", "date_acq": "2026-06-08T557", "confidence": "n", "brightness": "330.38", "frp": "3.15", "daynight": "D"}}, {"type": "Feature", "geometry": {"type": "Point", "coordinates": [117.23726, 0.51798]}, "properties": {"species": "pongo_pygmaeus", "date_acq": "2026-06-09T538", "confidence": "n", "brightness": "334.92", "frp": "3.91", "daynight": "D"}}, {"type": "Feature", "geometry": {"type": "Point", "coordinates": [117.15847, 0.53571]}, "properties": {"species": "pongo_pygmaeus", "date_acq": "2026-06-09T1817", "confidence": "n", "brightness": "302.69", "frp": "0.39", "daynight": "N"}}, {"type": "Feature", "geometry": {"type": "Point", "coordinates": [117.06561, 1.68123]}, "properties": {"species": "pongo_pygmaeus", "date_acq": "2026-06-09T1817", "confidence": "n", "brightness": "301.16", "frp": "0.83", "daynight": "N"}}, {"type": "Feature", "geometry": {"type": "Point", "coordinates": [117.19231, 0.53406]}, "properties": {"species": "pongo_pygmaeus", "date_acq": "2026-06-10T521", "confidence": "n", "brightness": "331.76", "frp": "5.68", "daynight": "D"}}, {"type": "Feature", "geometry": {"type": "Point", "coordinates": [110.6544, -1.38864]}, "properties": {"species": "pongo_pygmaeus", "date_acq": "2026-06-10T1800", "confidence": "n", "brightness": "304.16", "frp": "0.96", "daynight": "N"}}, {"type": "Feature", "geometry": {"type": "Point", "coordinates": [110.65075, -1.38785]}, "properties": {"species": "pongo_pygmaeus", "date_acq": "2026-06-10T1800", "confidence": "n", "brightness": "304.53", "frp": "1.06", "daynight": "N"}}, {"type": "Feature", "geometry": {"type": "Point", "coordinates": [117.19434, 1.65896]}, "properties": {"species": "pongo_pygmaeus", "date_acq": "2026-06-11T459", "confidence": "n", "brightness": "327.17", "frp": "3.96", "daynight": "D"}}, {"type": "Feature", "geometry": {"type": "Point", "coordinates": [117.16122, 0.53497]}, "properties": {"species": "pongo_pygmaeus", "date_acq": "2026-06-11T1739", "confidence": "n", "brightness": "316.39", "frp": "1.22", "daynight": "N"}}, {"type": "Feature", "geometry": {"type": "Point", "coordinates": [117.29513, 0.85202]}, "properties": {"species": "pongo_pygmaeus", "date_acq": "2026-06-14T544", "confidence": "n", "brightness": "332.89", "frp": "3.71", "daynight": "D"}}, {"type": "Feature", "geometry": {"type": "Point", "coordinates": [117.29857, 0.85255]}, "properties": {"species": "pongo_pygmaeus", "date_acq": "2026-06-14T544", "confidence": "n", "brightness": "330.6", "frp": "3.9", "daynight": "D"}}, {"type": "Feature", "geometry": {"type": "Point", "coordinates": [111.99229, -1.79573]}, "properties": {"species": "pongo_pygmaeus", "date_acq": "2026-06-17T629", "confidence": "n", "brightness": "340.28", "frp": "9.45", "daynight": "D"}}, {"type": "Feature", "geometry": {"type": "Point", "coordinates": [110.72937, -1.59778]}, "properties": {"species": "pongo_pygmaeus", "date_acq": "2026-06-17T629", "confidence": "n", "brightness": "335.04", "frp": "6.49", "daynight": "D"}}, {"type": "Feature", "geometry": {"type": "Point", "coordinates": [110.72635, -1.59535]}, "properties": {"species": "pongo_pygmaeus", "date_acq": "2026-06-17T629", "confidence": "n", "brightness": "334.86", "frp": "8.52", "daynight": "D"}}, {"type": "Feature", "geometry": {"type": "Point", "coordinates": [117.18948, 1.2955]}, "properties": {"species": "pongo_pygmaeus", "date_acq": "2026-06-18T610", "confidence": "n", "brightness": "340.83", "frp": "8.42", "daynight": "D"}}, {"type": "Feature", "geometry": {"type": "Point", "coordinates": [110.87743, -2.77352]}, "properties": {"species": "pongo_pygmaeus", "date_acq": "2026-06-19T1832", "confidence": "n", "brightness": "305.82", "frp": "0.91", "daynight": "N"}}, {"type": "Feature", "geometry": {"type": "Point", "coordinates": [116.87325, -1.081]}, "properties": {"species": "pongo_pygmaeus", "date_acq": "2026-06-20T531", "confidence": "n", "brightness": "334.39", "frp": "7.66", "daynight": "D"}}, {"type": "Feature", "geometry": {"type": "Point", "coordinates": [117.21502, 0.94402]}, "properties": {"species": "pongo_pygmaeus", "date_acq": "2026-06-20T531", "confidence": "n", "brightness": "340.53", "frp": "14.48", "daynight": "D"}}, {"type": "Feature", "geometry": {"type": "Point", "coordinates": [117.21436, 0.94415]}, "properties": {"species": "pongo_pygmaeus", "date_acq": "2026-06-20T531", "confidence": "n", "brightness": "343.93", "frp": "27.59", "daynight": "D"}}, {"type": "Feature", "geometry": {"type": "Point", "coordinates": [114.57832, -1.47968]}, "properties": {"species": "pongo_pygmaeus", "date_acq": "2026-06-20T1813", "confidence": "n", "brightness": "305.01", "frp": "1", "daynight": "N"}}, {"type": "Feature", "geometry": {"type": "Point", "coordinates": [117.19995, 1.66756]}, "properties": {"species": "pongo_pygmaeus", "date_acq": "2026-06-21T514", "confidence": "n", "brightness": "326.62", "frp": "5.28", "daynight": "D"}}, {"type": "Feature", "geometry": {"type": "Point", "coordinates": [114.39378, -1.51696]}, "properties": {"species": "pongo_pygmaeus", "date_acq": "2026-06-21T1754", "confidence": "n", "brightness": "307.31", "frp": "0.86", "daynight": "N"}}, {"type": "Feature", "geometry": {"type": "Point", "coordinates": [114.25896, -1.28923]}, "properties": {"species": "pongo_pygmaeus", "date_acq": "2026-06-21T1754", "confidence": "n", "brightness": "306.95", "frp": "0.61", "daynight": "N"}}, {"type": "Feature", "geometry": {"type": "Point", "coordinates": [117.2254, 0.86369]}, "properties": {"species": "pongo_pygmaeus", "date_acq": "2026-06-21T1754", "confidence": "n", "brightness": "305.59", "frp": "0.92", "daynight": "N"}}, {"type": "Feature", "geometry": {"type": "Point", "coordinates": [113.34483, -1.46806]}, "properties": {"species": "pongo_pygmaeus", "date_acq": "2026-06-22T633", "confidence": "n", "brightness": "334.87", "frp": "2.52", "daynight": "D"}}, {"type": "Feature", "geometry": {"type": "Point", "coordinates": [114.57851, -1.48012]}, "properties": {"species": "pongo_pygmaeus", "date_acq": "2026-06-23T1715", "confidence": "n", "brightness": "300.79", "frp": "0.4", "daynight": "N"}}, {"type": "Feature", "geometry": {"type": "Point", "coordinates": [111.99, -1.79164]}, "properties": {"species": "pongo_pygmaeus", "date_acq": "2026-06-24T555", "confidence": "n", "brightness": "344", "frp": "8.77", "daynight": "D"}}, {"type": "Feature", "geometry": {"type": "Point", "coordinates": [111.40108, -1.69018]}, "properties": {"species": "pongo_pygmaeus", "date_acq": "2026-06-24T555", "confidence": "n", "brightness": "340.47", "frp": "4.49", "daynight": "D"}}, {"type": "Feature", "geometry": {"type": "Point", "coordinates": [110.79717, -1.56182]}, "properties": {"species": "pongo_pygmaeus", "date_acq": "2026-06-24T555", "confidence": "l", "brightness": "325.29", "frp": "3.62", "daynight": "D"}}, {"type": "Feature", "geometry": {"type": "Point", "coordinates": [114.26071, -1.52976]}, "properties": {"species": "pongo_pygmaeus", "date_acq": "2026-06-24T555", "confidence": "n", "brightness": "330.77", "frp": "2.14", "daynight": "D"}}, {"type": "Feature", "geometry": {"type": "Point", "coordinates": [116.1002, -1.28484]}, "properties": {"species": "pongo_pygmaeus", "date_acq": "2026-06-24T555", "confidence": "n", "brightness": "328.79", "frp": "2.95", "daynight": "D"}}, {"type": "Feature", "geometry": {"type": "Point", "coordinates": [113.8175, -0.91777]}, "properties": {"species": "pongo_pygmaeus", "date_acq": "2026-06-24T555", "confidence": "n", "brightness": "325.59", "frp": "2.32", "daynight": "D"}}, {"type": "Feature", "geometry": {"type": "Point", "coordinates": [111.26702, -1.87841]}, "properties": {"species": "pongo_pygmaeus", "date_acq": "2026-06-25T538", "confidence": "n", "brightness": "335.39", "frp": "1.51", "daynight": "D"}}, {"type": "Feature", "geometry": {"type": "Point", "coordinates": [113.22347, -1.2544]}, "properties": {"species": "pongo_pygmaeus", "date_acq": "2026-06-25T538", "confidence": "n", "brightness": "343.27", "frp": "11.83", "daynight": "D"}}, {"type": "Feature", "geometry": {"type": "Point", "coordinates": [117.21098, 1.56978]}, "properties": {"species": "pongo_pygmaeus", "date_acq": "2026-06-25T538", "confidence": "n", "brightness": "331.65", "frp": "2.77", "daynight": "D"}}, {"type": "Feature", "geometry": {"type": "Point", "coordinates": [117.18919, 1.68527]}, "properties": {"species": "pongo_pygmaeus", "date_acq": "2026-06-25T538", "confidence": "n", "brightness": "329.36", "frp": "5.44", "daynight": "D"}}, {"type": "Feature", "geometry": {"type": "Point", "coordinates": [114.57732, -1.48094]}, "properties": {"species": "pongo_pygmaeus", "date_acq": "2026-06-25T1819", "confidence": "n", "brightness": "305.23", "frp": "1", "daynight": "N"}}, {"type": "Feature", "geometry": {"type": "Point", "coordinates": [114.61935, -1.42422]}, "properties": {"species": "pongo_pygmaeus", "date_acq": "2026-06-25T1819", "confidence": "n", "brightness": "303.61", "frp": "0.57", "daynight": "N"}}, {"type": "Feature", "geometry": {"type": "Point", "coordinates": [111.39285, -1.84652]}, "properties": {"species": "pongo_pygmaeus", "date_acq": "2026-06-26T521", "confidence": "n", "brightness": "354.03", "frp": "33.06", "daynight": "D"}}, {"type": "Feature", "geometry": {"type": "Point", "coordinates": [114.80868, -1.474]}, "properties": {"species": "pongo_pygmaeus", "date_acq": "2026-06-26T521", "confidence": "n", "brightness": "332.25", "frp": "3.62", "daynight": "D"}}, {"type": "Feature", "geometry": {"type": "Point", "coordinates": [116.92497, 1.2867]}, "properties": {"species": "pongo_pygmaeus", "date_acq": "2026-06-26T521", "confidence": "n", "brightness": "330.3", "frp": "3.57", "daynight": "D"}}, {"type": "Feature", "geometry": {"type": "Point", "coordinates": [112.02884, -1.83352]}, "properties": {"species": "pongo_pygmaeus", "date_acq": "2026-06-26T701", "confidence": "n", "brightness": "326.92", "frp": "14.98", "daynight": "D"}}, {"type": "Feature", "geometry": {"type": "Point", "coordinates": [117.24178, 1.32056]}, "properties": {"species": "pongo_pygmaeus", "date_acq": "2026-06-27T501", "confidence": "n", "brightness": "326.02", "frp": "2.25", "daynight": "D"}}, {"type": "Feature", "geometry": {"type": "Point", "coordinates": [111.39816, -1.66456]}, "properties": {"species": "pongo_pygmaeus", "date_acq": "2026-06-27T640", "confidence": "n", "brightness": "333.6", "frp": "13.42", "daynight": "D"}}, {"type": "Feature", "geometry": {"type": "Point", "coordinates": [113.21374, -1.43044]}, "properties": {"species": "pongo_pygmaeus", "date_acq": "2026-06-27T640", "confidence": "n", "brightness": "355.25", "frp": "11.49", "daynight": "D"}}, {"type": "Feature", "geometry": {"type": "Point", "coordinates": [113.21735, -1.42986]}, "properties": {"species": "pongo_pygmaeus", "date_acq": "2026-06-27T640", "confidence": "h", "brightness": "367", "frp": "11.49", "daynight": "D"}}, {"type": "Feature", "geometry": {"type": "Point", "coordinates": [113.2129, -1.42487]}, "properties": {"species": "pongo_pygmaeus", "date_acq": "2026-06-27T640", "confidence": "n", "brightness": "350.42", "frp": "44.06", "daynight": "D"}}, {"type": "Feature", "geometry": {"type": "Point", "coordinates": [113.21652, -1.42429]}, "properties": {"species": "pongo_pygmaeus", "date_acq": "2026-06-27T640", "confidence": "h", "brightness": "367", "frp": "44.06", "daynight": "D"}}, {"type": "Feature", "geometry": {"type": "Point", "coordinates": [111.58844, -0.45562]}, "properties": {"species": "pongo_pygmaeus", "date_acq": "2026-06-27T642", "confidence": "n", "brightness": "329.05", "frp": "3.94", "daynight": "D"}}, {"type": "Feature", "geometry": {"type": "Point", "coordinates": [117.19362, 1.65344]}, "properties": {"species": "pongo_pygmaeus", "date_acq": "2026-06-29T603", "confidence": "n", "brightness": "334.04", "frp": "3.99", "daynight": "D"}}, {"type": "Feature", "geometry": {"type": "Point", "coordinates": [117.19591, 1.65548]}, "properties": {"species": "pongo_pygmaeus", "date_acq": "2026-06-29T603", "confidence": "n", "brightness": "335.59", "frp": "8.82", "daynight": "D"}}, {"type": "Feature", "geometry": {"type": "Point", "coordinates": [117.18704, 1.68278]}, "properties": {"species": "pongo_pygmaeus", "date_acq": "2026-06-29T603", "confidence": "n", "brightness": "329.82", "frp": "5.94", "daynight": "D"}}, {"type": "Feature", "geometry": {"type": "Point", "coordinates": [117.18647, 1.68679]}, "properties": {"species": "pongo_pygmaeus", "date_acq": "2026-06-29T603", "confidence": "n", "brightness": "338.87", "frp": "5.94", "daynight": "D"}}, {"type": "Feature", "geometry": {"type": "Point", "coordinates": [111.25753, -1.88525]}, "properties": {"species": "pongo_pygmaeus", "date_acq": "2026-07-01T705", "confidence": "n", "brightness": "336.62", "frp": "8.21", "daynight": "D"}}, {"type": "Feature", "geometry": {"type": "Point", "coordinates": [111.14064, -2.01946]}, "properties": {"species": "pongo_pygmaeus", "date_acq": "2026-07-01T1809", "confidence": "n", "brightness": "312.68", "frp": "0.92", "daynight": "N"}}, {"type": "Feature", "geometry": {"type": "Point", "coordinates": [114.57964, -1.48108]}, "properties": {"species": "pongo_pygmaeus", "date_acq": "2026-07-01T1809", "confidence": "n", "brightness": "309.81", "frp": "1.26", "daynight": "N"}}, {"type": "Feature", "geometry": {"type": "Point", "coordinates": [111.84419, -2.66234]}, "properties": {"species": "pongo_pygmaeus", "date_acq": "2026-07-02T646", "confidence": "n", "brightness": "329.97", "frp": "4.21", "daynight": "D"}}, {"type": "Feature", "geometry": {"type": "Point", "coordinates": [114.39454, -1.51506]}, "properties": {"species": "pongo_pygmaeus", "date_acq": "2026-07-02T1747", "confidence": "n", "brightness": "303.31", "frp": "0.49", "daynight": "N"}}, {"type": "Feature", "geometry": {"type": "Point", "coordinates": [114.62063, -1.42525]}, "properties": {"species": "pongo_pygmaeus", "date_acq": "2026-07-02T1747", "confidence": "n", "brightness": "306.53", "frp": "1.01", "daynight": "N"}}, {"type": "Feature", "geometry": {"type": "Point", "coordinates": [114.25925, -1.29102]}, "properties": {"species": "pongo_pygmaeus", "date_acq": "2026-07-02T1747", "confidence": "n", "brightness": "307.86", "frp": "0.77", "daynight": "N"}}, {"type": "Feature", "geometry": {"type": "Point", "coordinates": [113.37686, -1.23552]}, "properties": {"species": "pongo_pygmaeus", "date_acq": "2026-07-02T1747", "confidence": "n", "brightness": "322.01", "frp": "2.46", "daynight": "N"}}, {"type": "Feature", "geometry": {"type": "Point", "coordinates": [110.07754, -1.59699]}, "properties": {"species": "pongo_pygmaeus", "date_acq": "2026-07-03T629", "confidence": "n", "brightness": "333.37", "frp": "4.71", "daynight": "D"}}, {"type": "Feature", "geometry": {"type": "Point", "coordinates": [110.82353, -1.55739]}, "properties": {"species": "pongo_pygmaeus", "date_acq": "2026-07-03T629", "confidence": "n", "brightness": "333.16", "frp": "4.84", "daynight": "D"}}, {"type": "Feature", "geometry": {"type": "Point", "coordinates": [110.93789, -1.96918]}, "properties": {"species": "pongo_pygmaeus", "date_acq": "2026-07-04T610", "confidence": "n", "brightness": "337.19", "frp": "4.27", "daynight": "D"}}, {"type": "Feature", "geometry": {"type": "Point", "coordinates": [112.00439, -1.8396]}, "properties": {"species": "pongo_pygmaeus", "date_acq": "2026-07-04T610", "confidence": "n", "brightness": "347.23", "frp": "12.6", "daynight": "D"}}, {"type": "Feature", "geometry": {"type": "Point", "coordinates": [111.51656, -1.74884]}, "properties": {"species": "pongo_pygmaeus", "date_acq": "2026-07-04T610", "confidence": "n", "brightness": "339.19", "frp": "4.06", "daynight": "D"}}, {"type": "Feature", "geometry": {"type": "Point", "coordinates": [111.52345, -1.74779]}, "properties": {"species": "pongo_pygmaeus", "date_acq": "2026-07-04T610", "confidence": "n", "brightness": "332.23", "frp": "4.07", "daynight": "D"}}, {"type": "Feature", "geometry": {"type": "Point", "coordinates": [110.07788, -1.59556]}, "properties": {"species": "pongo_pygmaeus", "date_acq": "2026-07-04T610", "confidence": "n", "brightness": "331.9", "frp": "2.68", "daynight": "D"}}, {"type": "Feature", "geometry": {"type": "Point", "coordinates": [110.78294, -1.58998]}, "properties": {"species": "pongo_pygmaeus", "date_acq": "2026-07-04T610", "confidence": "n", "brightness": "333.47", "frp": "4.88", "daynight": "D"}}, {"type": "Feature", "geometry": {"type": "Point", "coordinates": [112.52583, -1.56716]}, "properties": {"species": "pongo_pygmaeus", "date_acq": "2026-07-04T610", "confidence": "n", "brightness": "334.59", "frp": "7.29", "daynight": "D"}}, {"type": "Feature", "geometry": {"type": "Point", "coordinates": [112.56558, -1.54389]}, "properties": {"species": "pongo_pygmaeus", "date_acq": "2026-07-04T610", "confidence": "n", "brightness": "338.36", "frp": "7.15", "daynight": "D"}}, {"type": "Feature", "geometry": {"type": "Point", "coordinates": [112.23864, -2.63912]}, "properties": {"species": "pongo_pygmaeus", "date_acq": "2026-07-05T550", "confidence": "n", "brightness": "338.65", "frp": "6.82", "daynight": "D"}}, {"type": "Feature", "geometry": {"type": "Point", "coordinates": [112.24041, -2.63802]}, "properties": {"species": "pongo_pygmaeus", "date_acq": "2026-07-05T550", "confidence": "n", "brightness": "331.8", "frp": "7.19", "daynight": "D"}}, {"type": "Feature", "geometry": {"type": "Point", "coordinates": [117.4543, 0.44536]}, "properties": {"species": "pongo_pygmaeus", "date_acq": "2026-07-05T553", "confidence": "n", "brightness": "335.26", "frp": "3.1", "daynight": "D"}}, {"type": "Feature", "geometry": {"type": "Point", "coordinates": [117.24128, 1.46942]}, "properties": {"species": "pongo_pygmaeus", "date_acq": "2026-07-05T553", "confidence": "n", "brightness": "333.55", "frp": "7.05", "daynight": "D"}}, {"type": "Feature", "geometry": {"type": "Point", "coordinates": [117.24082, 1.46973]}, "properties": {"species": "pongo_pygmaeus", "date_acq": "2026-07-05T553", "confidence": "n", "brightness": "331.61", "frp": "4.6", "daynight": "D"}}, {"type": "Feature", "geometry": {"type": "Point", "coordinates": [117.24493, 1.46998]}, "properties": {"species": "pongo_pygmaeus", "date_acq": "2026-07-05T553", "confidence": "n", "brightness": "335.61", "frp": "6.34", "daynight": "D"}}, {"type": "Feature", "geometry": {"type": "Point", "coordinates": [117.24448, 1.47028]}, "properties": {"species": "pongo_pygmaeus", "date_acq": "2026-07-05T553", "confidence": "n", "brightness": "339.29", "frp": "7.06", "daynight": "D"}}, {"type": "Feature", "geometry": {"type": "Point", "coordinates": [117.20581, 1.77131]}, "properties": {"species": "pongo_pygmaeus", "date_acq": "2026-07-05T553", "confidence": "n", "brightness": "336.72", "frp": "4.54", "daynight": "D"}}, {"type": "Feature", "geometry": {"type": "Point", "coordinates": [117.06644, 1.68115]}, "properties": {"species": "pongo_pygmaeus", "date_acq": "2026-07-05T1832", "confidence": "n", "brightness": "301.62", "frp": "1.59", "daynight": "N"}}, {"type": "Feature", "geometry": {"type": "Point", "coordinates": [117.45547, 0.28993]}, "properties": {"species": "pongo_pygmaeus", "date_acq": "2026-07-06T531", "confidence": "n", "brightness": "335.04", "frp": "28.84", "daynight": "D"}}, {"type": "Feature", "geometry": {"type": "Point", "coordinates": [117.45495, 0.29356]}, "properties": {"species": "pongo_pygmaeus", "date_acq": "2026-07-06T531", "confidence": "n", "brightness": "333.95", "frp": "5.34", "daynight": "D"}}, {"type": "Feature", "geometry": {"type": "Point", "coordinates": [117.21348, 0.48046]}, "properties": {"species": "pongo_pygmaeus", "date_acq": "2026-07-06T531", "confidence": "n", "brightness": "335.73", "frp": "5.19", "daynight": "D"}}, {"type": "Feature", "geometry": {"type": "Point", "coordinates": [117.21383, 0.48387]}, "properties": {"species": "pongo_pygmaeus", "date_acq": "2026-07-06T531", "confidence": "n", "brightness": "346.35", "frp": "10.74", "daynight": "D"}}, {"type": "Feature", "geometry": {"type": "Point", "coordinates": [117.21291, 0.48413]}, "properties": {"species": "pongo_pygmaeus", "date_acq": "2026-07-06T531", "confidence": "n", "brightness": "337.08", "frp": "5.19", "daynight": "D"}}, {"type": "Feature", "geometry": {"type": "Point", "coordinates": [117.20816, 0.55047]}, "properties": {"species": "pongo_pygmaeus", "date_acq": "2026-07-06T531", "confidence": "n", "brightness": "336.34", "frp": "5.36", "daynight": "D"}}, {"type": "Feature", "geometry": {"type": "Point", "coordinates": [117.19556, 0.58137]}, "properties": {"species": "pongo_pygmaeus", "date_acq": "2026-07-06T531", "confidence": "n", "brightness": "328.92", "frp": "3.04", "daynight": "D"}}, {"type": "Feature", "geometry": {"type": "Point", "coordinates": [117.24446, 1.31949]}, "properties": {"species": "pongo_pygmaeus", "date_acq": "2026-07-06T531", "confidence": "n", "brightness": "339.88", "frp": "13.1", "daynight": "D"}}, {"type": "Feature", "geometry": {"type": "Point", "coordinates": [117.24834, 1.40982]}, "properties": {"species": "pongo_pygmaeus", "date_acq": "2026-07-06T531", "confidence": "n", "brightness": "332.76", "frp": "6.87", "daynight": "D"}}, {"type": "Feature", "geometry": {"type": "Point", "coordinates": [115.08026, -2.18512]}, "properties": {"species": "pongo_pygmaeus", "date_acq": "2026-07-07T514", "confidence": "n", "brightness": "327.34", "frp": "1.93", "daynight": "D"}}, {"type": "Feature", "geometry": {"type": "Point", "coordinates": [117.25291, -0.00401]}, "properties": {"species": "pongo_pygmaeus", "date_acq": "2026-07-07T514", "confidence": "n", "brightness": "356.94", "frp": "13.38", "daynight": "D"}}, {"type": "Feature", "geometry": {"type": "Point", "coordinates": [117.25573, -0.00358]}, "properties": {"species": "pongo_pygmaeus", "date_acq": "2026-07-07T514", "confidence": "n", "brightness": "348.88", "frp": "14.05", "daynight": "D"}}, {"type": "Feature", "geometry": {"type": "Point", "coordinates": [114.39374, -1.51478]}, "properties": {"species": "pongo_pygmaeus", "date_acq": "2026-07-07T1754", "confidence": "n", "brightness": "301.71", "frp": "0.72", "daynight": "N"}}, {"type": "Feature", "geometry": {"type": "Point", "coordinates": [112.53214, -1.99193]}, "properties": {"species": "pongo_pygmaeus", "date_acq": "2026-07-08T633", "confidence": "n", "brightness": "330.99", "frp": "3.33", "daynight": "D"}}, {"type": "Feature", "geometry": {"type": "Point", "coordinates": [114.37185, -1.75521]}, "properties": {"species": "pongo_pygmaeus", "date_acq": "2026-07-08T633", "confidence": "n", "brightness": "331.86", "frp": "4.74", "daynight": "D"}}, {"type": "Feature", "geometry": {"type": "Point", "coordinates": [110.07055, -1.59689]}, "properties": {"species": "pongo_pygmaeus", "date_acq": "2026-07-08T633", "confidence": "n", "brightness": "354.73", "frp": "8.07", "daynight": "D"}}, {"type": "Feature", "geometry": {"type": "Point", "coordinates": [110.07401, -1.59633]}, "properties": {"species": "pongo_pygmaeus", "date_acq": "2026-07-08T633", "confidence": "n", "brightness": "348.15", "frp": "8.07", "daynight": "D"}}, {"type": "Feature", "geometry": {"type": "Point", "coordinates": [110.06995, -1.59287]}, "properties": {"species": "pongo_pygmaeus", "date_acq": "2026-07-08T633", "confidence": "h", "brightness": "367", "frp": "8.07", "daynight": "D"}}, {"type": "Feature", "geometry": {"type": "Point", "coordinates": [110.69901, -1.52642]}, "properties": {"species": "pongo_pygmaeus", "date_acq": "2026-07-08T633", "confidence": "n", "brightness": "343.09", "frp": "5.92", "daynight": "D"}}, {"type": "Feature", "geometry": {"type": "Point", "coordinates": [113.77196, -1.47588]}, "properties": {"species": "pongo_pygmaeus", "date_acq": "2026-07-08T633", "confidence": "n", "brightness": "329.83", "frp": "2.14", "daynight": "D"}}, {"type": "Feature", "geometry": {"type": "Point", "coordinates": [113.33942, -1.46874]}, "properties": {"species": "pongo_pygmaeus", "date_acq": "2026-07-08T633", "confidence": "n", "brightness": "336.1", "frp": "10.96", "daynight": "D"}}, {"type": "Feature", "geometry": {"type": "Point", "coordinates": [114.13833, -1.22466]}, "properties": {"species": "pongo_pygmaeus", "date_acq": "2026-07-08T633", "confidence": "n", "brightness": "350.93", "frp": "5.41", "daynight": "D"}}, {"type": "Feature", "geometry": {"type": "Point", "coordinates": [117.22665, 0.4909]}, "properties": {"species": "pongo_pygmaeus", "date_acq": "2026-07-08T635", "confidence": "n", "brightness": "329.67", "frp": "5.19", "daynight": "D"}}, {"type": "Feature", "geometry": {"type": "Point", "coordinates": [112.83717, -2.33507]}, "properties": {"species": "pongo_pygmaeus", "date_acq": "2026-07-08T1737", "confidence": "n", "brightness": "303.77", "frp": "4.19", "daynight": "N"}}, {"type": "Feature", "geometry": {"type": "Point", "coordinates": [110.06547, -1.59638]}, "properties": {"species": "pongo_pygmaeus", "date_acq": "2026-07-08T1737", "confidence": "n", "brightness": "312.57", "frp": "0.81", "daynight": "N"}}, {"type": "Feature", "geometry": {"type": "Point", "coordinates": [114.57959, -1.48201]}, "properties": {"species": "pongo_pygmaeus", "date_acq": "2026-07-08T1737", "confidence": "n", "brightness": "304.21", "frp": "0.52", "daynight": "N"}}, {"type": "Feature", "geometry": {"type": "Point", "coordinates": [113.3404, -1.47064]}, "properties": {"species": "pongo_pygmaeus", "date_acq": "2026-07-08T1737", "confidence": "n", "brightness": "310.25", "frp": "0.93", "daynight": "N"}}, {"type": "Feature", "geometry": {"type": "Point", "coordinates": [117.16354, 0.53691]}, "properties": {"species": "pongo_pygmaeus", "date_acq": "2026-07-08T1737", "confidence": "n", "brightness": "304.76", "frp": "0.63", "daynight": "N"}}, {"type": "Feature", "geometry": {"type": "Point", "coordinates": [111.31918, -2.63208]}, "properties": {"species": "pongo_pygmaeus", "date_acq": "2026-07-09T616", "confidence": "l", "brightness": "329.97", "frp": "3.02", "daynight": "D"}}, {"type": "Feature", "geometry": {"type": "Point", "coordinates": [111.62446, -2.50078]}, "properties": {"species": "pongo_pygmaeus", "date_acq": "2026-07-09T616", "confidence": "n", "brightness": "346.03", "frp": "11.4", "daynight": "D"}}, {"type": "Feature", "geometry": {"type": "Point", "coordinates": [111.13722, -2.09499]}, "properties": {"species": "pongo_pygmaeus", "date_acq": "2026-07-09T616", "confidence": "n", "brightness": "348.35", "frp": "21.32", "daynight": "D"}}, {"type": "Feature", "geometry": {"type": "Point", "coordinates": [111.29444, -2.03515]}, "properties": {"species": "pongo_pygmaeus", "date_acq": "2026-07-09T616", "confidence": "n", "brightness": "336.23", "frp": "2.45", "daynight": "D"}}, {"type": "Feature", "geometry": {"type": "Point", "coordinates": [110.9511, -2.01233]}, "properties": {"species": "pongo_pygmaeus", "date_acq": "2026-07-09T616", "confidence": "n", "brightness": "344.38", "frp": "8.05", "daynight": "D"}}, {"type": "Feature", "geometry": {"type": "Point", "coordinates": [111.20457, -1.9938]}, "properties": {"species": "pongo_pygmaeus", "date_acq": "2026-07-09T616", "confidence": "n", "brightness": "340.81", "frp": "4.42", "daynight": "D"}}, {"type": "Feature", "geometry": {"type": "Point", "coordinates": [111.80816, -1.83404]}, "properties": {"species": "pongo_pygmaeus", "date_acq": "2026-07-09T616", "confidence": "n", "brightness": "330.85", "frp": "5.06", "daynight": "D"}}, {"type": "Feature", "geometry": {"type": "Point", "coordinates": [111.30505, -1.82413]}, "properties": {"species": "pongo_pygmaeus", "date_acq": "2026-07-09T616", "confidence": "n", "brightness": "335.78", "frp": "9.64", "daynight": "D"}}, {"type": "Feature", "geometry": {"type": "Point", "coordinates": [111.29624, -1.81511]}, "properties": {"species": "pongo_pygmaeus", "date_acq": "2026-07-09T616", "confidence": "n", "brightness": "335.51", "frp": "3.66", "daynight": "D"}}, {"type": "Feature", "geometry": {"type": "Point", "coordinates": [113.44678, -1.70078]}, "properties": {"species": "pongo_pygmaeus", "date_acq": "2026-07-09T616", "confidence": "n", "brightness": "333.39", "frp": "3.37", "daynight": "D"}}, {"type": "Feature", "geometry": {"type": "Point", "coordinates": [111.39803, -1.66348]}, "properties": {"species": "pongo_pygmaeus", "date_acq": "2026-07-09T616", "confidence": "n", "brightness": "335.99", "frp": "13.8", "daynight": "D"}}, {"type": "Feature", "geometry": {"type": "Point", "coordinates": [113.85065, -1.60746]}, "properties": {"species": "pongo_pygmaeus", "date_acq": "2026-07-09T616", "confidence": "n", "brightness": "332.79", "frp": "4.6", "daynight": "D"}}, {"type": "Feature", "geometry": {"type": "Point", "coordinates": [110.07418, -1.59675]}, "properties": {"species": "pongo_pygmaeus", "date_acq": "2026-07-09T616", "confidence": "l", "brightness": "332.51", "frp": "3.87", "daynight": "D"}}, {"type": "Feature", "geometry": {"type": "Point", "coordinates": [110.07023, -1.59396]}, "properties": {"species": "pongo_pygmaeus", "date_acq": "2026-07-09T616", "confidence": "n", "brightness": "339.82", "frp": "9.32", "daynight": "D"}}, {"type": "Feature", "geometry": {"type": "Point", "coordinates": [110.07368, -1.59343]}, "properties": {"species": "pongo_pygmaeus", "date_acq": "2026-07-09T616", "confidence": "n", "brightness": "334.75", "frp": "3.87", "daynight": "D"}}, {"type": "Feature", "geometry": {"type": "Point", "coordinates": [110.82062, -1.57362]}, "properties": {"species": "pongo_pygmaeus", "date_acq": "2026-07-09T616", "confidence": "n", "brightness": "330.48", "frp": "1.8", "daynight": "D"}}, {"type": "Feature", "geometry": {"type": "Point", "coordinates": [116.10193, -1.39234]}, "properties": {"species": "pongo_pygmaeus", "date_acq": "2026-07-09T616", "confidence": "n", "brightness": "339.31", "frp": "7.25", "daynight": "D"}}, {"type": "Feature", "geometry": {"type": "Point", "coordinates": [116.10626, -1.39166]}, "properties": {"species": "pongo_pygmaeus", "date_acq": "2026-07-09T616", "confidence": "n", "brightness": "341.26", "frp": "10.56", "daynight": "D"}}, {"type": "Feature", "geometry": {"type": "Point", "coordinates": [114.14442, -1.20102]}, "properties": {"species": "pongo_pygmaeus", "date_acq": "2026-07-09T616", "confidence": "n", "brightness": "333.36", "frp": "3.02", "daynight": "D"}}, {"type": "Feature", "geometry": {"type": "Point", "coordinates": [112.74991, -1.12323]}, "properties": {"species": "pongo_pygmaeus", "date_acq": "2026-07-09T616", "confidence": "n", "brightness": "339.75", "frp": "7.02", "daynight": "D"}}, {"type": "Feature", "geometry": {"type": "Point", "coordinates": [117.21377, 0.48112]}, "properties": {"species": "pongo_pygmaeus", "date_acq": "2026-07-09T616", "confidence": "n", "brightness": "340.62", "frp": "4.86", "daynight": "D"}}, {"type": "Feature", "geometry": {"type": "Point", "coordinates": [117.21599, 0.48406]}, "properties": {"species": "pongo_pygmaeus", "date_acq": "2026-07-09T616", "confidence": "n", "brightness": "331.67", "frp": "10.83", "daynight": "D"}}, {"type": "Feature", "geometry": {"type": "Point", "coordinates": [117.2253, 0.49547]}, "properties": {"species": "pongo_pygmaeus", "date_acq": "2026-07-09T616", "confidence": "n", "brightness": "334.81", "frp": "5.09", "daynight": "D"}}, {"type": "Feature", "geometry": {"type": "Point", "coordinates": [117.23069, 0.4963]}, "properties": {"species": "pongo_pygmaeus", "date_acq": "2026-07-09T616", "confidence": "n", "brightness": "329.2", "frp": "5.88", "daynight": "D"}}, {"type": "Feature", "geometry": {"type": "Point", "coordinates": [117.43774, 0.50246]}, "properties": {"species": "pongo_pygmaeus", "date_acq": "2026-07-09T616", "confidence": "n", "brightness": "332.94", "frp": "5.06", "daynight": "D"}}, {"type": "Feature", "geometry": {"type": "Point", "coordinates": [117.22623, 0.58752]}, "properties": {"species": "pongo_pygmaeus", "date_acq": "2026-07-09T616", "confidence": "n", "brightness": "328.47", "frp": "2.73", "daynight": "D"}}, {"type": "Feature", "geometry": {"type": "Point", "coordinates": [111.57995, -2.43403]}, "properties": {"species": "pongo_pygmaeus", "date_acq": "2026-07-10T557", "confidence": "n", "brightness": "334.41", "frp": "10.87", "daynight": "D"}}, {"type": "Feature", "geometry": {"type": "Point", "coordinates": [111.22114, -1.87708]}, "properties": {"species": "pongo_pygmaeus", "date_acq": "2026-07-10T557", "confidence": "n", "brightness": "328.99", "frp": "1.98", "daynight": "D"}}, {"type": "Feature", "geometry": {"type": "Point", "coordinates": [110.07303, -1.59346]}, "properties": {"species": "pongo_pygmaeus", "date_acq": "2026-07-10T557", "confidence": "n", "brightness": "344.92", "frp": "7.62", "daynight": "D"}}, {"type": "Feature", "geometry": {"type": "Point", "coordinates": [110.07244, -1.58951]}, "properties": {"species": "pongo_pygmaeus", "date_acq": "2026-07-10T557", "confidence": "n", "brightness": "341.08", "frp": "7.62", "daynight": "D"}}, {"type": "Feature", "geometry": {"type": "Point", "coordinates": [110.10248, -1.34906]}, "properties": {"species": "pongo_pygmaeus", "date_acq": "2026-07-10T557", "confidence": "n", "brightness": "337.15", "frp": "12.72", "daynight": "D"}}, {"type": "Feature", "geometry": {"type": "Point", "coordinates": [110.10744, -1.3483]}, "properties": {"species": "pongo_pygmaeus", "date_acq": "2026-07-10T557", "confidence": "n", "brightness": "351.19", "frp": "35.99", "daynight": "D"}}, {"type": "Feature", "geometry": {"type": "Point", "coordinates": [110.09637, -1.34195]}, "properties": {"species": "pongo_pygmaeus", "date_acq": "2026-07-10T557", "confidence": "n", "brightness": "333.12", "frp": "37.65", "daynight": "D"}}, {"type": "Feature", "geometry": {"type": "Point", "coordinates": [110.10133, -1.34119]}, "properties": {"species": "pongo_pygmaeus", "date_acq": "2026-07-10T557", "confidence": "n", "brightness": "343.96", "frp": "37.65", "daynight": "D"}}, {"type": "Feature", "geometry": {"type": "Point", "coordinates": [110.08118, -1.30805]}, "properties": {"species": "pongo_pygmaeus", "date_acq": "2026-07-10T557", "confidence": "n", "brightness": "338.66", "frp": "7.2", "daynight": "D"}}, {"type": "Feature", "geometry": {"type": "Point", "coordinates": [110.08002, -1.30018]}, "properties": {"species": "pongo_pygmaeus", "date_acq": "2026-07-10T557", "confidence": "n", "brightness": "333.97", "frp": "11.36", "daynight": "D"}}, {"type": "Feature", "geometry": {"type": "Point", "coordinates": [114.21355, -1.27842]}, "properties": {"species": "pongo_pygmaeus", "date_acq": "2026-07-10T557", "confidence": "n", "brightness": "339.16", "frp": "4.13", "daynight": "D"}}, {"type": "Feature", "geometry": {"type": "Point", "coordinates": [113.99198, -1.04145]}, "properties": {"species": "pongo_pygmaeus", "date_acq": "2026-07-10T557", "confidence": "n", "brightness": "332.1", "frp": "4.67", "daynight": "D"}}, {"type": "Feature", "geometry": {"type": "Point", "coordinates": [110.05436, -0.61363]}, "properties": {"species": "pongo_pygmaeus", "date_acq": "2026-07-10T557", "confidence": "n", "brightness": "331.75", "frp": "6.59", "daynight": "D"}}, {"type": "Feature", "geometry": {"type": "Point", "coordinates": [117.44736, 0.28028]}, "properties": {"species": "pongo_pygmaeus", "date_acq": "2026-07-10T557", "confidence": "n", "brightness": "342.88", "frp": "6.52", "daynight": "D"}}, {"type": "Feature", "geometry": {"type": "Point", "coordinates": [117.19891, 0.51023]}, "properties": {"species": "pongo_pygmaeus", "date_acq": "2026-07-10T557", "confidence": "n", "brightness": "340.45", "frp": "43.97", "daynight": "D"}}, {"type": "Feature", "geometry": {"type": "Point", "coordinates": [117.25581, 0.52264]}, "properties": {"species": "pongo_pygmaeus", "date_acq": "2026-07-10T557", "confidence": "n", "brightness": "332.93", "frp": "2.63", "daynight": "D"}}, {"type": "Feature", "geometry": {"type": "Point", "coordinates": [117.19088, 0.59523]}, "properties": {"species": "pongo_pygmaeus", "date_acq": "2026-07-10T557", "confidence": "n", "brightness": "341.84", "frp": "9.41", "daynight": "D"}}, {"type": "Feature", "geometry": {"type": "Point", "coordinates": [117.19857, 0.60008]}, "properties": {"species": "pongo_pygmaeus", "date_acq": "2026-07-10T557", "confidence": "n", "brightness": "336.05", "frp": "4.44", "daynight": "D"}}, {"type": "Feature", "geometry": {"type": "Point", "coordinates": [117.19804, 0.60368]}, "properties": {"species": "pongo_pygmaeus", "date_acq": "2026-07-10T557", "confidence": "n", "brightness": "331.37", "frp": "4.44", "daynight": "D"}}, {"type": "Feature", "geometry": {"type": "Point", "coordinates": [117.09742, 0.60666]}, "properties": {"species": "pongo_pygmaeus", "date_acq": "2026-07-10T557", "confidence": "n", "brightness": "334.12", "frp": "5.38", "daynight": "D"}}, {"type": "Feature", "geometry": {"type": "Point", "coordinates": [117.10146, 0.60728]}, "properties": {"species": "pongo_pygmaeus", "date_acq": "2026-07-10T557", "confidence": "n", "brightness": "333.68", "frp": "5.38", "daynight": "D"}}, {"type": "Feature", "geometry": {"type": "Point", "coordinates": [112.31347, 0.73318]}, "properties": {"species": "pongo_pygmaeus", "date_acq": "2026-07-10T557", "confidence": "n", "brightness": "326.92", "frp": "1.93", "daynight": "D"}}, {"type": "Feature", "geometry": {"type": "Point", "coordinates": [111.04054, -1.80136]}, "properties": {"species": "pongo_pygmaeus", "date_acq": "2026-07-17T525", "confidence": "n", "brightness": "332.03", "frp": "4.28", "daynight": "D"}}, {"type": "Feature", "geometry": {"type": "Point", "coordinates": [110.16495, -1.72887]}, "properties": {"species": "pongo_pygmaeus", "date_acq": "2026-07-17T525", "confidence": "n", "brightness": "355.11", "frp": "8.1", "daynight": "D"}}, {"type": "Feature", "geometry": {"type": "Point", "coordinates": [110.17069, -1.728]}, "properties": {"species": "pongo_pygmaeus", "date_acq": "2026-07-17T525", "confidence": "n", "brightness": "327.01", "frp": "8.1", "daynight": "D"}}, {"type": "Feature", "geometry": {"type": "Point", "coordinates": [114.48249, -1.66439]}, "properties": {"species": "pongo_pygmaeus", "date_acq": "2026-07-17T525", "confidence": "n", "brightness": "338.49", "frp": "5.52", "daynight": "D"}}, {"type": "Feature", "geometry": {"type": "Point", "coordinates": [113.98499, -1.49043]}, "properties": {"species": "pongo_pygmaeus", "date_acq": "2026-07-17T525", "confidence": "h", "brightness": "367", "frp": "8.57", "daynight": "D"}}, {"type": "Feature", "geometry": {"type": "Point", "coordinates": [111.35644, -0.62938]}, "properties": {"species": "pongo_pygmaeus", "date_acq": "2026-07-17T525", "confidence": "n", "brightness": "328.75", "frp": "4.45", "daynight": "D"}}, {"type": "Feature", "geometry": {"type": "Point", "coordinates": [112.91222, 0.93224]}, "properties": {"species": "pongo_pygmaeus", "date_acq": "2026-07-17T525", "confidence": "n", "brightness": "329.98", "frp": "2.81", "daynight": "D"}}, {"type": "Feature", "geometry": {"type": "Point", "coordinates": [112.69249, 1.11671]}, "properties": {"species": "pongo_pygmaeus", "date_acq": "2026-07-17T525", "confidence": "h", "brightness": "367", "frp": "17.06", "daynight": "D"}}, {"type": "Feature", "geometry": {"type": "Point", "coordinates": [112.64478, 1.12589]}, "properties": {"species": "pongo_pygmaeus", "date_acq": "2026-07-17T525", "confidence": "n", "brightness": "346.21", "frp": "9.61", "daynight": "D"}}, {"type": "Feature", "geometry": {"type": "Point", "coordinates": [111.10537, -2.02677]}, "properties": {"species": "pongo_pygmaeus", "date_acq": "2026-07-17T705", "confidence": "n", "brightness": "328.51", "frp": "4.34", "daynight": "D"}}, {"type": "Feature", "geometry": {"type": "Point", "coordinates": [110.17561, -1.72728]}, "properties": {"species": "pongo_pygmaeus", "date_acq": "2026-07-17T705", "confidence": "n", "brightness": "336.98", "frp": "4.94", "daynight": "D"}}, {"type": "Feature", "geometry": {"type": "Point", "coordinates": [110.18168, -1.72627]}, "properties": {"species": "pongo_pygmaeus", "date_acq": "2026-07-17T705", "confidence": "n", "brightness": "340.47", "frp": "11.9", "daynight": "D"}}, {"type": "Feature", "geometry": {"type": "Point", "coordinates": [112.21291, -2.79052]}, "properties": {"species": "pongo_pygmaeus", "date_acq": "2026-07-17T1809", "confidence": "n", "brightness": "311.01", "frp": "0.92", "daynight": "N"}}, {"type": "Feature", "geometry": {"type": "Point", "coordinates": [111.16603, -2.08034]}, "properties": {"species": "pongo_pygmaeus", "date_acq": "2026-07-17T1809", "confidence": "n", "brightness": "305.38", "frp": "0.91", "daynight": "N"}}, {"type": "Feature", "geometry": {"type": "Point", "coordinates": [111.16656, -2.07702]}, "properties": {"species": "pongo_pygmaeus", "date_acq": "2026-07-17T1809", "confidence": "n", "brightness": "318.27", "frp": "1.59", "daynight": "N"}}, {"type": "Feature", "geometry": {"type": "Point", "coordinates": [110.08204, -1.30951]}, "properties": {"species": "pongo_pygmaeus", "date_acq": "2026-07-17T1809", "confidence": "n", "brightness": "311.73", "frp": "1.56", "daynight": "N"}}, {"type": "Feature", "geometry": {"type": "Point", "coordinates": [114.19103, -1.27843]}, "properties": {"species": "pongo_pygmaeus", "date_acq": "2026-07-17T1809", "confidence": "n", "brightness": "309.15", "frp": "1.18", "daynight": "N"}}, {"type": "Feature", "geometry": {"type": "Point", "coordinates": [110.05009, -0.52531]}, "properties": {"species": "pongo_pygmaeus", "date_acq": "2026-07-17T1809", "confidence": "n", "brightness": "305.64", "frp": "0.6", "daynight": "N"}}, {"type": "Feature", "geometry": {"type": "Point", "coordinates": [117.2208, 0.99647]}, "properties": {"species": "pongo_pygmaeus", "date_acq": "2026-07-18T508", "confidence": "n", "brightness": "330.36", "frp": "2.65", "daynight": "D"}}, {"type": "Feature", "geometry": {"type": "Point", "coordinates": [116.96101, 5.48236]}, "properties": {"species": "pongo_pygmaeus", "date_acq": "2026-07-18T510", "confidence": "n", "brightness": "335.2", "frp": "2.74", "daynight": "D"}}, {"type": "Feature", "geometry": {"type": "Point", "coordinates": [111.61952, -2.58872]}, "properties": {"species": "pongo_pygmaeus", "date_acq": "2026-07-18T648", "confidence": "n", "brightness": "331.72", "frp": "2.06", "daynight": "D"}}, {"type": "Feature", "geometry": {"type": "Point", "coordinates": [111.27022, -1.99966]}, "properties": {"species": "pongo_pygmaeus", "date_acq": "2026-07-18T648", "confidence": "n", "brightness": "330.47", "frp": "5.06", "daynight": "D"}}, {"type": "Feature", "geometry": {"type": "Point", "coordinates": [111.11836, -1.90901]}, "properties": {"species": "pongo_pygmaeus", "date_acq": "2026-07-18T648", "confidence": "n", "brightness": "347.45", "frp": "5.43", "daynight": "D"}}, {"type": "Feature", "geometry": {"type": "Point", "coordinates": [111.49505, -1.73638]}, "properties": {"species": "pongo_pygmaeus", "date_acq": "2026-07-18T648", "confidence": "n", "brightness": "337.88", "frp": "3.42", "daynight": "D"}}, {"type": "Feature", "geometry": {"type": "Point", "coordinates": [110.76614, -1.60593]}, "properties": {"species": "pongo_pygmaeus", "date_acq": "2026-07-18T648", "confidence": "n", "brightness": "343.42", "frp": "2.9", "daynight": "D"}}, {"type": "Feature", "geometry": {"type": "Point", "coordinates": [110.10085, -1.33507]}, "properties": {"species": "pongo_pygmaeus", "date_acq": "2026-07-18T648", "confidence": "n", "brightness": "330.27", "frp": "9.68", "daynight": "D"}}, {"type": "Feature", "geometry": {"type": "Point", "coordinates": [110.10175, -1.33438]}, "properties": {"species": "pongo_pygmaeus", "date_acq": "2026-07-18T648", "confidence": "n", "brightness": "342.02", "frp": "11.51", "daynight": "D"}}, {"type": "Feature", "geometry": {"type": "Point", "coordinates": [110.10656, -1.33418]}, "properties": {"species": "pongo_pygmaeus", "date_acq": "2026-07-18T648", "confidence": "n", "brightness": "346.36", "frp": "16.92", "daynight": "D"}}, {"type": "Feature", "geometry": {"type": "Point", "coordinates": [110.10745, -1.33345]}, "properties": {"species": "pongo_pygmaeus", "date_acq": "2026-07-18T648", "confidence": "n", "brightness": "343.03", "frp": "11.51", "daynight": "D"}}, {"type": "Feature", "geometry": {"type": "Point", "coordinates": [113.7587, -1.1165]}, "properties": {"species": "pongo_pygmaeus", "date_acq": "2026-07-18T648", "confidence": "n", "brightness": "339.7", "frp": "9.94", "daynight": "D"}}, {"type": "Feature", "geometry": {"type": "Point", "coordinates": [114.05962, -0.77002]}, "properties": {"species": "pongo_pygmaeus", "date_acq": "2026-07-18T648", "confidence": "n", "brightness": "340.61", "frp": "4.04", "daynight": "D"}}, {"type": "Feature", "geometry": {"type": "Point", "coordinates": [112.22845, -0.54747]}, "properties": {"species": "pongo_pygmaeus", "date_acq": "2026-07-18T648", "confidence": "n", "brightness": "328.16", "frp": "4.04", "daynight": "D"}}, {"type": "Feature", "geometry": {"type": "Point", "coordinates": [112.23224, -0.54688]}, "properties": {"species": "pongo_pygmaeus", "date_acq": "2026-07-18T648", "confidence": "n", "brightness": "327.82", "frp": "5.56", "daynight": "D"}}, {"type": "Feature", "geometry": {"type": "Point", "coordinates": [117.22034, 0.48752]}, "properties": {"species": "pongo_pygmaeus", "date_acq": "2026-07-18T1747", "confidence": "n", "brightness": "303.33", "frp": "0.41", "daynight": "N"}}, {"type": "Feature", "geometry": {"type": "Point", "coordinates": [117.20502, 0.54775]}, "properties": {"species": "pongo_pygmaeus", "date_acq": "2026-07-18T1747", "confidence": "n", "brightness": "302.61", "frp": "0.37", "daynight": "N"}}, {"type": "Feature", "geometry": {"type": "Point", "coordinates": [110.10398, -1.33009]}, "properties": {"species": "pongo_pygmaeus", "date_acq": "2026-07-18T1749", "confidence": "n", "brightness": "326.67", "frp": "3.28", "daynight": "N"}}, {"type": "Feature", "geometry": {"type": "Point", "coordinates": [110.09968, -1.32939]}, "properties": {"species": "pongo_pygmaeus", "date_acq": "2026-07-18T1749", "confidence": "n", "brightness": "319.53", "frp": "3.56", "daynight": "N"}}, {"type": "Feature", "geometry": {"type": "Point", "coordinates": [111.29282, -2.01924]}, "properties": {"species": "pongo_pygmaeus", "date_acq": "2026-07-19T629", "confidence": "n", "brightness": "334.03", "frp": "7.05", "daynight": "D"}}, {"type": "Feature", "geometry": {"type": "Point", "coordinates": [112.03397, -1.86652]}, "properties": {"species": "pongo_pygmaeus", "date_acq": "2026-07-19T629", "confidence": "n", "brightness": "341.47", "frp": "9.46", "daynight": "D"}}, {"type": "Feature", "geometry": {"type": "Point", "coordinates": [111.32779, -1.83755]}, "properties": {"species": "pongo_pygmaeus", "date_acq": "2026-07-19T629", "confidence": "n", "brightness": "332.32", "frp": "5.55", "daynight": "D"}}, {"type": "Feature", "geometry": {"type": "Point", "coordinates": [111.52626, -1.75125]}, "properties": {"species": "pongo_pygmaeus", "date_acq": "2026-07-19T629", "confidence": "n", "brightness": "345.29", "frp": "15.52", "daynight": "D"}}, {"type": "Feature", "geometry": {"type": "Point", "coordinates": [110.17358, -1.72659]}, "properties": {"species": "pongo_pygmaeus", "date_acq": "2026-07-19T629", "confidence": "n", "brightness": "331.37", "frp": "2.89", "daynight": "D"}}, {"type": "Feature", "geometry": {"type": "Point", "coordinates": [110.17245, -1.71925]}, "properties": {"species": "pongo_pygmaeus", "date_acq": "2026-07-19T629", "confidence": "n", "brightness": "337.24", "frp": "7.89", "daynight": "D"}}, {"type": "Feature", "geometry": {"type": "Point", "coordinates": [112.44151, -1.64652]}, "properties": {"species": "pongo_pygmaeus", "date_acq": "2026-07-19T629", "confidence": "n", "brightness": "329.25", "frp": "4.08", "daynight": "D"}}, {"type": "Feature", "geometry": {"type": "Point", "coordinates": [110.09535, -1.33317]}, "properties": {"species": "pongo_pygmaeus", "date_acq": "2026-07-19T629", "confidence": "l", "brightness": "330.58", "frp": "15.82", "daynight": "D"}}, {"type": "Feature", "geometry": {"type": "Point", "coordinates": [110.09963, -1.33251]}, "properties": {"species": "pongo_pygmaeus", "date_acq": "2026-07-19T629", "confidence": "n", "brightness": "348.17", "frp": "11.48", "daynight": "D"}}, {"type": "Feature", "geometry": {"type": "Point", "coordinates": [110.1039, -1.33185]}, "properties": {"species": "pongo_pygmaeus", "date_acq": "2026-07-19T629", "confidence": "n", "brightness": "348.06", "frp": "11.48", "daynight": "D"}}, {"type": "Feature", "geometry": {"type": "Point", "coordinates": [110.10818, -1.3312]}, "properties": {"species": "pongo_pygmaeus", "date_acq": "2026-07-19T629", "confidence": "n", "brightness": "333.7", "frp": "5.98", "daynight": "D"}}, {"type": "Feature", "geometry": {"type": "Point", "coordinates": [110.11246, -1.33054]}, "properties": {"species": "pongo_pygmaeus", "date_acq": "2026-07-19T629", "confidence": "n", "brightness": "336.19", "frp": "5.98", "daynight": "D"}}, {"type": "Feature", "geometry": {"type": "Point", "coordinates": [110.0948, -1.3295]}, "properties": {"species": "pongo_pygmaeus", "date_acq": "2026-07-19T629", "confidence": "n", "brightness": "340.87", "frp": "15.82", "daynight": "D"}}, {"type": "Feature", "geometry": {"type": "Point", "coordinates": [110.09907, -1.32884]}, "properties": {"species": "pongo_pygmaeus", "date_acq": "2026-07-19T629", "confidence": "n", "brightness": "334.17", "frp": "11.48", "daynight": "D"}}, {"type": "Feature", "geometry": {"type": "Point", "coordinates": [110.10334, -1.32818]}, "properties": {"species": "pongo_pygmaeus", "date_acq": "2026-07-19T629", "confidence": "n", "brightness": "351.65", "frp": "11.48", "daynight": "D"}}, {"type": "Feature", "geometry": {"type": "Point", "coordinates": [110.08292, -1.30878]}, "properties": {"species": "pongo_pygmaeus", "date_acq": "2026-07-19T629", "confidence": "n", "brightness": "336.25", "frp": "8.73", "daynight": "D"}}, {"type": "Feature", "geometry": {"type": "Point", "coordinates": [110.67444, -1.26735]}, "properties": {"species": "pongo_pygmaeus", "date_acq": "2026-07-19T629", "confidence": "n", "brightness": "336.51", "frp": "20.19", "daynight": "D"}}, {"type": "Feature", "geometry": {"type": "Point", "coordinates": [114.13744, -1.22987]}, "properties": {"species": "pongo_pygmaeus", "date_acq": "2026-07-19T629", "confidence": "n", "brightness": "336.58", "frp": "4", "daynight": "D"}}, {"type": "Feature", "geometry": {"type": "Point", "coordinates": [113.64081, -1.13101]}, "properties": {"species": "pongo_pygmaeus", "date_acq": "2026-07-19T629", "confidence": "n", "brightness": "354.54", "frp": "28.16", "daynight": "D"}}, {"type": "Feature", "geometry": {"type": "Point", "coordinates": [113.63905, -1.12995]}, "properties": {"species": "pongo_pygmaeus", "date_acq": "2026-07-19T629", "confidence": "n", "brightness": "329.26", "frp": "26.99", "daynight": "D"}}, {"type": "Feature", "geometry": {"type": "Point", "coordinates": [113.64011, -1.12638]}, "properties": {"species": "pongo_pygmaeus", "date_acq": "2026-07-19T629", "confidence": "n", "brightness": "354", "frp": "23.55", "daynight": "D"}}, {"type": "Feature", "geometry": {"type": "Point", "coordinates": [114.05128, -1.06303]}, "properties": {"species": "pongo_pygmaeus", "date_acq": "2026-07-19T629", "confidence": "n", "brightness": "345.49", "frp": "8.4", "daynight": "D"}}, {"type": "Feature", "geometry": {"type": "Point", "coordinates": [114.04763, -1.05854]}, "properties": {"species": "pongo_pygmaeus", "date_acq": "2026-07-19T629", "confidence": "n", "brightness": "332.82", "frp": "4.99", "daynight": "D"}}, {"type": "Feature", "geometry": {"type": "Point", "coordinates": [111.81505, -0.73617]}, "properties": {"species": "pongo_pygmaeus", "date_acq": "2026-07-19T629", "confidence": "n", "brightness": "343.41", "frp": "21.14", "daynight": "D"}}, {"type": "Feature", "geometry": {"type": "Point", "coordinates": [109.93024, -0.55424]}, "properties": {"species": "pongo_pygmaeus", "date_acq": "2026-07-19T631", "confidence": "n", "brightness": "342", "frp": "7.77", "daynight": "D"}}, {"type": "Feature", "geometry": {"type": "Point", "coordinates": [109.93451, -0.55358]}, "properties": {"species": "pongo_pygmaeus", "date_acq": "2026-07-19T631", "confidence": "n", "brightness": "331.87", "frp": "6.31", "daynight": "D"}}, {"type": "Feature", "geometry": {"type": "Point", "coordinates": [117.19363, 0.57278]}, "properties": {"species": "pongo_pygmaeus", "date_acq": "2026-07-19T631", "confidence": "h", "brightness": "367", "frp": "12.63", "daynight": "D"}}, {"type": "Feature", "geometry": {"type": "Point", "coordinates": [111.78683, 0.69571]}, "properties": {"species": "pongo_pygmaeus", "date_acq": "2026-07-19T631", "confidence": "n", "brightness": "343.85", "frp": "41.75", "daynight": "D"}}, {"type": "Feature", "geometry": {"type": "Point", "coordinates": [110.14867, -1.72006]}, "properties": {"species": "pongo_pygmaeus", "date_acq": "2026-07-19T1730", "confidence": "n", "brightness": "318.94", "frp": "2.31", "daynight": "N"}}, {"type": "Feature", "geometry": {"type": "Point", "coordinates": [112.5014, -1.5738]}, "properties": {"species": "pongo_pygmaeus", "date_acq": "2026-07-19T1730", "confidence": "n", "brightness": "300.22", "frp": "1.05", "daynight": "N"}}, {"type": "Feature", "geometry": {"type": "Point", "coordinates": [112.49835, -1.5733]}, "properties": {"species": "pongo_pygmaeus", "date_acq": "2026-07-19T1730", "confidence": "n", "brightness": "298.31", "frp": "1.05", "daynight": "N"}}, {"type": "Feature", "geometry": {"type": "Point", "coordinates": [112.50567, -1.56917]}, "properties": {"species": "pongo_pygmaeus", "date_acq": "2026-07-19T1730", "confidence": "n", "brightness": "313.78", "frp": "1.85", "daynight": "N"}}, {"type": "Feature", "geometry": {"type": "Point", "coordinates": [112.50259, -1.56867]}, "properties": {"species": "pongo_pygmaeus", "date_acq": "2026-07-19T1730", "confidence": "n", "brightness": "314.75", "frp": "1.05", "daynight": "N"}}, {"type": "Feature", "geometry": {"type": "Point", "coordinates": [112.49944, -1.56815]}, "properties": {"species": "pongo_pygmaeus", "date_acq": "2026-07-19T1730", "confidence": "n", "brightness": "318.36", "frp": "1.05", "daynight": "N"}}, {"type": "Feature", "geometry": {"type": "Point", "coordinates": [112.49628, -1.56763]}, "properties": {"species": "pongo_pygmaeus", "date_acq": "2026-07-19T1730", "confidence": "n", "brightness": "309.63", "frp": "2.28", "daynight": "N"}}, {"type": "Feature", "geometry": {"type": "Point", "coordinates": [112.50681, -1.56404]}, "properties": {"species": "pongo_pygmaeus", "date_acq": "2026-07-19T1730", "confidence": "n", "brightness": "303.16", "frp": "0.49", "daynight": "N"}}, {"type": "Feature", "geometry": {"type": "Point", "coordinates": [112.50382, -1.56355]}, "properties": {"species": "pongo_pygmaeus", "date_acq": "2026-07-19T1730", "confidence": "n", "brightness": "302.08", "frp": "0.48", "daynight": "N"}}, {"type": "Feature", "geometry": {"type": "Point", "coordinates": [112.50056, -1.56301]}, "properties": {"species": "pongo_pygmaeus", "date_acq": "2026-07-19T1730", "confidence": "n", "brightness": "299.34", "frp": "0.48", "daynight": "N"}}, {"type": "Feature", "geometry": {"type": "Point", "coordinates": [112.49728, -1.56247]}, "properties": {"species": "pongo_pygmaeus", "date_acq": "2026-07-19T1730", "confidence": "n", "brightness": "295.31", "frp": "0.37", "daynight": "N"}}, {"type": "Feature", "geometry": {"type": "Point", "coordinates": [114.39441, -1.51782]}, "properties": {"species": "pongo_pygmaeus", "date_acq": "2026-07-19T1730", "confidence": "n", "brightness": "303.08", "frp": "0.5", "daynight": "N"}}, {"type": "Feature", "geometry": {"type": "Point", "coordinates": [114.34335, -1.40654]}, "properties": {"species": "pongo_pygmaeus", "date_acq": "2026-07-19T1730", "confidence": "n", "brightness": "303.98", "frp": "0.49", "daynight": "N"}}, {"type": "Feature", "geometry": {"type": "Point", "coordinates": [114.4374, -1.40273]}, "properties": {"species": "pongo_pygmaeus", "date_acq": "2026-07-19T1730", "confidence": "n", "brightness": "307.72", "frp": "0.83", "daynight": "N"}}, {"type": "Feature", "geometry": {"type": "Point", "coordinates": [110.09486, -1.33512]}, "properties": {"species": "pongo_pygmaeus", "date_acq": "2026-07-19T1730", "confidence": "n", "brightness": "305.72", "frp": "1.05", "daynight": "N"}}, {"type": "Feature", "geometry": {"type": "Point", "coordinates": [110.09267, -1.33431]}, "properties": {"species": "pongo_pygmaeus", "date_acq": "2026-07-19T1730", "confidence": "n", "brightness": "305.64", "frp": "2.47", "daynight": "N"}}, {"type": "Feature", "geometry": {"type": "Point", "coordinates": [110.10302, -1.32973]}, "properties": {"species": "pongo_pygmaeus", "date_acq": "2026-07-19T1730", "confidence": "n", "brightness": "309.02", "frp": "1.5", "daynight": "N"}}, {"type": "Feature", "geometry": {"type": "Point", "coordinates": [110.0984, -1.32898]}, "properties": {"species": "pongo_pygmaeus", "date_acq": "2026-07-19T1730", "confidence": "n", "brightness": "313.03", "frp": "2.47", "daynight": "N"}}, {"type": "Feature", "geometry": {"type": "Point", "coordinates": [110.09375, -1.32822]}, "properties": {"species": "pongo_pygmaeus", "date_acq": "2026-07-19T1730", "confidence": "n", "brightness": "324.83", "frp": "2.47", "daynight": "N"}}, {"type": "Feature", "geometry": {"type": "Point", "coordinates": [114.04877, -1.05878]}, "properties": {"species": "pongo_pygmaeus", "date_acq": "2026-07-19T1730", "confidence": "n", "brightness": "303.44", "frp": "0.8", "daynight": "N"}}, {"type": "Feature", "geometry": {"type": "Point", "coordinates": [111.5283, -2.86528]}, "properties": {"species": "pongo_pygmaeus", "date_acq": "2026-07-20T610", "confidence": "n", "brightness": "338.12", "frp": "3.57", "daynight": "D"}}, {"type": "Feature", "geometry": {"type": "Point", "coordinates": [110.21477, -2.05161]}, "properties": {"species": "pongo_pygmaeus", "date_acq": "2026-07-20T610", "confidence": "n", "brightness": "343.83", "frp": "33.72", "daynight": "D"}}, {"type": "Feature", "geometry": {"type": "Point", "coordinates": [110.22506, -2.04658]}, "properties": {"species": "pongo_pygmaeus", "date_acq": "2026-07-20T610", "confidence": "n", "brightness": "338.88", "frp": "3.35", "daynight": "D"}}, {"type": "Feature", "geometry": {"type": "Point", "coordinates": [111.15012, -1.97065]}, "properties": {"species": "pongo_pygmaeus", "date_acq": "2026-07-20T610", "confidence": "n", "brightness": "331.83", "frp": "4.63", "daynight": "D"}}, {"type": "Feature", "geometry": {"type": "Point", "coordinates": [111.92745, -1.93939]}, "properties": {"species": "pongo_pygmaeus", "date_acq": "2026-07-20T610", "confidence": "n", "brightness": "332.55", "frp": "1.61", "daynight": "D"}}, {"type": "Feature", "geometry": {"type": "Point", "coordinates": [111.26527, -1.88833]}, "properties": {"species": "pongo_pygmaeus", "date_acq": "2026-07-20T610", "confidence": "n", "brightness": "333.72", "frp": "3.45", "daynight": "D"}}, {"type": "Feature", "geometry": {"type": "Point", "coordinates": [111.27119, -1.88062]}, "properties": {"species": "pongo_pygmaeus", "date_acq": "2026-07-20T610", "confidence": "n", "brightness": "334.88", "frp": "5.09", "daynight": "D"}}, {"type": "Feature", "geometry": {"type": "Point", "coordinates": [111.27811, -1.87956]}, "properties": {"species": "pongo_pygmaeus", "date_acq": "2026-07-20T610", "confidence": "n", "brightness": "332.68", "frp": "3.3", "daynight": "D"}}, {"type": "Feature", "geometry": {"type": "Point", "coordinates": [111.28157, -1.87903]}, "properties": {"species": "pongo_pygmaeus", "date_acq": "2026-07-20T610", "confidence": "n", "brightness": "333.86", "frp": "3.3", "daynight": "D"}}, {"type": "Feature", "geometry": {"type": "Point", "coordinates": [111.2702, -1.87396]}, "properties": {"species": "pongo_pygmaeus", "date_acq": "2026-07-20T610", "confidence": "n", "brightness": "338.11", "frp": "4.92", "daynight": "D"}}, {"type": "Feature", "geometry": {"type": "Point", "coordinates": [112.02752, -1.83313]}, "properties": {"species": "pongo_pygmaeus", "date_acq": "2026-07-20T610", "confidence": "n", "brightness": "335.83", "frp": "5.62", "daynight": "D"}}, {"type": "Feature", "geometry": {"type": "Point", "coordinates": [111.59805, -1.77679]}, "properties": {"species": "pongo_pygmaeus", "date_acq": "2026-07-20T610", "confidence": "n", "brightness": "340.46", "frp": "5.47", "daynight": "D"}}, {"type": "Feature", "geometry": {"type": "Point", "coordinates": [111.59754, -1.77346]}, "properties": {"species": "pongo_pygmaeus", "date_acq": "2026-07-20T610", "confidence": "l", "brightness": "340.96", "frp": "69.36", "daynight": "D"}}, {"type": "Feature", "geometry": {"type": "Point", "coordinates": [110.21905, -1.74377]}, "properties": {"species": "pongo_pygmaeus", "date_acq": "2026-07-20T610", "confidence": "n", "brightness": "332.66", "frp": "2.56", "daynight": "D"}}, {"type": "Feature", "geometry": {"type": "Point", "coordinates": [110.14936, -1.71972]}, "properties": {"species": "pongo_pygmaeus", "date_acq": "2026-07-20T610", "confidence": "n", "brightness": "356.14", "frp": "26.9", "daynight": "D"}}, {"type": "Feature", "geometry": {"type": "Point", "coordinates": [110.15296, -1.71918]}, "properties": {"species": "pongo_pygmaeus", "date_acq": "2026-07-20T610", "confidence": "n", "brightness": "349.39", "frp": "12.22", "daynight": "D"}}, {"type": "Feature", "geometry": {"type": "Point", "coordinates": [110.13446, -1.71851]}, "properties": {"species": "pongo_pygmaeus", "date_acq": "2026-07-20T610", "confidence": "n", "brightness": "347.32", "frp": "8.38", "daynight": "D"}}, {"type": "Feature", "geometry": {"type": "Point", "coordinates": [110.13806, -1.71797]}, "properties": {"species": "pongo_pygmaeus", "date_acq": "2026-07-20T610", "confidence": "n", "brightness": "331.24", "frp": "2.9", "daynight": "D"}}, {"type": "Feature", "geometry": {"type": "Point", "coordinates": [113.47225, -1.64343]}, "properties": {"species": "pongo_pygmaeus", "date_acq": "2026-07-20T610", "confidence": "n", "brightness": "332.35", "frp": "1.22", "daynight": "D"}}, {"type": "Feature", "geometry": {"type": "Point", "coordinates": [112.44479, -1.59944]}, "properties": {"species": "pongo_pygmaeus", "date_acq": "2026-07-20T610", "confidence": "n", "brightness": "334.49", "frp": "4.55", "daynight": "D"}}, {"type": "Feature", "geometry": {"type": "Point", "coordinates": [110.78146, -1.59453]}, "properties": {"species": "pongo_pygmaeus", "date_acq": "2026-07-20T610", "confidence": "n", "brightness": "336.52", "frp": "2.95", "daynight": "D"}}, {"type": "Feature", "geometry": {"type": "Point", "coordinates": [112.509, -1.57242]}, "properties": {"species": "pongo_pygmaeus", "date_acq": "2026-07-20T610", "confidence": "n", "brightness": "333.61", "frp": "10.48", "daynight": "D"}}, {"type": "Feature", "geometry": {"type": "Point", "coordinates": [112.50495, -1.56961]}, "properties": {"species": "pongo_pygmaeus", "date_acq": "2026-07-20T610", "confidence": "n", "brightness": "332.78", "frp": "3.05", "daynight": "D"}}, {"type": "Feature", "geometry": {"type": "Point", "coordinates": [112.50848, -1.56906]}, "properties": {"species": "pongo_pygmaeus", "date_acq": "2026-07-20T610", "confidence": "n", "brightness": "349.57", "frp": "10.48", "daynight": "D"}}, {"type": "Feature", "geometry": {"type": "Point", "coordinates": [112.50794, -1.56571]}, "properties": {"species": "pongo_pygmaeus", "date_acq": "2026-07-20T610", "confidence": "n", "brightness": "334.37", "frp": "3.09", "daynight": "D"}}, {"type": "Feature", "geometry": {"type": "Point", "coordinates": [110.79787, -1.56124]}, "properties": {"species": "pongo_pygmaeus", "date_acq": "2026-07-20T610", "confidence": "n", "brightness": "334.17", "frp": "2.91", "daynight": "D"}}, {"type": "Feature", "geometry": {"type": "Point", "coordinates": [110.82581, -1.55698]}, "properties": {"species": "pongo_pygmaeus", "date_acq": "2026-07-20T610", "confidence": "n", "brightness": "348.53", "frp": "8.91", "daynight": "D"}}, {"type": "Feature", "geometry": {"type": "Point", "coordinates": [113.34328, -1.46813]}, "properties": {"species": "pongo_pygmaeus", "date_acq": "2026-07-20T610", "confidence": "n", "brightness": "335.58", "frp": "7.48", "daynight": "D"}}, {"type": "Feature", "geometry": {"type": "Point", "coordinates": [114.43633, -1.4038]}, "properties": {"species": "pongo_pygmaeus", "date_acq": "2026-07-20T610", "confidence": "n", "brightness": "332.36", "frp": "15.76", "daynight": "D"}}, {"type": "Feature", "geometry": {"type": "Point", "coordinates": [114.44038, -1.40317]}, "properties": {"species": "pongo_pygmaeus", "date_acq": "2026-07-20T610", "confidence": "n", "brightness": "342.77", "frp": "15.76", "daynight": "D"}}, {"type": "Feature", "geometry": {"type": "Point", "coordinates": [110.09721, -1.33339]}, "properties": {"species": "pongo_pygmaeus", "date_acq": "2026-07-20T610", "confidence": "n", "brightness": "348.65", "frp": "10.7", "daynight": "D"}}, {"type": "Feature", "geometry": {"type": "Point", "coordinates": [110.10796, -1.33175]}, "properties": {"species": "pongo_pygmaeus", "date_acq": "2026-07-20T610", "confidence": "n", "brightness": "336.56", "frp": "15.3", "daynight": "D"}}, {"type": "Feature", "geometry": {"type": "Point", "coordinates": [110.11156, -1.3312]}, "properties": {"species": "pongo_pygmaeus", "date_acq": "2026-07-20T610", "confidence": "n", "brightness": "340.4", "frp": "15.3", "daynight": "D"}}, {"type": "Feature", "geometry": {"type": "Point", "coordinates": [110.09311, -1.33055]}, "properties": {"species": "pongo_pygmaeus", "date_acq": "2026-07-20T610", "confidence": "h", "brightness": "367", "frp": "10.7", "daynight": "D"}}, {"type": "Feature", "geometry": {"type": "Point", "coordinates": [110.0967, -1.33001]}, "properties": {"species": "pongo_pygmaeus", "date_acq": "2026-07-20T610", "confidence": "n", "brightness": "341.64", "frp": "10.7", "daynight": "D"}}, {"type": "Feature", "geometry": {"type": "Point", "coordinates": [110.10387, -1.32891]}, "properties": {"species": "pongo_pygmaeus", "date_acq": "2026-07-20T610", "confidence": "n", "brightness": "337.21", "frp": "10.11", "daynight": "D"}}, {"type": "Feature", "geometry": {"type": "Point", "coordinates": [110.089, -1.32772]}, "properties": {"species": "pongo_pygmaeus", "date_acq": "2026-07-20T610", "confidence": "n", "brightness": "332.12", "frp": "2.4", "daynight": "D"}}, {"type": "Feature", "geometry": {"type": "Point", "coordinates": [110.0926, -1.32717]}, "properties": {"species": "pongo_pygmaeus", "date_acq": "2026-07-20T610", "confidence": "n", "brightness": "337.24", "frp": "5.75", "daynight": "D"}}, {"type": "Feature", "geometry": {"type": "Point", "coordinates": [110.08849, -1.32433]}, "properties": {"species": "pongo_pygmaeus", "date_acq": "2026-07-20T610", "confidence": "n", "brightness": "341.05", "frp": "2.4", "daynight": "D"}}, {"type": "Feature", "geometry": {"type": "Point", "coordinates": [113.19131, -1.21989]}, "properties": {"species": "pongo_pygmaeus", "date_acq": "2026-07-20T610", "confidence": "n", "brightness": "330.3", "frp": "2.99", "daynight": "D"}}, {"type": "Feature", "geometry": {"type": "Point", "coordinates": [114.52494, -1.11759]}, "properties": {"species": "pongo_pygmaeus", "date_acq": "2026-07-20T610", "confidence": "n", "brightness": "335.65", "frp": "94.41", "daynight": "D"}}, {"type": "Feature", "geometry": {"type": "Point", "coordinates": [111.74757, -0.81743]}, "properties": {"species": "pongo_pygmaeus", "date_acq": "2026-07-20T610", "confidence": "n", "brightness": "345.79", "frp": "32.13", "daynight": "D"}}, {"type": "Feature", "geometry": {"type": "Point", "coordinates": [112.23345, -0.66579]}, "properties": {"species": "pongo_pygmaeus", "date_acq": "2026-07-20T610", "confidence": "n", "brightness": "338.63", "frp": "6.48", "daynight": "D"}}, {"type": "Feature", "geometry": {"type": "Point", "coordinates": [111.63657, -0.51688]}, "properties": {"species": "pongo_pygmaeus", "date_acq": "2026-07-20T610", "confidence": "n", "brightness": "339.54", "frp": "3.55", "daynight": "D"}}, {"type": "Feature", "geometry": {"type": "Point", "coordinates": [117.20434, 0.53592]}, "properties": {"species": "pongo_pygmaeus", "date_acq": "2026-07-20T610", "confidence": "n", "brightness": "340.66", "frp": "10.73", "daynight": "D"}}, {"type": "Feature", "geometry": {"type": "Point", "coordinates": [110.18658, -1.75773]}, "properties": {"species": "pongo_pygmaeus", "date_acq": "2026-07-20T1851", "confidence": "n", "brightness": "305.28", "frp": "1.09", "daynight": "N"}}, {"type": "Feature", "geometry": {"type": "Point", "coordinates": [110.18291, -1.75717]}, "properties": {"species": "pongo_pygmaeus", "date_acq": "2026-07-20T1851", "confidence": "n", "brightness": "308.74", "frp": "1.09", "daynight": "N"}}, {"type": "Feature", "geometry": {"type": "Point", "coordinates": [110.13572, -1.7167]}, "properties": {"species": "pongo_pygmaeus", "date_acq": "2026-07-20T1851", "confidence": "n", "brightness": "308.69", "frp": "0.93", "daynight": "N"}}, {"type": "Feature", "geometry": {"type": "Point", "coordinates": [110.13667, -1.71601]}, "properties": {"species": "pongo_pygmaeus", "date_acq": "2026-07-20T1851", "confidence": "n", "brightness": "304.68", "frp": "0.73", "daynight": "N"}}, {"type": "Feature", "geometry": {"type": "Point", "coordinates": [110.18501, -1.71307]}, "properties": {"species": "pongo_pygmaeus", "date_acq": "2026-07-20T1851", "confidence": "n", "brightness": "313.39", "frp": "1.12", "daynight": "N"}}, {"type": "Feature", "geometry": {"type": "Point", "coordinates": [110.18606, -1.71202]}, "properties": {"species": "pongo_pygmaeus", "date_acq": "2026-07-20T1851", "confidence": "n", "brightness": "309.03", "frp": "1.51", "daynight": "N"}}, {"type": "Feature", "geometry": {"type": "Point", "coordinates": [110.73909, -1.57489]}, "properties": {"species": "pongo_pygmaeus", "date_acq": "2026-07-20T1851", "confidence": "n", "brightness": "304.63", "frp": "0.63", "daynight": "N"}}, {"type": "Feature", "geometry": {"type": "Point", "coordinates": [111.55141, -2.49669]}, "properties": {"species": "pongo_pygmaeus", "date_acq": "2026-07-21T553", "confidence": "n", "brightness": "339.86", "frp": "3.46", "daynight": "D"}}, {"type": "Feature", "geometry": {"type": "Point", "coordinates": [111.92957, -1.94245]}, "properties": {"species": "pongo_pygmaeus", "date_acq": "2026-07-21T553", "confidence": "n", "brightness": "330.95", "frp": "4.14", "daynight": "D"}}, {"type": "Feature", "geometry": {"type": "Point", "coordinates": [111.27689, -1.86388]}, "properties": {"species": "pongo_pygmaeus", "date_acq": "2026-07-21T553", "confidence": "n", "brightness": "336.92", "frp": "4.03", "daynight": "D"}}, {"type": "Feature", "geometry": {"type": "Point", "coordinates": [111.5368, -1.74615]}, "properties": {"species": "pongo_pygmaeus", "date_acq": "2026-07-21T553", "confidence": "n", "brightness": "331.37", "frp": "5.11", "daynight": "D"}}, {"type": "Feature", "geometry": {"type": "Point", "coordinates": [111.54195, -1.74538]}, "properties": {"species": "pongo_pygmaeus", "date_acq": "2026-07-21T553", "confidence": "n", "brightness": "333", "frp": "4.63", "daynight": "D"}}, {"type": "Feature", "geometry": {"type": "Point", "coordinates": [111.34613, -1.85113]}, "properties": {"species": "pongo_pygmaeus", "date_acq": "2026-07-21T1832", "confidence": "n", "brightness": "303.14", "frp": "1.6", "daynight": "N"}}, {"type": "Feature", "geometry": {"type": "Point", "coordinates": [111.61693, -2.74657]}, "properties": {"species": "pongo_pygmaeus", "date_acq": "2026-07-22T531", "confidence": "n", "brightness": "327.2", "frp": "2.97", "daynight": "D"}}, {"type": "Feature", "geometry": {"type": "Point", "coordinates": [112.83332, -2.58137]}, "properties": {"species": "pongo_pygmaeus", "date_acq": "2026-07-22T531", "confidence": "l", "brightness": "356.96", "frp": "5.83", "daynight": "D"}}, {"type": "Feature", "geometry": {"type": "Point", "coordinates": [112.83632, -2.58093]}, "properties": {"species": "pongo_pygmaeus", "date_acq": "2026-07-22T531", "confidence": "n", "brightness": "340.62", "frp": "5.83", "daynight": "D"}}, {"type": "Feature", "geometry": {"type": "Point", "coordinates": [111.54293, -1.74295]}, "properties": {"species": "pongo_pygmaeus", "date_acq": "2026-07-22T531", "confidence": "n", "brightness": "357.88", "frp": "8.43", "daynight": "D"}}, {"type": "Feature", "geometry": {"type": "Point", "coordinates": [114.09477, -1.74145]}, "properties": {"species": "pongo_pygmaeus", "date_acq": "2026-07-22T531", "confidence": "n", "brightness": "339.27", "frp": "8.28", "daynight": "D"}}, {"type": "Feature", "geometry": {"type": "Point", "coordinates": [110.07891, -1.31311]}, "properties": {"species": "pongo_pygmaeus", "date_acq": "2026-07-22T531", "confidence": "n", "brightness": "332.52", "frp": "5.69", "daynight": "D"}}, {"type": "Feature", "geometry": {"type": "Point", "coordinates": [113.39116, -1.28903]}, "properties": {"species": "pongo_pygmaeus", "date_acq": "2026-07-22T531", "confidence": "n", "brightness": "334.76", "frp": "7.47", "daynight": "D"}}, {"type": "Feature", "geometry": {"type": "Point", "coordinates": [113.39053, -1.28418]}, "properties": {"species": "pongo_pygmaeus", "date_acq": "2026-07-22T531", "confidence": "n", "brightness": "336.49", "frp": "5.96", "daynight": "D"}}, {"type": "Feature", "geometry": {"type": "Point", "coordinates": [113.63715, -1.17325]}, "properties": {"species": "pongo_pygmaeus", "date_acq": "2026-07-22T531", "confidence": "n", "brightness": "329.08", "frp": "3.61", "daynight": "D"}}, {"type": "Feature", "geometry": {"type": "Point", "coordinates": [114.02911, -0.79775]}, "properties": {"species": "pongo_pygmaeus", "date_acq": "2026-07-22T531", "confidence": "n", "brightness": "337.77", "frp": "6.4", "daynight": "D"}}, {"type": "Feature", "geometry": {"type": "Point", "coordinates": [110.99815, -0.79381]}, "properties": {"species": "pongo_pygmaeus", "date_acq": "2026-07-22T531", "confidence": "n", "brightness": "354.77", "frp": "9.36", "daynight": "D"}}, {"type": "Feature", "geometry": {"type": "Point", "coordinates": [113.26782, -0.5573]}, "properties": {"species": "pongo_pygmaeus", "date_acq": "2026-07-22T531", "confidence": "n", "brightness": "339.25", "frp": "9.14", "daynight": "D"}}, {"type": "Feature", "geometry": {"type": "Point", "coordinates": [111.92827, -1.9413]}, "properties": {"species": "pongo_pygmaeus", "date_acq": "2026-07-22T1813", "confidence": "n", "brightness": "298.27", "frp": "0.87", "daynight": "N"}}, {"type": "Feature", "geometry": {"type": "Point", "coordinates": [111.92453, -1.9407]}, "properties": {"species": "pongo_pygmaeus", "date_acq": "2026-07-22T1813", "confidence": "n", "brightness": "299.08", "frp": "0.96", "daynight": "N"}}, {"type": "Feature", "geometry": {"type": "Point", "coordinates": [110.19054, -1.71311]}, "properties": {"species": "pongo_pygmaeus", "date_acq": "2026-07-22T1813", "confidence": "n", "brightness": "320.36", "frp": "1.75", "daynight": "N"}}, {"type": "Feature", "geometry": {"type": "Point", "coordinates": [110.64236, -1.65219]}, "properties": {"species": "pongo_pygmaeus", "date_acq": "2026-07-22T1813", "confidence": "n", "brightness": "305.84", "frp": "0.79", "daynight": "N"}}, {"type": "Feature", "geometry": {"type": "Point", "coordinates": [110.09205, -1.33229]}, "properties": {"species": "pongo_pygmaeus", "date_acq": "2026-07-22T1813", "confidence": "n", "brightness": "302.27", "frp": "0.81", "daynight": "N"}}, {"type": "Feature", "geometry": {"type": "Point", "coordinates": [111.74704, -0.85855]}, "properties": {"species": "pongo_pygmaeus", "date_acq": "2026-07-23T514", "confidence": "n", "brightness": "353.75", "frp": "11.8", "daynight": "D"}}, {"type": "Feature", "geometry": {"type": "Point", "coordinates": [111.14862, -2.01545]}, "properties": {"species": "pongo_pygmaeus", "date_acq": "2026-07-23T654", "confidence": "n", "brightness": "337.79", "frp": "52.45", "daynight": "D"}}, {"type": "Feature", "geometry": {"type": "Point", "coordinates": [111.15292, -2.01476]}, "properties": {"species": "pongo_pygmaeus", "date_acq": "2026-07-23T654", "confidence": "h", "brightness": "367", "frp": "52.45", "daynight": "D"}}, {"type": "Feature", "geometry": {"type": "Point", "coordinates": [111.1572, -2.01407]}, "properties": {"species": "pongo_pygmaeus", "date_acq": "2026-07-23T654", "confidence": "n", "brightness": "329.89", "frp": "39.02", "daynight": "D"}}, {"type": "Feature", "geometry": {"type": "Point", "coordinates": [111.15434, -2.01197]}, "properties": {"species": "pongo_pygmaeus", "date_acq": "2026-07-23T654", "confidence": "h", "brightness": "367", "frp": "73.46", "daynight": "D"}}, {"type": "Feature", "geometry": {"type": "Point", "coordinates": [111.15186, -2.00886]}, "properties": {"species": "pongo_pygmaeus", "date_acq": "2026-07-23T654", "confidence": "n", "brightness": "333.46", "frp": "5.43", "daynight": "D"}}, {"type": "Feature", "geometry": {"type": "Point", "coordinates": [111.54868, -1.7763]}, "properties": {"species": "pongo_pygmaeus", "date_acq": "2026-07-23T654", "confidence": "n", "brightness": "331.6", "frp": "5.09", "daynight": "D"}}, {"type": "Feature", "geometry": {"type": "Point", "coordinates": [112.00353, -1.77198]}, "properties": {"species": "pongo_pygmaeus", "date_acq": "2026-07-23T654", "confidence": "n", "brightness": "337.05", "frp": "5.35", "daynight": "D"}}, {"type": "Feature", "geometry": {"type": "Point", "coordinates": [112.00249, -1.76898]}, "properties": {"species": "pongo_pygmaeus", "date_acq": "2026-07-23T654", "confidence": "n", "brightness": "328.75", "frp": "4.46", "daynight": "D"}}, {"type": "Feature", "geometry": {"type": "Point", "coordinates": [110.19222, -1.71215]}, "properties": {"species": "pongo_pygmaeus", "date_acq": "2026-07-23T654", "confidence": "n", "brightness": "328.72", "frp": "2.75", "daynight": "D"}}, {"type": "Feature", "geometry": {"type": "Point", "coordinates": [113.26031, -1.58483]}, "properties": {"species": "pongo_pygmaeus", "date_acq": "2026-07-23T654", "confidence": "n", "brightness": "346.44", "frp": "10.08", "daynight": "D"}}, {"type": "Feature", "geometry": {"type": "Point", "coordinates": [110.15872, -1.31916]}, "properties": {"species": "pongo_pygmaeus", "date_acq": "2026-07-23T654", "confidence": "n", "brightness": "335.29", "frp": "13.79", "daynight": "D"}}, {"type": "Feature", "geometry": {"type": "Point", "coordinates": [113.18399, -1.24503]}, "properties": {"species": "pongo_pygmaeus", "date_acq": "2026-07-23T654", "confidence": "n", "brightness": "325.34", "frp": "8.14", "daynight": "D"}}, {"type": "Feature", "geometry": {"type": "Point", "coordinates": [113.18205, -1.24327]}, "properties": {"species": "pongo_pygmaeus", "date_acq": "2026-07-23T654", "confidence": "n", "brightness": "328.47", "frp": "4.79", "daynight": "D"}}, {"type": "Feature", "geometry": {"type": "Point", "coordinates": [113.18826, -1.23039]}, "properties": {"species": "pongo_pygmaeus", "date_acq": "2026-07-23T654", "confidence": "n", "brightness": "327.38", "frp": "4.65", "daynight": "D"}}, {"type": "Feature", "geometry": {"type": "Point", "coordinates": [113.19427, -1.22937]}, "properties": {"species": "pongo_pygmaeus", "date_acq": "2026-07-23T654", "confidence": "n", "brightness": "326.24", "frp": "4.65", "daynight": "D"}}, {"type": "Feature", "geometry": {"type": "Point", "coordinates": [111.57024, -0.56993]}, "properties": {"species": "pongo_pygmaeus", "date_acq": "2026-07-23T654", "confidence": "h", "brightness": "367", "frp": "23.45", "daynight": "D"}}, {"type": "Feature", "geometry": {"type": "Point", "coordinates": [111.56927, -0.56658]}, "properties": {"species": "pongo_pygmaeus", "date_acq": "2026-07-23T654", "confidence": "l", "brightness": "357.93", "frp": "12.36", "daynight": "D"}}, {"type": "Feature", "geometry": {"type": "Point", "coordinates": [111.78875, 0.67641]}, "properties": {"species": "pongo_pygmaeus", "date_acq": "2026-07-23T1754", "confidence": "n", "brightness": "305.77", "frp": "0.86", "daynight": "N"}}, {"type": "Feature", "geometry": {"type": "Point", "coordinates": [112.08749, -2.68378]}, "properties": {"species": "pongo_pygmaeus", "date_acq": "2026-07-23T1756", "confidence": "n", "brightness": "316.54", "frp": "2.55", "daynight": "N"}}, {"type": "Feature", "geometry": {"type": "Point", "coordinates": [114.39949, -1.50424]}, "properties": {"species": "pongo_pygmaeus", "date_acq": "2026-07-23T1756", "confidence": "n", "brightness": "318.95", "frp": "1.46", "daynight": "N"}}, {"type": "Feature", "geometry": {"type": "Point", "coordinates": [114.62022, -1.42431]}, "properties": {"species": "pongo_pygmaeus", "date_acq": "2026-07-23T1756", "confidence": "n", "brightness": "296.84", "frp": "0.25", "daynight": "N"}}, {"type": "Feature", "geometry": {"type": "Point", "coordinates": [114.43261, -1.40474]}, "properties": {"species": "pongo_pygmaeus", "date_acq": "2026-07-23T1756", "confidence": "n", "brightness": "303.92", "frp": "0.65", "daynight": "N"}}, {"type": "Feature", "geometry": {"type": "Point", "coordinates": [113.18441, -1.24824]}, "properties": {"species": "pongo_pygmaeus", "date_acq": "2026-07-23T1756", "confidence": "n", "brightness": "299.91", "frp": "0.47", "daynight": "N"}}, {"type": "Feature", "geometry": {"type": "Point", "coordinates": [113.18076, -1.24766]}, "properties": {"species": "pongo_pygmaeus", "date_acq": "2026-07-23T1756", "confidence": "n", "brightness": "313.46", "frp": "1.38", "daynight": "N"}}, {"type": "Feature", "geometry": {"type": "Point", "coordinates": [113.18495, -1.24483]}, "properties": {"species": "pongo_pygmaeus", "date_acq": "2026-07-23T1756", "confidence": "n", "brightness": "302.02", "frp": "0.92", "daynight": "N"}}, {"type": "Feature", "geometry": {"type": "Point", "coordinates": [113.1813, -1.24426]}, "properties": {"species": "pongo_pygmaeus", "date_acq": "2026-07-23T1756", "confidence": "n", "brightness": "322.52", "frp": "1.94", "daynight": "N"}}, {"type": "Feature", "geometry": {"type": "Point", "coordinates": [111.27547, -2.00427]}, "properties": {"species": "pongo_pygmaeus", "date_acq": "2026-07-24T635", "confidence": "n", "brightness": "349.86", "frp": "12.57", "daynight": "D"}}, {"type": "Feature", "geometry": {"type": "Point", "coordinates": [111.27638, -1.86952]}, "properties": {"species": "pongo_pygmaeus", "date_acq": "2026-07-24T635", "confidence": "n", "brightness": "334.95", "frp": "4.51", "daynight": "D"}}, {"type": "Feature", "geometry": {"type": "Point", "coordinates": [111.35001, -1.85331]}, "properties": {"species": "pongo_pygmaeus", "date_acq": "2026-07-24T635", "confidence": "n", "brightness": "357.09", "frp": "13.19", "daynight": "D"}}, {"type": "Feature", "geometry": {"type": "Point", "coordinates": [111.53684, -1.74732]}, "properties": {"species": "pongo_pygmaeus", "date_acq": "2026-07-24T635", "confidence": "n", "brightness": "346.35", "frp": "6.73", "daynight": "D"}}, {"type": "Feature", "geometry": {"type": "Point", "coordinates": [110.27531, -1.69667]}, "properties": {"species": "pongo_pygmaeus", "date_acq": "2026-07-24T635", "confidence": "n", "brightness": "341.39", "frp": "8.31", "daynight": "D"}}, {"type": "Feature", "geometry": {"type": "Point", "coordinates": [110.07252, -1.59606]}, "properties": {"species": "pongo_pygmaeus", "date_acq": "2026-07-24T635", "confidence": "l", "brightness": "329.08", "frp": "5.44", "daynight": "D"}}, {"type": "Feature", "geometry": {"type": "Point", "coordinates": [110.07391, -1.59124]}, "properties": {"species": "pongo_pygmaeus", "date_acq": "2026-07-24T635", "confidence": "n", "brightness": "331.37", "frp": "5.47", "daynight": "D"}}, {"type": "Feature", "geometry": {"type": "Point", "coordinates": [110.09207, -1.34415]}, "properties": {"species": "pongo_pygmaeus", "date_acq": "2026-07-24T635", "confidence": "n", "brightness": "331.88", "frp": "3.39", "daynight": "D"}}, {"type": "Feature", "geometry": {"type": "Point", "coordinates": [110.09428, -1.33554]}, "properties": {"species": "pongo_pygmaeus", "date_acq": "2026-07-24T635", "confidence": "n", "brightness": "327.82", "frp": "3.07", "daynight": "D"}}, {"type": "Feature", "geometry": {"type": "Point", "coordinates": [110.10477, -1.33392]}, "properties": {"species": "pongo_pygmaeus", "date_acq": "2026-07-24T635", "confidence": "n", "brightness": "335.4", "frp": "4.15", "daynight": "D"}}, {"type": "Feature", "geometry": {"type": "Point", "coordinates": [110.10828, -1.33337]}, "properties": {"species": "pongo_pygmaeus", "date_acq": "2026-07-24T635", "confidence": "n", "brightness": "340.22", "frp": "4.15", "daynight": "D"}}, {"type": "Feature", "geometry": {"type": "Point", "coordinates": [110.09018, -1.33205]}, "properties": {"species": "pongo_pygmaeus", "date_acq": "2026-07-24T635", "confidence": "n", "brightness": "334.51", "frp": "9.94", "daynight": "D"}}, {"type": "Feature", "geometry": {"type": "Point", "coordinates": [110.09366, -1.33151]}, "properties": {"species": "pongo_pygmaeus", "date_acq": "2026-07-24T635", "confidence": "n", "brightness": "344.93", "frp": "9.94", "daynight": "D"}}, {"type": "Feature", "geometry": {"type": "Point", "coordinates": [110.07884, -1.30489]}, "properties": {"species": "pongo_pygmaeus", "date_acq": "2026-07-24T635", "confidence": "n", "brightness": "335.22", "frp": "5.53", "daynight": "D"}}, {"type": "Feature", "geometry": {"type": "Point", "coordinates": [110.94556, -1.26694]}, "properties": {"species": "pongo_pygmaeus", "date_acq": "2026-07-24T635", "confidence": "n", "brightness": "343.62", "frp": "12.06", "daynight": "D"}}, {"type": "Feature", "geometry": {"type": "Point", "coordinates": [110.66561, -1.00559]}, "properties": {"species": "pongo_pygmaeus", "date_acq": "2026-07-24T635", "confidence": "n", "brightness": "339.05", "frp": "12.36", "daynight": "D"}}, {"type": "Feature", "geometry": {"type": "Point", "coordinates": [110.66945, -1.00499]}, "properties": {"species": "pongo_pygmaeus", "date_acq": "2026-07-24T635", "confidence": "n", "brightness": "335.87", "frp": "11.55", "daynight": "D"}}, {"type": "Feature", "geometry": {"type": "Point", "coordinates": [109.91578, -0.55045]}, "properties": {"species": "pongo_pygmaeus", "date_acq": "2026-07-24T635", "confidence": "n", "brightness": "334.78", "frp": "2.79", "daynight": "D"}}, {"type": "Feature", "geometry": {"type": "Point", "coordinates": [111.78983, 0.68022]}, "properties": {"species": "pongo_pygmaeus", "date_acq": "2026-07-24T635", "confidence": "n", "brightness": "353.94", "frp": "39.83", "daynight": "D"}}, {"type": "Feature", "geometry": {"type": "Point", "coordinates": [111.79471, 0.68098]}, "properties": {"species": "pongo_pygmaeus", "date_acq": "2026-07-24T635", "confidence": "n", "brightness": "339.29", "frp": "35.51", "daynight": "D"}}, {"type": "Feature", "geometry": {"type": "Point", "coordinates": [111.78357, 0.68882]}, "properties": {"species": "pongo_pygmaeus", "date_acq": "2026-07-24T635", "confidence": "n", "brightness": "338.93", "frp": "50.08", "daynight": "D"}}, {"type": "Feature", "geometry": {"type": "Point", "coordinates": [111.78847, 0.68958]}, "properties": {"species": "pongo_pygmaeus", "date_acq": "2026-07-24T635", "confidence": "n", "brightness": "350.1", "frp": "50.08", "daynight": "D"}}, {"type": "Feature", "geometry": {"type": "Point", "coordinates": [110.20544, -1.76901]}, "properties": {"species": "pongo_pygmaeus", "date_acq": "2026-07-24T1737", "confidence": "n", "brightness": "302.63", "frp": "0.28", "daynight": "N"}}, {"type": "Feature", "geometry": {"type": "Point", "coordinates": [113.20233, -1.67831]}, "properties": {"species": "pongo_pygmaeus", "date_acq": "2026-07-24T1737", "confidence": "n", "brightness": "299.7", "frp": "1.52", "daynight": "N"}}, {"type": "Feature", "geometry": {"type": "Point", "coordinates": [114.40886, -1.54763]}, "properties": {"species": "pongo_pygmaeus", "date_acq": "2026-07-24T1737", "confidence": "n", "brightness": "325.94", "frp": "2.56", "daynight": "N"}}, {"type": "Feature", "geometry": {"type": "Point", "coordinates": [114.40527, -1.54704]}, "properties": {"species": "pongo_pygmaeus", "date_acq": "2026-07-24T1737", "confidence": "n", "brightness": "325.38", "frp": "3.31", "daynight": "N"}}, {"type": "Feature", "geometry": {"type": "Point", "coordinates": [114.00613, -1.49468]}, "properties": {"species": "pongo_pygmaeus", "date_acq": "2026-07-24T1737", "confidence": "n", "brightness": "301.51", "frp": "0.62", "daynight": "N"}}, {"type": "Feature", "geometry": {"type": "Point", "coordinates": [114.30266, -1.37349]}, "properties": {"species": "pongo_pygmaeus", "date_acq": "2026-07-24T1737", "confidence": "n", "brightness": "310.53", "frp": "1.19", "daynight": "N"}}, {"type": "Feature", "geometry": {"type": "Point", "coordinates": [114.30333, -1.36937]}, "properties": {"species": "pongo_pygmaeus", "date_acq": "2026-07-24T1737", "confidence": "n", "brightness": "323.41", "frp": "1.93", "daynight": "N"}}, {"type": "Feature", "geometry": {"type": "Point", "coordinates": [114.16736, -1.3605]}, "properties": {"species": "pongo_pygmaeus", "date_acq": "2026-07-24T1737", "confidence": "n", "brightness": "315.65", "frp": "1.97", "daynight": "N"}}, {"type": "Feature", "geometry": {"type": "Point", "coordinates": [110.09179, -1.3336]}, "properties": {"species": "pongo_pygmaeus", "date_acq": "2026-07-24T1737", "confidence": "n", "brightness": "306.05", "frp": "0.92", "daynight": "N"}}, {"type": "Feature", "geometry": {"type": "Point", "coordinates": [114.09483, -1.25003]}, "properties": {"species": "pongo_pygmaeus", "date_acq": "2026-07-24T1737", "confidence": "n", "brightness": "305.77", "frp": "0.91", "daynight": "N"}}, {"type": "Feature", "geometry": {"type": "Point", "coordinates": [117.23721, 1.48073]}, "properties": {"species": "pongo_pygmaeus", "date_acq": "2026-07-24T1737", "confidence": "n", "brightness": "322.03", "frp": "2.1", "daynight": "N"}}, {"type": "Feature", "geometry": {"type": "Point", "coordinates": [117.23778, 1.48432]}, "properties": {"species": "pongo_pygmaeus", "date_acq": "2026-07-24T1737", "confidence": "n", "brightness": "313.87", "frp": "2.1", "daynight": "N"}}, {"type": "Feature", "geometry": {"type": "Point", "coordinates": [111.15932, -2.30407]}, "properties": {"species": "pongo_pygmaeus", "date_acq": "2026-07-25T616", "confidence": "n", "brightness": "333.52", "frp": "2.81", "daynight": "D"}}, {"type": "Feature", "geometry": {"type": "Point", "coordinates": [111.47489, -2.22309]}, "properties": {"species": "pongo_pygmaeus", "date_acq": "2026-07-25T616", "confidence": "n", "brightness": "333.1", "frp": "2.09", "daynight": "D"}}, {"type": "Feature", "geometry": {"type": "Point", "coordinates": [111.1777, -2.07646]}, "properties": {"species": "pongo_pygmaeus", "date_acq": "2026-07-25T616", "confidence": "n", "brightness": "332.38", "frp": "3.15", "daynight": "D"}}, {"type": "Feature", "geometry": {"type": "Point", "coordinates": [111.1438, -2.06786]}, "properties": {"species": "pongo_pygmaeus", "date_acq": "2026-07-25T616", "confidence": "n", "brightness": "331.19", "frp": "1.23", "daynight": "D"}}, {"type": "Feature", "geometry": {"type": "Point", "coordinates": [110.22041, -2.05]}, "properties": {"species": "pongo_pygmaeus", "date_acq": "2026-07-25T616", "confidence": "n", "brightness": "332.67", "frp": "4.58", "daynight": "D"}}, {"type": "Feature", "geometry": {"type": "Point", "coordinates": [110.22386, -2.04947]}, "properties": {"species": "pongo_pygmaeus", "date_acq": "2026-07-25T616", "confidence": "n", "brightness": "332.46", "frp": "6.67", "daynight": "D"}}, {"type": "Feature", "geometry": {"type": "Point", "coordinates": [111.03439, -2.03652]}, "properties": {"species": "pongo_pygmaeus", "date_acq": "2026-07-25T616", "confidence": "n", "brightness": "338.28", "frp": "38.31", "daynight": "D"}}, {"type": "Feature", "geometry": {"type": "Point", "coordinates": [111.14986, -2.01187]}, "properties": {"species": "pongo_pygmaeus", "date_acq": "2026-07-25T616", "confidence": "l", "brightness": "331.22", "frp": "10.48", "daynight": "D"}}, {"type": "Feature", "geometry": {"type": "Point", "coordinates": [110.2846, -1.89444]}, "properties": {"species": "pongo_pygmaeus", "date_acq": "2026-07-25T616", "confidence": "n", "brightness": "331.91", "frp": "2.79", "daynight": "D"}}, {"type": "Feature", "geometry": {"type": "Point", "coordinates": [111.53437, -1.72939]}, "properties": {"species": "pongo_pygmaeus", "date_acq": "2026-07-25T616", "confidence": "n", "brightness": "341.95", "frp": "5.53", "daynight": "D"}}, {"type": "Feature", "geometry": {"type": "Point", "coordinates": [110.272, -1.70051]}, "properties": {"species": "pongo_pygmaeus", "date_acq": "2026-07-25T616", "confidence": "n", "brightness": "332.32", "frp": "8.5", "daynight": "D"}}, {"type": "Feature", "geometry": {"type": "Point", "coordinates": [110.06689, -1.59384]}, "properties": {"species": "pongo_pygmaeus", "date_acq": "2026-07-25T616", "confidence": "l", "brightness": "331.47", "frp": "4.03", "daynight": "D"}}, {"type": "Feature", "geometry": {"type": "Point", "coordinates": [110.07035, -1.59331]}, "properties": {"species": "pongo_pygmaeus", "date_acq": "2026-07-25T616", "confidence": "n", "brightness": "340.31", "frp": "4.03", "daynight": "D"}}, {"type": "Feature", "geometry": {"type": "Point", "coordinates": [110.0738, -1.59278]}, "properties": {"species": "pongo_pygmaeus", "date_acq": "2026-07-25T616", "confidence": "l", "brightness": "330.86", "frp": "3.42", "daynight": "D"}}, {"type": "Feature", "geometry": {"type": "Point", "coordinates": [110.0733, -1.58946]}, "properties": {"species": "pongo_pygmaeus", "date_acq": "2026-07-25T616", "confidence": "n", "brightness": "335.66", "frp": "3.42", "daynight": "D"}}, {"type": "Feature", "geometry": {"type": "Point", "coordinates": [114.30375, -1.37282]}, "properties": {"species": "pongo_pygmaeus", "date_acq": "2026-07-25T616", "confidence": "n", "brightness": "335.68", "frp": "4.7", "daynight": "D"}}, {"type": "Feature", "geometry": {"type": "Point", "coordinates": [114.30566, -1.37224]}, "properties": {"species": "pongo_pygmaeus", "date_acq": "2026-07-25T616", "confidence": "n", "brightness": "340.01", "frp": "6.02", "daynight": "D"}}, {"type": "Feature", "geometry": {"type": "Point", "coordinates": [110.09344, -1.33274]}, "properties": {"species": "pongo_pygmaeus", "date_acq": "2026-07-25T616", "confidence": "l", "brightness": "331.82", "frp": "4.66", "daynight": "D"}}, {"type": "Feature", "geometry": {"type": "Point", "coordinates": [110.07855, -1.30438]}, "properties": {"species": "pongo_pygmaeus", "date_acq": "2026-07-25T616", "confidence": "n", "brightness": "336.64", "frp": "6.3", "daynight": "D"}}, {"type": "Feature", "geometry": {"type": "Point", "coordinates": [110.0746, -1.30158]}, "properties": {"species": "pongo_pygmaeus", "date_acq": "2026-07-25T616", "confidence": "n", "brightness": "348.1", "frp": "27.78", "daynight": "D"}}, {"type": "Feature", "geometry": {"type": "Point", "coordinates": [110.07806, -1.30106]}, "properties": {"species": "pongo_pygmaeus", "date_acq": "2026-07-25T616", "confidence": "n", "brightness": "343.56", "frp": "5.32", "daynight": "D"}}, {"type": "Feature", "geometry": {"type": "Point", "coordinates": [110.0815, -1.30053]}, "properties": {"species": "pongo_pygmaeus", "date_acq": "2026-07-25T616", "confidence": "n", "brightness": "331.87", "frp": "5.32", "daynight": "D"}}, {"type": "Feature", "geometry": {"type": "Point", "coordinates": [114.76098, -1.14566]}, "properties": {"species": "pongo_pygmaeus", "date_acq": "2026-07-25T616", "confidence": "n", "brightness": "335.31", "frp": "3.8", "daynight": "D"}}, {"type": "Feature", "geometry": {"type": "Point", "coordinates": [110.25238, -1.12962]}, "properties": {"species": "pongo_pygmaeus", "date_acq": "2026-07-25T616", "confidence": "n", "brightness": "337.94", "frp": "4.62", "daynight": "D"}}, {"type": "Feature", "geometry": {"type": "Point", "coordinates": [110.25584, -1.12909]}, "properties": {"species": "pongo_pygmaeus", "date_acq": "2026-07-25T616", "confidence": "n", "brightness": "332.25", "frp": "4.94", "daynight": "D"}}, {"type": "Feature", "geometry": {"type": "Point", "coordinates": [110.70592, -1.0673]}, "properties": {"species": "pongo_pygmaeus", "date_acq": "2026-07-25T616", "confidence": "n", "brightness": "337.48", "frp": "7.1", "daynight": "D"}}, {"type": "Feature", "geometry": {"type": "Point", "coordinates": [110.70541, -1.06395]}, "properties": {"species": "pongo_pygmaeus", "date_acq": "2026-07-25T616", "confidence": "n", "brightness": "335.71", "frp": "5.19", "daynight": "D"}}, {"type": "Feature", "geometry": {"type": "Point", "coordinates": [111.31099, -0.66865]}, "properties": {"species": "pongo_pygmaeus", "date_acq": "2026-07-25T616", "confidence": "n", "brightness": "341.5", "frp": "6.04", "daynight": "D"}}, {"type": "Feature", "geometry": {"type": "Point", "coordinates": [111.31486, -0.65062]}, "properties": {"species": "pongo_pygmaeus", "date_acq": "2026-07-25T616", "confidence": "n", "brightness": "333.15", "frp": "7.82", "daynight": "D"}}, {"type": "Feature", "geometry": {"type": "Point", "coordinates": [111.83149, -0.5652]}, "properties": {"species": "pongo_pygmaeus", "date_acq": "2026-07-25T616", "confidence": "n", "brightness": "345.67", "frp": "9.57", "daynight": "D"}}, {"type": "Feature", "geometry": {"type": "Point", "coordinates": [110.01968, -0.52655]}, "properties": {"species": "pongo_pygmaeus", "date_acq": "2026-07-25T616", "confidence": "n", "brightness": "334.08", "frp": "4.52", "daynight": "D"}}, {"type": "Feature", "geometry": {"type": "Point", "coordinates": [112.33315, -0.52095]}, "properties": {"species": "pongo_pygmaeus", "date_acq": "2026-07-25T616", "confidence": "n", "brightness": "336.77", "frp": "6", "daynight": "D"}}, {"type": "Feature", "geometry": {"type": "Point", "coordinates": [111.15321, -2.01687]}, "properties": {"species": "pongo_pygmaeus", "date_acq": "2026-07-25T1717", "confidence": "n", "brightness": "315.5", "frp": "14.05", "daynight": "N"}}, {"type": "Feature", "geometry": {"type": "Point", "coordinates": [111.1534, -2.01666]}, "properties": {"species": "pongo_pygmaeus", "date_acq": "2026-07-25T1717", "confidence": "n", "brightness": "313.21", "frp": "12.54", "daynight": "N"}}, {"type": "Feature", "geometry": {"type": "Point", "coordinates": [111.14706, -2.01581]}, "properties": {"species": "pongo_pygmaeus", "date_acq": "2026-07-25T1717", "confidence": "h", "brightness": "367", "frp": "7.91", "daynight": "N"}}, {"type": "Feature", "geometry": {"type": "Point", "coordinates": [111.14724, -2.01564]}, "properties": {"species": "pongo_pygmaeus", "date_acq": "2026-07-25T1717", "confidence": "h", "brightness": "367", "frp": "12.54", "daynight": "N"}}, {"type": "Feature", "geometry": {"type": "Point", "coordinates": [111.1409, -2.01475]}, "properties": {"species": "pongo_pygmaeus", "date_acq": "2026-07-25T1717", "confidence": "n", "brightness": "299.53", "frp": "7.91", "daynight": "N"}}, {"type": "Feature", "geometry": {"type": "Point", "coordinates": [111.14106, -2.01462]}, "properties": {"species": "pongo_pygmaeus", "date_acq": "2026-07-25T1717", "confidence": "n", "brightness": "300.8", "frp": "13.17", "daynight": "N"}}, {"type": "Feature", "geometry": {"type": "Point", "coordinates": [111.1291, -2.01272]}, "properties": {"species": "pongo_pygmaeus", "date_acq": "2026-07-25T1717", "confidence": "n", "brightness": "298.16", "frp": "3.43", "daynight": "N"}}, {"type": "Feature", "geometry": {"type": "Point", "coordinates": [111.1292, -2.01267]}, "properties": {"species": "pongo_pygmaeus", "date_acq": "2026-07-25T1717", "confidence": "n", "brightness": "297.88", "frp": "1.58", "daynight": "N"}}, {"type": "Feature", "geometry": {"type": "Point", "coordinates": [111.12282, -2.01161]}, "properties": {"species": "pongo_pygmaeus", "date_acq": "2026-07-25T1717", "confidence": "n", "brightness": "295.82", "frp": "1.58", "daynight": "N"}}, {"type": "Feature", "geometry": {"type": "Point", "coordinates": [111.14838, -2.00897]}, "properties": {"species": "pongo_pygmaeus", "date_acq": "2026-07-25T1717", "confidence": "n", "brightness": "327.18", "frp": "7.91", "daynight": "N"}}, {"type": "Feature", "geometry": {"type": "Point", "coordinates": [111.1486, -2.00881]}, "properties": {"species": "pongo_pygmaeus", "date_acq": "2026-07-25T1717", "confidence": "n", "brightness": "327.74", "frp": "6.8", "daynight": "N"}}, {"type": "Feature", "geometry": {"type": "Point", "coordinates": [111.14239, -2.00794]}, "properties": {"species": "pongo_pygmaeus", "date_acq": "2026-07-25T1717", "confidence": "n", "brightness": "299.16", "frp": "7.91", "daynight": "N"}}, {"type": "Feature", "geometry": {"type": "Point", "coordinates": [111.14257, -2.00781]}, "properties": {"species": "pongo_pygmaeus", "date_acq": "2026-07-25T1717", "confidence": "n", "brightness": "299.57", "frp": "4.29", "daynight": "N"}}, {"type": "Feature", "geometry": {"type": "Point", "coordinates": [111.34665, -1.85214]}, "properties": {"species": "pongo_pygmaeus", "date_acq": "2026-07-25T1717", "confidence": "n", "brightness": "302.31", "frp": "2.55", "daynight": "N"}}, {"type": "Feature", "geometry": {"type": "Point", "coordinates": [111.34062, -1.85111]}, "properties": {"species": "pongo_pygmaeus", "date_acq": "2026-07-25T1717", "confidence": "n", "brightness": "308.65", "frp": "4.12", "daynight": "N"}}, {"type": "Feature", "geometry": {"type": "Point", "coordinates": [111.34457, -1.85044]}, "properties": {"species": "pongo_pygmaeus", "date_acq": "2026-07-25T1717", "confidence": "n", "brightness": "309.83", "frp": "3.72", "daynight": "N"}}, {"type": "Feature", "geometry": {"type": "Point", "coordinates": [113.44846, -1.70471]}, "properties": {"species": "pongo_pygmaeus", "date_acq": "2026-07-25T1717", "confidence": "n", "brightness": "300.5", "frp": "0.64", "daynight": "N"}}, {"type": "Feature", "geometry": {"type": "Point", "coordinates": [114.25195, -1.33238]}, "properties": {"species": "pongo_pygmaeus", "date_acq": "2026-07-25T1717", "confidence": "n", "brightness": "303.14", "frp": "0.46", "daynight": "N"}}, {"type": "Feature", "geometry": {"type": "Point", "coordinates": [112.51831, -1.52129]}, "properties": {"species": "pongo_pygmaeus", "date_acq": "2026-07-25T1858", "confidence": "n", "brightness": "306.52", "frp": "1.92", "daynight": "N"}}, {"type": "Feature", "geometry": {"type": "Point", "coordinates": [111.25274, -2.03443]}, "properties": {"species": "pongo_pygmaeus", "date_acq": "2026-07-26T557", "confidence": "n", "brightness": "333.42", "frp": "2.8", "daynight": "D"}}, {"type": "Feature", "geometry": {"type": "Point", "coordinates": [111.10709, -2.02602]}, "properties": {"species": "pongo_pygmaeus", "date_acq": "2026-07-26T557", "confidence": "n", "brightness": "342.87", "frp": "27.21", "daynight": "D"}}, {"type": "Feature", "geometry": {"type": "Point", "coordinates": [111.14632, -2.01628]}, "properties": {"species": "pongo_pygmaeus", "date_acq": "2026-07-26T557", "confidence": "n", "brightness": "339.45", "frp": "7.81", "daynight": "D"}}, {"type": "Feature", "geometry": {"type": "Point", "coordinates": [111.15073, -2.01562]}, "properties": {"species": "pongo_pygmaeus", "date_acq": "2026-07-26T557", "confidence": "n", "brightness": "348.6", "frp": "7.81", "daynight": "D"}}, {"type": "Feature", "geometry": {"type": "Point", "coordinates": [111.14578, -2.01255]}, "properties": {"species": "pongo_pygmaeus", "date_acq": "2026-07-26T557", "confidence": "n", "brightness": "344.7", "frp": "23.62", "daynight": "D"}}, {"type": "Feature", "geometry": {"type": "Point", "coordinates": [111.15019, -2.01188]}, "properties": {"species": "pongo_pygmaeus", "date_acq": "2026-07-26T557", "confidence": "n", "brightness": "344.02", "frp": "23.62", "daynight": "D"}}, {"type": "Feature", "geometry": {"type": "Point", "coordinates": [111.27067, -2.00515]}, "properties": {"species": "pongo_pygmaeus", "date_acq": "2026-07-26T557", "confidence": "n", "brightness": "340.36", "frp": "32.86", "daynight": "D"}}, {"type": "Feature", "geometry": {"type": "Point", "coordinates": [111.27505, -2.00448]}, "properties": {"species": "pongo_pygmaeus", "date_acq": "2026-07-26T557", "confidence": "n", "brightness": "340.6", "frp": "32.86", "daynight": "D"}}, {"type": "Feature", "geometry": {"type": "Point", "coordinates": [111.27013, -2.00144]}, "properties": {"species": "pongo_pygmaeus", "date_acq": "2026-07-26T557", "confidence": "n", "brightness": "344.1", "frp": "44.94", "daynight": "D"}}, {"type": "Feature", "geometry": {"type": "Point", "coordinates": [111.20199, -1.96606]}, "properties": {"species": "pongo_pygmaeus", "date_acq": "2026-07-26T557", "confidence": "n", "brightness": "329.68", "frp": "7.46", "daynight": "D"}}, {"type": "Feature", "geometry": {"type": "Point", "coordinates": [111.2027, -1.96421]}, "properties": {"species": "pongo_pygmaeus", "date_acq": "2026-07-26T557", "confidence": "n", "brightness": "342", "frp": "6.73", "daynight": "D"}}, {"type": "Feature", "geometry": {"type": "Point", "coordinates": [111.9267, -1.89132]}, "properties": {"species": "pongo_pygmaeus", "date_acq": "2026-07-26T557", "confidence": "n", "brightness": "343.76", "frp": "15.02", "daynight": "D"}}, {"type": "Feature", "geometry": {"type": "Point", "coordinates": [111.35184, -1.86202]}, "properties": {"species": "pongo_pygmaeus", "date_acq": "2026-07-26T557", "confidence": "n", "brightness": "349.76", "frp": "29.63", "daynight": "D"}}, {"type": "Feature", "geometry": {"type": "Point", "coordinates": [111.35558, -1.85769]}, "properties": {"species": "pongo_pygmaeus", "date_acq": "2026-07-26T557", "confidence": "l", "brightness": "329.6", "frp": "5.37", "daynight": "D"}}, {"type": "Feature", "geometry": {"type": "Point", "coordinates": [111.55433, -1.78343]}, "properties": {"species": "pongo_pygmaeus", "date_acq": "2026-07-26T557", "confidence": "n", "brightness": "332.29", "frp": "4.22", "daynight": "D"}}, {"type": "Feature", "geometry": {"type": "Point", "coordinates": [111.55853, -1.78279]}, "properties": {"species": "pongo_pygmaeus", "date_acq": "2026-07-26T557", "confidence": "n", "brightness": "335.01", "frp": "4.22", "daynight": "D"}}, {"type": "Feature", "geometry": {"type": "Point", "coordinates": [113.44633, -1.75208]}, "properties": {"species": "pongo_pygmaeus", "date_acq": "2026-07-26T557", "confidence": "n", "brightness": "332.84", "frp": "2.7", "daynight": "D"}}, {"type": "Feature", "geometry": {"type": "Point", "coordinates": [114.25161, -1.65715]}, "properties": {"species": "pongo_pygmaeus", "date_acq": "2026-07-26T557", "confidence": "n", "brightness": "332.55", "frp": "2.91", "daynight": "D"}}, {"type": "Feature", "geometry": {"type": "Point", "coordinates": [110.07384, -1.59135]}, "properties": {"species": "pongo_pygmaeus", "date_acq": "2026-07-26T557", "confidence": "n", "brightness": "339.76", "frp": "8.9", "daynight": "D"}}, {"type": "Feature", "geometry": {"type": "Point", "coordinates": [110.07551, -1.58921]}, "properties": {"species": "pongo_pygmaeus", "date_acq": "2026-07-26T557", "confidence": "n", "brightness": "336.16", "frp": "19.77", "daynight": "D"}}, {"type": "Feature", "geometry": {"type": "Point", "coordinates": [110.07325, -1.58739]}, "properties": {"species": "pongo_pygmaeus", "date_acq": "2026-07-26T557", "confidence": "n", "brightness": "336.56", "frp": "8.9", "daynight": "D"}}, {"type": "Feature", "geometry": {"type": "Point", "coordinates": [110.82502, -1.56343]}, "properties": {"species": "pongo_pygmaeus", "date_acq": "2026-07-26T557", "confidence": "n", "brightness": "333.46", "frp": "5.15", "daynight": "D"}}, {"type": "Feature", "geometry": {"type": "Point", "coordinates": [114.44148, -1.40169]}, "properties": {"species": "pongo_pygmaeus", "date_acq": "2026-07-26T557", "confidence": "n", "brightness": "342.92", "frp": "16.54", "daynight": "D"}}, {"type": "Feature", "geometry": {"type": "Point", "coordinates": [110.09307, -1.34457]}, "properties": {"species": "pongo_pygmaeus", "date_acq": "2026-07-26T557", "confidence": "n", "brightness": "335.09", "frp": "8.56", "daynight": "D"}}, {"type": "Feature", "geometry": {"type": "Point", "coordinates": [114.19926, -1.28021]}, "properties": {"species": "pongo_pygmaeus", "date_acq": "2026-07-26T557", "confidence": "n", "brightness": "339.11", "frp": "6.37", "daynight": "D"}}, {"type": "Feature", "geometry": {"type": "Point", "coordinates": [114.19183, -1.27794]}, "properties": {"species": "pongo_pygmaeus", "date_acq": "2026-07-26T557", "confidence": "n", "brightness": "330.32", "frp": "3.43", "daynight": "D"}}, {"type": "Feature", "geometry": {"type": "Point", "coordinates": [113.61797, -1.22003]}, "properties": {"species": "pongo_pygmaeus", "date_acq": "2026-07-26T557", "confidence": "n", "brightness": "332.81", "frp": "2.35", "daynight": "D"}}, {"type": "Feature", "geometry": {"type": "Point", "coordinates": [113.09706, -1.10751]}, "properties": {"species": "pongo_pygmaeus", "date_acq": "2026-07-26T557", "confidence": "n", "brightness": "330.62", "frp": "2.34", "daynight": "D"}}, {"type": "Feature", "geometry": {"type": "Point", "coordinates": [114.73263, -0.8904]}, "properties": {"species": "pongo_pygmaeus", "date_acq": "2026-07-26T557", "confidence": "n", "brightness": "345.22", "frp": "6.79", "daynight": "D"}}, {"type": "Feature", "geometry": {"type": "Point", "coordinates": [111.80856, -0.81843]}, "properties": {"species": "pongo_pygmaeus", "date_acq": "2026-07-26T557", "confidence": "n", "brightness": "333.7", "frp": "5.61", "daynight": "D"}}, {"type": "Feature", "geometry": {"type": "Point", "coordinates": [111.32142, -0.64228]}, "properties": {"species": "pongo_pygmaeus", "date_acq": "2026-07-26T557", "confidence": "n", "brightness": "328.8", "frp": "14.1", "daynight": "D"}}, {"type": "Feature", "geometry": {"type": "Point", "coordinates": [111.78573, 0.66872]}, "properties": {"species": "pongo_pygmaeus", "date_acq": "2026-07-26T557", "confidence": "n", "brightness": "335.94", "frp": "44.04", "daynight": "D"}}, {"type": "Feature", "geometry": {"type": "Point", "coordinates": [111.89803, 0.83708]}, "properties": {"species": "pongo_pygmaeus", "date_acq": "2026-07-26T557", "confidence": "n", "brightness": "334.9", "frp": "2.66", "daynight": "D"}}, {"type": "Feature", "geometry": {"type": "Point", "coordinates": [111.8978, 0.83788]}, "properties": {"species": "pongo_pygmaeus", "date_acq": "2026-07-26T557", "confidence": "n", "brightness": "329.69", "frp": "2.32", "daynight": "D"}}, {"type": "Feature", "geometry": {"type": "Point", "coordinates": [117.12849, 1.06802]}, "properties": {"species": "pongo_pygmaeus", "date_acq": "2026-07-26T557", "confidence": "n", "brightness": "329.31", "frp": "2.02", "daynight": "D"}}, {"type": "Feature", "geometry": {"type": "Point", "coordinates": [117.19867, 1.32137]}, "properties": {"species": "pongo_pygmaeus", "date_acq": "2026-07-26T557", "confidence": "n", "brightness": "333.38", "frp": "0.96", "daynight": "D"}}, {"type": "Feature", "geometry": {"type": "Point", "coordinates": [117.24168, 1.37613]}, "properties": {"species": "pongo_pygmaeus", "date_acq": "2026-07-26T557", "confidence": "n", "brightness": "334.32", "frp": "3.08", "daynight": "D"}}, {"type": "Feature", "geometry": {"type": "Point", "coordinates": [117.24026, 1.48]}, "properties": {"species": "pongo_pygmaeus", "date_acq": "2026-07-26T557", "confidence": "n", "brightness": "342.51", "frp": "40.93", "daynight": "D"}}, {"type": "Feature", "geometry": {"type": "Point", "coordinates": [117.23971, 1.48364]}, "properties": {"species": "pongo_pygmaeus", "date_acq": "2026-07-26T557", "confidence": "n", "brightness": "349.98", "frp": "40.93", "daynight": "D"}}, {"type": "Feature", "geometry": {"type": "Point", "coordinates": [117.16766, 1.56982]}, "properties": {"species": "pongo_pygmaeus", "date_acq": "2026-07-26T557", "confidence": "n", "brightness": "329.92", "frp": "4.14", "daynight": "D"}}, {"type": "Feature", "geometry": {"type": "Point", "coordinates": [111.77359, 0.68089]}, "properties": {"species": "pongo_pygmaeus", "date_acq": "2026-07-26T1838", "confidence": "n", "brightness": "300.2", "frp": "1.09", "daynight": "N"}}, {"type": "Feature", "geometry": {"type": "Point", "coordinates": [111.07195, -2.1187]}, "properties": {"species": "pongo_pygmaeus", "date_acq": "2026-07-26T1841", "confidence": "n", "brightness": "306.07", "frp": "1.29", "daynight": "N"}}, {"type": "Feature", "geometry": {"type": "Point", "coordinates": [111.27061, -2.00395]}, "properties": {"species": "pongo_pygmaeus", "date_acq": "2026-07-26T1841", "confidence": "n", "brightness": "310.52", "frp": "2.77", "daynight": "N"}}, {"type": "Feature", "geometry": {"type": "Point", "coordinates": [111.26817, -2.00204]}, "properties": {"species": "pongo_pygmaeus", "date_acq": "2026-07-26T1841", "confidence": "n", "brightness": "318.39", "frp": "5.12", "daynight": "N"}}, {"type": "Feature", "geometry": {"type": "Point", "coordinates": [113.43163, -1.60722]}, "properties": {"species": "pongo_pygmaeus", "date_acq": "2026-07-26T1841", "confidence": "n", "brightness": "304.72", "frp": "0.84", "daynight": "N"}}, {"type": "Feature", "geometry": {"type": "Point", "coordinates": [112.18873, -2.17632]}, "properties": {"species": "pongo_pygmaeus", "date_acq": "2026-07-27T538", "confidence": "n", "brightness": "355.72", "frp": "26.76", "daynight": "D"}}, {"type": "Feature", "geometry": {"type": "Point", "coordinates": [111.07296, -2.11815]}, "properties": {"species": "pongo_pygmaeus", "date_acq": "2026-07-27T538", "confidence": "n", "brightness": "350.21", "frp": "8.22", "daynight": "D"}}, {"type": "Feature", "geometry": {"type": "Point", "coordinates": [111.07594, -2.1177]}, "properties": {"species": "pongo_pygmaeus", "date_acq": "2026-07-27T538", "confidence": "l", "brightness": "357.44", "frp": "12.14", "daynight": "D"}}, {"type": "Feature", "geometry": {"type": "Point", "coordinates": [114.9799, -2.0642]}, "properties": {"species": "pongo_pygmaeus", "date_acq": "2026-07-27T538", "confidence": "n", "brightness": "336.54", "frp": "4.12", "daynight": "D"}}, {"type": "Feature", "geometry": {"type": "Point", "coordinates": [112.13745, -1.3602]}, "properties": {"species": "pongo_pygmaeus", "date_acq": "2026-07-27T538", "confidence": "n", "brightness": "332.09", "frp": "3.51", "daynight": "D"}}, {"type": "Feature", "geometry": {"type": "Point", "coordinates": [110.21907, -2.05011]}, "properties": {"species": "pongo_pygmaeus", "date_acq": "2026-07-27T1819", "confidence": "n", "brightness": "310.36", "frp": "1.57", "daynight": "N"}}, {"type": "Feature", "geometry": {"type": "Point", "coordinates": [111.26933, -2.00397]}, "properties": {"species": "pongo_pygmaeus", "date_acq": "2026-07-27T1819", "confidence": "n", "brightness": "300.24", "frp": "0.67", "daynight": "N"}}, {"type": "Feature", "geometry": {"type": "Point", "coordinates": [110.29092, -1.89749]}, "properties": {"species": "pongo_pygmaeus", "date_acq": "2026-07-27T1819", "confidence": "n", "brightness": "310.37", "frp": "2", "daynight": "N"}}, {"type": "Feature", "geometry": {"type": "Point", "coordinates": [111.3783, -1.85233]}, "properties": {"species": "pongo_pygmaeus", "date_acq": "2026-07-27T1819", "confidence": "n", "brightness": "322.27", "frp": "2.67", "daynight": "N"}}, {"type": "Feature", "geometry": {"type": "Point", "coordinates": [112.43903, -1.57127]}, "properties": {"species": "pongo_pygmaeus", "date_acq": "2026-07-27T1819", "confidence": "n", "brightness": "301.67", "frp": "0.99", "daynight": "N"}}, {"type": "Feature", "geometry": {"type": "Point", "coordinates": [112.43962, -1.56748]}, "properties": {"species": "pongo_pygmaeus", "date_acq": "2026-07-27T1819", "confidence": "n", "brightness": "317.51", "frp": "0.99", "daynight": "N"}}, {"type": "Feature", "geometry": {"type": "Point", "coordinates": [113.43944, -1.81278]}, "properties": {"species": "pongo_pygmaeus", "date_acq": "2026-07-28T521", "confidence": "n", "brightness": "328.55", "frp": "7.34", "daynight": "D"}}, {"type": "Feature", "geometry": {"type": "Point", "coordinates": [110.19734, -1.71428]}, "properties": {"species": "pongo_pygmaeus", "date_acq": "2026-07-28T521", "confidence": "n", "brightness": "344.31", "frp": "18.34", "daynight": "D"}}, {"type": "Feature", "geometry": {"type": "Point", "coordinates": [111.43566, -0.57761]}, "properties": {"species": "pongo_pygmaeus", "date_acq": "2026-07-28T521", "confidence": "n", "brightness": "349.52", "frp": "14.87", "daynight": "D"}}, {"type": "Feature", "geometry": {"type": "Point", "coordinates": [111.43785, -0.57474]}, "properties": {"species": "pongo_pygmaeus", "date_acq": "2026-07-28T521", "confidence": "n", "brightness": "338.25", "frp": "12.16", "daynight": "D"}}, {"type": "Feature", "geometry": {"type": "Point", "coordinates": [117.11029, 1.03109]}, "properties": {"species": "pongo_pygmaeus", "date_acq": "2026-07-28T521", "confidence": "n", "brightness": "330.44", "frp": "2.98", "daynight": "D"}}, {"type": "Feature", "geometry": {"type": "Point", "coordinates": [117.24498, 1.37533]}, "properties": {"species": "pongo_pygmaeus", "date_acq": "2026-07-28T521", "confidence": "n", "brightness": "333.09", "frp": "5.38", "daynight": "D"}}, {"type": "Feature", "geometry": {"type": "Point", "coordinates": [117.23727, 1.45879]}, "properties": {"species": "pongo_pygmaeus", "date_acq": "2026-07-28T521", "confidence": "n", "brightness": "327.53", "frp": "3.34", "daynight": "D"}}, {"type": "Feature", "geometry": {"type": "Point", "coordinates": [110.08468, -0.5904]}, "properties": {"species": "pongo_pygmaeus", "date_acq": "2026-07-28T659", "confidence": "n", "brightness": "331.77", "frp": "6.74", "daynight": "D"}}, {"type": "Feature", "geometry": {"type": "Point", "coordinates": [110.21795, -2.05096]}, "properties": {"species": "pongo_pygmaeus", "date_acq": "2026-07-28T1802", "confidence": "n", "brightness": "310.63", "frp": "1.02", "daynight": "N"}}, {"type": "Feature", "geometry": {"type": "Point", "coordinates": [110.68756, -1.68256]}, "properties": {"species": "pongo_pygmaeus", "date_acq": "2026-07-28T1802", "confidence": "n", "brightness": "314.02", "frp": "1.31", "daynight": "N"}}, {"type": "Feature", "geometry": {"type": "Point", "coordinates": [110.68801, -1.67903]}, "properties": {"species": "pongo_pygmaeus", "date_acq": "2026-07-28T1802", "confidence": "n", "brightness": "316.99", "frp": "1.31", "daynight": "N"}}, {"type": "Feature", "geometry": {"type": "Point", "coordinates": [110.81018, -1.5538]}, "properties": {"species": "pongo_pygmaeus", "date_acq": "2026-07-28T1802", "confidence": "n", "brightness": "302.62", "frp": "0.66", "daynight": "N"}}, {"type": "Feature", "geometry": {"type": "Point", "coordinates": [110.21692, -2.04962]}, "properties": {"species": "pongo_pygmaeus", "date_acq": "2026-07-29T642", "confidence": "n", "brightness": "332.01", "frp": "6.66", "daynight": "D"}}, {"type": "Feature", "geometry": {"type": "Point", "coordinates": [110.9592, -2.00598]}, "properties": {"species": "pongo_pygmaeus", "date_acq": "2026-07-29T642", "confidence": "n", "brightness": "352.92", "frp": "11.56", "daynight": "D"}}, {"type": "Feature", "geometry": {"type": "Point", "coordinates": [110.9831, -1.96821]}, "properties": {"species": "pongo_pygmaeus", "date_acq": "2026-07-29T642", "confidence": "n", "brightness": "347.16", "frp": "10.17", "daynight": "D"}}, {"type": "Feature", "geometry": {"type": "Point", "coordinates": [110.98505, -1.96677]}, "properties": {"species": "pongo_pygmaeus", "date_acq": "2026-07-29T642", "confidence": "n", "brightness": "339.75", "frp": "6.03", "daynight": "D"}}, {"type": "Feature", "geometry": {"type": "Point", "coordinates": [110.22301, -1.74465]}, "properties": {"species": "pongo_pygmaeus", "date_acq": "2026-07-29T642", "confidence": "n", "brightness": "338.3", "frp": "4.8", "daynight": "D"}}, {"type": "Feature", "geometry": {"type": "Point", "coordinates": [110.08955, -1.33072]}, "properties": {"species": "pongo_pygmaeus", "date_acq": "2026-07-29T642", "confidence": "n", "brightness": "335.48", "frp": "7.19", "daynight": "D"}}, {"type": "Feature", "geometry": {"type": "Point", "coordinates": [110.07144, -1.30138]}, "properties": {"species": "pongo_pygmaeus", "date_acq": "2026-07-29T642", "confidence": "n", "brightness": "334.27", "frp": "4.8", "daynight": "D"}}, {"type": "Feature", "geometry": {"type": "Point", "coordinates": [110.98241, -1.96864]}, "properties": {"species": "pongo_pygmaeus", "date_acq": "2026-07-30T622", "confidence": "n", "brightness": "344.2", "frp": "6.1", "daynight": "D"}}, {"type": "Feature", "geometry": {"type": "Point", "coordinates": [110.93662, -1.92886]}, "properties": {"species": "pongo_pygmaeus", "date_acq": "2026-07-30T622", "confidence": "n", "brightness": "337.13", "frp": "2.45", "daynight": "D"}}, {"type": "Feature", "geometry": {"type": "Point", "coordinates": [111.26676, -1.88849]}, "properties": {"species": "pongo_pygmaeus", "date_acq": "2026-07-30T622", "confidence": "n", "brightness": "340.04", "frp": "38.32", "daynight": "D"}}, {"type": "Feature", "geometry": {"type": "Point", "coordinates": [111.2662, -1.88492]}, "properties": {"species": "pongo_pygmaeus", "date_acq": "2026-07-30T622", "confidence": "n", "brightness": "344.35", "frp": "38.32", "daynight": "D"}}, {"type": "Feature", "geometry": {"type": "Point", "coordinates": [111.34489, -1.85801]}, "properties": {"species": "pongo_pygmaeus", "date_acq": "2026-07-30T622", "confidence": "n", "brightness": "334.56", "frp": "6.67", "daynight": "D"}}, {"type": "Feature", "geometry": {"type": "Point", "coordinates": [111.34894, -1.85737]}, "properties": {"species": "pongo_pygmaeus", "date_acq": "2026-07-30T622", "confidence": "n", "brightness": "334.76", "frp": "6.67", "daynight": "D"}}, {"type": "Feature", "geometry": {"type": "Point", "coordinates": [111.35301, -1.85674]}, "properties": {"species": "pongo_pygmaeus", "date_acq": "2026-07-30T622", "confidence": "n", "brightness": "338.89", "frp": "8.38", "daynight": "D"}}, {"type": "Feature", "geometry": {"type": "Point", "coordinates": [111.35493, -1.78507]}, "properties": {"species": "pongo_pygmaeus", "date_acq": "2026-07-30T622", "confidence": "n", "brightness": "330.76", "frp": "12.49", "daynight": "D"}}, {"type": "Feature", "geometry": {"type": "Point", "coordinates": [111.98563, -1.76913]}, "properties": {"species": "pongo_pygmaeus", "date_acq": "2026-07-30T622", "confidence": "n", "brightness": "344.55", "frp": "27.51", "daynight": "D"}}, {"type": "Feature", "geometry": {"type": "Point", "coordinates": [111.98438, -1.73131]}, "properties": {"species": "pongo_pygmaeus", "date_acq": "2026-07-30T622", "confidence": "n", "brightness": "336.64", "frp": "7.23", "daynight": "D"}}, {"type": "Feature", "geometry": {"type": "Point", "coordinates": [110.17488, -1.72225]}, "properties": {"species": "pongo_pygmaeus", "date_acq": "2026-07-30T622", "confidence": "n", "brightness": "331.7", "frp": "7.88", "daynight": "D"}}, {"type": "Feature", "geometry": {"type": "Point", "coordinates": [110.27925, -1.37168]}, "properties": {"species": "pongo_pygmaeus", "date_acq": "2026-07-30T622", "confidence": "n", "brightness": "330.94", "frp": "2.55", "daynight": "D"}}, {"type": "Feature", "geometry": {"type": "Point", "coordinates": [110.26971, -1.35906]}, "properties": {"species": "pongo_pygmaeus", "date_acq": "2026-07-30T622", "confidence": "n", "brightness": "330.32", "frp": "13.37", "daynight": "D"}}, {"type": "Feature", "geometry": {"type": "Point", "coordinates": [110.26921, -1.35561]}, "properties": {"species": "pongo_pygmaeus", "date_acq": "2026-07-30T622", "confidence": "n", "brightness": "348.84", "frp": "13.37", "daynight": "D"}}, {"type": "Feature", "geometry": {"type": "Point", "coordinates": [110.26868, -1.35217]}, "properties": {"species": "pongo_pygmaeus", "date_acq": "2026-07-30T622", "confidence": "n", "brightness": "330.46", "frp": "3.17", "daynight": "D"}}, {"type": "Feature", "geometry": {"type": "Point", "coordinates": [110.09366, -1.34452]}, "properties": {"species": "pongo_pygmaeus", "date_acq": "2026-07-30T622", "confidence": "n", "brightness": "336.53", "frp": "3.48", "daynight": "D"}}, {"type": "Feature", "geometry": {"type": "Point", "coordinates": [110.07691, -1.30855]}, "properties": {"species": "pongo_pygmaeus", "date_acq": "2026-07-30T622", "confidence": "n", "brightness": "341.2", "frp": "9.47", "daynight": "D"}}, {"type": "Feature", "geometry": {"type": "Point", "coordinates": [110.08006, -1.30456]}, "properties": {"species": "pongo_pygmaeus", "date_acq": "2026-07-30T622", "confidence": "n", "brightness": "336.97", "frp": "9.75", "daynight": "D"}}, {"type": "Feature", "geometry": {"type": "Point", "coordinates": [110.07536, -1.29827]}, "properties": {"species": "pongo_pygmaeus", "date_acq": "2026-07-30T622", "confidence": "n", "brightness": "349.6", "frp": "11.74", "daynight": "D"}}, {"type": "Feature", "geometry": {"type": "Point", "coordinates": [110.07903, -1.29771]}, "properties": {"species": "pongo_pygmaeus", "date_acq": "2026-07-30T622", "confidence": "n", "brightness": "336.27", "frp": "6.14", "daynight": "D"}}, {"type": "Feature", "geometry": {"type": "Point", "coordinates": [110.75749, -0.95125]}, "properties": {"species": "pongo_pygmaeus", "date_acq": "2026-07-30T622", "confidence": "n", "brightness": "336.13", "frp": "5.32", "daynight": "D"}}, {"type": "Feature", "geometry": {"type": "Point", "coordinates": [117.27087, 0.50296]}, "properties": {"species": "pongo_pygmaeus", "date_acq": "2026-07-30T625", "confidence": "n", "brightness": "327.28", "frp": "3.17", "daynight": "D"}}, {"type": "Feature", "geometry": {"type": "Point", "coordinates": [113.34233, -1.66956]}, "properties": {"species": "pongo_pygmaeus", "date_acq": "2026-07-30T1724", "confidence": "n", "brightness": "302.23", "frp": "0.64", "daynight": "N"}}, {"type": "Feature", "geometry": {"type": "Point", "coordinates": [114.25867, -1.29006]}, "properties": {"species": "pongo_pygmaeus", "date_acq": "2026-07-30T1724", "confidence": "n", "brightness": "305.68", "frp": "0.4", "daynight": "N"}}, {"type": "Feature", "geometry": {"type": "Point", "coordinates": [113.37799, -1.23556]}, "properties": {"species": "pongo_pygmaeus", "date_acq": "2026-07-30T1724", "confidence": "n", "brightness": "304.2", "frp": "0.36", "daynight": "N"}}, {"type": "Feature", "geometry": {"type": "Point", "coordinates": [115.00443, -1.90582]}, "properties": {"species": "pongo_pygmaeus", "date_acq": "2026-07-31T603", "confidence": "n", "brightness": "333.04", "frp": "1.93", "daynight": "D"}}, {"type": "Feature", "geometry": {"type": "Point", "coordinates": [111.35386, -1.86349]}, "properties": {"species": "pongo_pygmaeus", "date_acq": "2026-07-31T603", "confidence": "n", "brightness": "341.49", "frp": "27.71", "daynight": "D"}}, {"type": "Feature", "geometry": {"type": "Point", "coordinates": [110.77277, -1.58836]}, "properties": {"species": "pongo_pygmaeus", "date_acq": "2026-07-31T603", "confidence": "n", "brightness": "343.39", "frp": "6.78", "daynight": "D"}}, {"type": "Feature", "geometry": {"type": "Point", "coordinates": [110.77267, -1.58744]}, "properties": {"species": "pongo_pygmaeus", "date_acq": "2026-07-31T603", "confidence": "n", "brightness": "337.32", "frp": "6.36", "daynight": "D"}}, {"type": "Feature", "geometry": {"type": "Point", "coordinates": [110.8196, -1.55875]}, "properties": {"species": "pongo_pygmaeus", "date_acq": "2026-07-31T603", "confidence": "n", "brightness": "333.35", "frp": "5.54", "daynight": "D"}}, {"type": "Feature", "geometry": {"type": "Point", "coordinates": [110.27219, -1.35725]}, "properties": {"species": "pongo_pygmaeus", "date_acq": "2026-07-31T603", "confidence": "n", "brightness": "345.47", "frp": "22.66", "daynight": "D"}}, {"type": "Feature", "geometry": {"type": "Point", "coordinates": [110.09991, -1.34175]}, "properties": {"species": "pongo_pygmaeus", "date_acq": "2026-07-31T603", "confidence": "n", "brightness": "330.53", "frp": "3.94", "daynight": "D"}}, {"type": "Feature", "geometry": {"type": "Point", "coordinates": [110.92239, -1.28062]}, "properties": {"species": "pongo_pygmaeus", "date_acq": "2026-07-31T603", "confidence": "n", "brightness": "334.16", "frp": "4.73", "daynight": "D"}}, {"type": "Feature", "geometry": {"type": "Point", "coordinates": [111.03063, -1.15641]}, "properties": {"species": "pongo_pygmaeus", "date_acq": "2026-07-31T603", "confidence": "n", "brightness": "332.2", "frp": "3.62", "daynight": "D"}}, {"type": "Feature", "geometry": {"type": "Point", "coordinates": [112.17804, -0.92491]}, "properties": {"species": "pongo_pygmaeus", "date_acq": "2026-07-31T603", "confidence": "n", "brightness": "333.92", "frp": "5.05", "daynight": "D"}}, {"type": "Feature", "geometry": {"type": "Point", "coordinates": [112.17754, -0.92156]}, "properties": {"species": "pongo_pygmaeus", "date_acq": "2026-07-31T603", "confidence": "n", "brightness": "330.46", "frp": "5.05", "daynight": "D"}}, {"type": "Feature", "geometry": {"type": "Point", "coordinates": [114.73479, -0.91106]}, "properties": {"species": "pongo_pygmaeus", "date_acq": "2026-07-31T603", "confidence": "n", "brightness": "344.72", "frp": "4.35", "daynight": "D"}}, {"type": "Feature", "geometry": {"type": "Point", "coordinates": [112.14886, -0.78382]}, "properties": {"species": "pongo_pygmaeus", "date_acq": "2026-07-31T603", "confidence": "n", "brightness": "334.93", "frp": "22.54", "daynight": "D"}}, {"type": "Feature", "geometry": {"type": "Point", "coordinates": [112.20171, -0.56975]}, "properties": {"species": "pongo_pygmaeus", "date_acq": "2026-07-31T603", "confidence": "h", "brightness": "367", "frp": "251.83", "daynight": "D"}}, {"type": "Feature", "geometry": {"type": "Point", "coordinates": [117.22106, 1.34029]}, "properties": {"species": "pongo_pygmaeus", "date_acq": "2026-07-31T603", "confidence": "n", "brightness": "334.14", "frp": "3.76", "daynight": "D"}}, {"type": "Feature", "geometry": {"type": "Point", "coordinates": [117.21809, 1.34194]}, "properties": {"species": "pongo_pygmaeus", "date_acq": "2026-07-31T603", "confidence": "n", "brightness": "333.14", "frp": "3.04", "daynight": "D"}}, {"type": "Feature", "geometry": {"type": "Point", "coordinates": [117.04544, 1.47229]}, "properties": {"species": "pongo_pygmaeus", "date_acq": "2026-07-31T603", "confidence": "n", "brightness": "341.41", "frp": "11.69", "daynight": "D"}}, {"type": "Feature", "geometry": {"type": "Point", "coordinates": [117.0448, 1.47623]}, "properties": {"species": "pongo_pygmaeus", "date_acq": "2026-07-31T603", "confidence": "n", "brightness": "335.65", "frp": "11.69", "daynight": "D"}}, {"type": "Feature", "geometry": {"type": "Point", "coordinates": [110.14253, -1.74494]}, "properties": {"species": "pongo_pygmaeus", "date_acq": "2026-07-31T1845", "confidence": "n", "brightness": "306.37", "frp": "3.49", "daynight": "N"}}, {"type": "Feature", "geometry": {"type": "Point", "coordinates": [110.14953, -1.74115]}, "properties": {"species": "pongo_pygmaeus", "date_acq": "2026-07-31T1845", "confidence": "n", "brightness": "307.1", "frp": "1.59", "daynight": "N"}}, {"type": "Feature", "geometry": {"type": "Point", "coordinates": [110.14896, -1.74081]}, "properties": {"species": "pongo_pygmaeus", "date_acq": "2026-07-31T1845", "confidence": "n", "brightness": "313.68", "frp": "3.49", "daynight": "N"}}, {"type": "Feature", "geometry": {"type": "Point", "coordinates": [110.14389, -1.74026]}, "properties": {"species": "pongo_pygmaeus", "date_acq": "2026-07-31T1845", "confidence": "n", "brightness": "325.35", "frp": "4.85", "daynight": "N"}}, {"type": "Feature", "geometry": {"type": "Point", "coordinates": [110.14333, -1.73997]}, "properties": {"species": "pongo_pygmaeus", "date_acq": "2026-07-31T1845", "confidence": "n", "brightness": "332.56", "frp": "3.49", "daynight": "N"}}, {"type": "Feature", "geometry": {"type": "Point", "coordinates": [110.13828, -1.73937]}, "properties": {"species": "pongo_pygmaeus", "date_acq": "2026-07-31T1845", "confidence": "n", "brightness": "328.36", "frp": "4.85", "daynight": "N"}}, {"type": "Feature", "geometry": {"type": "Point", "coordinates": [110.1503, -1.73617]}, "properties": {"species": "pongo_pygmaeus", "date_acq": "2026-07-31T1845", "confidence": "n", "brightness": "304.74", "frp": "1.59", "daynight": "N"}}, {"type": "Feature", "geometry": {"type": "Point", "coordinates": [110.14975, -1.73583]}, "properties": {"species": "pongo_pygmaeus", "date_acq": "2026-07-31T1845", "confidence": "n", "brightness": "310.96", "frp": "4.33", "daynight": "N"}}, {"type": "Feature", "geometry": {"type": "Point", "coordinates": [110.14466, -1.73528]}, "properties": {"species": "pongo_pygmaeus", "date_acq": "2026-07-31T1845", "confidence": "n", "brightness": "328.82", "frp": "4.85", "daynight": "N"}}, {"type": "Feature", "geometry": {"type": "Point", "coordinates": [110.14411, -1.73499]}, "properties": {"species": "pongo_pygmaeus", "date_acq": "2026-07-31T1845", "confidence": "n", "brightness": "327.58", "frp": "4.33", "daynight": "N"}}, {"type": "Feature", "geometry": {"type": "Point", "coordinates": [110.14545, -1.7303]}, "properties": {"species": "pongo_pygmaeus", "date_acq": "2026-07-31T1845", "confidence": "n", "brightness": "304.99", "frp": "1.09", "daynight": "N"}}, {"type": "Feature", "geometry": {"type": "Point", "coordinates": [110.07539, -1.59642]}, "properties": {"species": "pongo_pygmaeus", "date_acq": "2026-07-31T1845", "confidence": "n", "brightness": "306.89", "frp": "1.24", "daynight": "N"}}, {"type": "Feature", "geometry": {"type": "Point", "coordinates": [110.67558, -2.01114]}, "properties": {"species": "pongo_pygmaeus", "date_acq": "2026-08-01T546", "confidence": "n", "brightness": "339.91", "frp": "7.05", "daynight": "D"}}, {"type": "Feature", "geometry": {"type": "Point", "coordinates": [110.6771, -2.00604]}, "properties": {"species": "pongo_pygmaeus", "date_acq": "2026-08-01T546", "confidence": "n", "brightness": "339.83", "frp": "7.61", "daynight": "D"}}, {"type": "Feature", "geometry": {"type": "Point", "coordinates": [110.14586, -1.90452]}, "properties": {"species": "pongo_pygmaeus", "date_acq": "2026-08-01T546", "confidence": "n", "brightness": "331.14", "frp": "9.7", "daynight": "D"}}, {"type": "Feature", "geometry": {"type": "Point", "coordinates": [110.14375, -1.90365]}, "properties": {"species": "pongo_pygmaeus", "date_acq": "2026-08-01T546", "confidence": "n", "brightness": "328.79", "frp": "18.22", "daynight": "D"}}, {"type": "Feature", "geometry": {"type": "Point", "coordinates": [110.1492, -1.9028]}, "properties": {"species": "pongo_pygmaeus", "date_acq": "2026-08-01T546", "confidence": "n", "brightness": "352.09", "frp": "65.92", "daynight": "D"}}, {"type": "Feature", "geometry": {"type": "Point", "coordinates": [110.1506, -1.8988]}, "properties": {"species": "pongo_pygmaeus", "date_acq": "2026-08-01T546", "confidence": "n", "brightness": "344.06", "frp": "142.8", "daynight": "D"}}, {"type": "Feature", "geometry": {"type": "Point", "coordinates": [110.14849, -1.89788]}, "properties": {"species": "pongo_pygmaeus", "date_acq": "2026-08-01T546", "confidence": "n", "brightness": "352.24", "frp": "65.92", "daynight": "D"}}, {"type": "Feature", "geometry": {"type": "Point", "coordinates": [111.63203, -1.77889]}, "properties": {"species": "pongo_pygmaeus", "date_acq": "2026-08-01T546", "confidence": "n", "brightness": "341.91", "frp": "4.57", "daynight": "D"}}, {"type": "Feature", "geometry": {"type": "Point", "coordinates": [111.63427, -1.77768]}, "properties": {"species": "pongo_pygmaeus", "date_acq": "2026-08-01T546", "confidence": "n", "brightness": "340.62", "frp": "4.88", "daynight": "D"}}, {"type": "Feature", "geometry": {"type": "Point", "coordinates": [111.54465, -1.76062]}, "properties": {"species": "pongo_pygmaeus", "date_acq": "2026-08-01T546", "confidence": "n", "brightness": "336.32", "frp": "31.78", "daynight": "D"}}, {"type": "Feature", "geometry": {"type": "Point", "coordinates": [111.549, -1.75995]}, "properties": {"species": "pongo_pygmaeus", "date_acq": "2026-08-01T546", "confidence": "n", "brightness": "342.36", "frp": "31.78", "daynight": "D"}}, {"type": "Feature", "geometry": {"type": "Point", "coordinates": [111.54403, -1.75616]}, "properties": {"species": "pongo_pygmaeus", "date_acq": "2026-08-01T546", "confidence": "n", "brightness": "344.71", "frp": "10.67", "daynight": "D"}}, {"type": "Feature", "geometry": {"type": "Point", "coordinates": [111.54839, -1.75549]}, "properties": {"species": "pongo_pygmaeus", "date_acq": "2026-08-01T546", "confidence": "n", "brightness": "332.22", "frp": "10.67", "daynight": "D"}}, {"type": "Feature", "geometry": {"type": "Point", "coordinates": [110.21791, -1.75477]}, "properties": {"species": "pongo_pygmaeus", "date_acq": "2026-08-01T546", "confidence": "n", "brightness": "329.47", "frp": "11.17", "daynight": "D"}}, {"type": "Feature", "geometry": {"type": "Point", "coordinates": [110.13895, -1.74183]}, "properties": {"species": "pongo_pygmaeus", "date_acq": "2026-08-01T546", "confidence": "n", "brightness": "342.41", "frp": "12.58", "daynight": "D"}}, {"type": "Feature", "geometry": {"type": "Point", "coordinates": [110.14438, -1.741]}, "properties": {"species": "pongo_pygmaeus", "date_acq": "2026-08-01T546", "confidence": "n", "brightness": "341.3", "frp": "12.58", "daynight": "D"}}, {"type": "Feature", "geometry": {"type": "Point", "coordinates": [110.14365, -1.7361]}, "properties": {"species": "pongo_pygmaeus", "date_acq": "2026-08-01T546", "confidence": "n", "brightness": "331.38", "frp": "6.66", "daynight": "D"}}, {"type": "Feature", "geometry": {"type": "Point", "coordinates": [110.14907, -1.73528]}, "properties": {"species": "pongo_pygmaeus", "date_acq": "2026-08-01T546", "confidence": "n", "brightness": "336.19", "frp": "5.61", "daynight": "D"}}, {"type": "Feature", "geometry": {"type": "Point", "coordinates": [110.68589, -1.60557]}, "properties": {"species": "pongo_pygmaeus", "date_acq": "2026-08-01T546", "confidence": "n", "brightness": "335.19", "frp": "7.56", "daynight": "D"}}, {"type": "Feature", "geometry": {"type": "Point", "coordinates": [110.68816, -1.60422]}, "properties": {"species": "pongo_pygmaeus", "date_acq": "2026-08-01T546", "confidence": "n", "brightness": "337.05", "frp": "8.35", "daynight": "D"}}, {"type": "Feature", "geometry": {"type": "Point", "coordinates": [114.68286, -1.4836]}, "properties": {"species": "pongo_pygmaeus", "date_acq": "2026-08-01T546", "confidence": "n", "brightness": "331.45", "frp": "3.67", "daynight": "D"}}, {"type": "Feature", "geometry": {"type": "Point", "coordinates": [114.20261, -1.28021]}, "properties": {"species": "pongo_pygmaeus", "date_acq": "2026-08-01T546", "confidence": "n", "brightness": "335.41", "frp": "4.37", "daynight": "D"}}, {"type": "Feature", "geometry": {"type": "Point", "coordinates": [114.20383, -1.27899]}, "properties": {"species": "pongo_pygmaeus", "date_acq": "2026-08-01T546", "confidence": "n", "brightness": "332.59", "frp": "4.33", "daynight": "D"}}, {"type": "Feature", "geometry": {"type": "Point", "coordinates": [114.13689, -1.2244]}, "properties": {"species": "pongo_pygmaeus", "date_acq": "2026-08-01T546", "confidence": "n", "brightness": "331.63", "frp": "4.13", "daynight": "D"}}, {"type": "Feature", "geometry": {"type": "Point", "coordinates": [111.7821, -0.85894]}, "properties": {"species": "pongo_pygmaeus", "date_acq": "2026-08-01T546", "confidence": "n", "brightness": "348.96", "frp": "9.96", "daynight": "D"}}, {"type": "Feature", "geometry": {"type": "Point", "coordinates": [111.32532, -0.66909]}, "properties": {"species": "pongo_pygmaeus", "date_acq": "2026-08-01T546", "confidence": "n", "brightness": "343.36", "frp": "12.83", "daynight": "D"}}, {"type": "Feature", "geometry": {"type": "Point", "coordinates": [111.26997, -0.56127]}, "properties": {"species": "pongo_pygmaeus", "date_acq": "2026-08-01T546", "confidence": "n", "brightness": "332.52", "frp": "3.9", "daynight": "D"}}, {"type": "Feature", "geometry": {"type": "Point", "coordinates": [114.05481, -0.33162]}, "properties": {"species": "pongo_pygmaeus", "date_acq": "2026-08-01T546", "confidence": "n", "brightness": "327.51", "frp": "2.49", "daynight": "D"}}, {"type": "Feature", "geometry": {"type": "Point", "coordinates": [117.21664, 0.57615]}, "properties": {"species": "pongo_pygmaeus", "date_acq": "2026-08-01T546", "confidence": "n", "brightness": "333.23", "frp": "3.15", "daynight": "D"}}, {"type": "Feature", "geometry": {"type": "Point", "coordinates": [117.11406, 1.04691]}, "properties": {"species": "pongo_pygmaeus", "date_acq": "2026-08-01T546", "confidence": "n", "brightness": "331", "frp": "1.76", "daynight": "D"}}, {"type": "Feature", "geometry": {"type": "Point", "coordinates": [117.22443, 1.28696]}, "properties": {"species": "pongo_pygmaeus", "date_acq": "2026-08-01T546", "confidence": "n", "brightness": "339.74", "frp": "3.82", "daynight": "D"}}, {"type": "Feature", "geometry": {"type": "Point", "coordinates": [117.24994, 1.35207]}, "properties": {"species": "pongo_pygmaeus", "date_acq": "2026-08-01T546", "confidence": "n", "brightness": "333.64", "frp": "4.15", "daynight": "D"}}, {"type": "Feature", "geometry": {"type": "Point", "coordinates": [117.25207, 1.35487]}, "properties": {"species": "pongo_pygmaeus", "date_acq": "2026-08-01T546", "confidence": "n", "brightness": "333.77", "frp": "8.4", "daynight": "D"}}, {"type": "Feature", "geometry": {"type": "Point", "coordinates": [117.23976, 1.48178]}, "properties": {"species": "pongo_pygmaeus", "date_acq": "2026-08-01T546", "confidence": "n", "brightness": "340.98", "frp": "4.32", "daynight": "D"}}, {"type": "Feature", "geometry": {"type": "Point", "coordinates": [117.19762, 1.66141]}, "properties": {"species": "pongo_pygmaeus", "date_acq": "2026-08-01T546", "confidence": "n", "brightness": "336.67", "frp": "2.9", "daynight": "D"}}, {"type": "Feature", "geometry": {"type": "Point", "coordinates": [117.20085, 1.68179]}, "properties": {"species": "pongo_pygmaeus", "date_acq": "2026-08-01T546", "confidence": "n", "brightness": "334.24", "frp": "3.18", "daynight": "D"}}, {"type": "Feature", "geometry": {"type": "Point", "coordinates": [111.2756, -1.86969]}, "properties": {"species": "pongo_pygmaeus", "date_acq": "2026-08-01T1826", "confidence": "n", "brightness": "324.27", "frp": "4.01", "daynight": "N"}}, {"type": "Feature", "geometry": {"type": "Point", "coordinates": [110.22241, -1.75334]}, "properties": {"species": "pongo_pygmaeus", "date_acq": "2026-08-01T1826", "confidence": "n", "brightness": "313.46", "frp": "1.89", "daynight": "N"}}, {"type": "Feature", "geometry": {"type": "Point", "coordinates": [110.21818, -1.75267]}, "properties": {"species": "pongo_pygmaeus", "date_acq": "2026-08-01T1826", "confidence": "n", "brightness": "313.88", "frp": "1.89", "daynight": "N"}}, {"type": "Feature", "geometry": {"type": "Point", "coordinates": [110.21987, -1.75258]}, "properties": {"species": "pongo_pygmaeus", "date_acq": "2026-08-01T1826", "confidence": "n", "brightness": "324.27", "frp": "2.92", "daynight": "N"}}, {"type": "Feature", "geometry": {"type": "Point", "coordinates": [110.14615, -1.74116]}, "properties": {"species": "pongo_pygmaeus", "date_acq": "2026-08-01T1826", "confidence": "n", "brightness": "308.27", "frp": "2.66", "daynight": "N"}}, {"type": "Feature", "geometry": {"type": "Point", "coordinates": [110.14349, -1.74084]}, "properties": {"species": "pongo_pygmaeus", "date_acq": "2026-08-01T1826", "confidence": "n", "brightness": "319.26", "frp": "2.95", "daynight": "N"}}, {"type": "Feature", "geometry": {"type": "Point", "coordinates": [110.14194, -1.74048]}, "properties": {"species": "pongo_pygmaeus", "date_acq": "2026-08-01T1826", "confidence": "n", "brightness": "321.66", "frp": "2.66", "daynight": "N"}}, {"type": "Feature", "geometry": {"type": "Point", "coordinates": [110.13927, -1.74019]}, "properties": {"species": "pongo_pygmaeus", "date_acq": "2026-08-01T1826", "confidence": "n", "brightness": "307.07", "frp": "1.09", "daynight": "N"}}, {"type": "Feature", "geometry": {"type": "Point", "coordinates": [110.14828, -1.73784]}, "properties": {"species": "pongo_pygmaeus", "date_acq": "2026-08-01T1826", "confidence": "n", "brightness": "336.11", "frp": "3.03", "daynight": "N"}}, {"type": "Feature", "geometry": {"type": "Point", "coordinates": [110.14672, -1.73751]}, "properties": {"species": "pongo_pygmaeus", "date_acq": "2026-08-01T1826", "confidence": "n", "brightness": "339.63", "frp": "2.66", "daynight": "N"}}, {"type": "Feature", "geometry": {"type": "Point", "coordinates": [110.14405, -1.73719]}, "properties": {"species": "pongo_pygmaeus", "date_acq": "2026-08-01T1826", "confidence": "n", "brightness": "316.65", "frp": "3.03", "daynight": "N"}}, {"type": "Feature", "geometry": {"type": "Point", "coordinates": [110.14251, -1.73684]}, "properties": {"species": "pongo_pygmaeus", "date_acq": "2026-08-01T1826", "confidence": "n", "brightness": "318.39", "frp": "2.66", "daynight": "N"}}, {"type": "Feature", "geometry": {"type": "Point", "coordinates": [110.13985, -1.73655]}, "properties": {"species": "pongo_pygmaeus", "date_acq": "2026-08-01T1826", "confidence": "n", "brightness": "315.6", "frp": "1.59", "daynight": "N"}}, {"type": "Feature", "geometry": {"type": "Point", "coordinates": [110.14886, -1.73419]}, "properties": {"species": "pongo_pygmaeus", "date_acq": "2026-08-01T1826", "confidence": "n", "brightness": "314.81", "frp": "3.03", "daynight": "N"}}, {"type": "Feature", "geometry": {"type": "Point", "coordinates": [110.14729, -1.73387]}, "properties": {"species": "pongo_pygmaeus", "date_acq": "2026-08-01T1826", "confidence": "n", "brightness": "325.75", "frp": "2.66", "daynight": "N"}}, {"type": "Feature", "geometry": {"type": "Point", "coordinates": [110.14463, -1.73355]}, "properties": {"species": "pongo_pygmaeus", "date_acq": "2026-08-01T1826", "confidence": "n", "brightness": "327.36", "frp": "3.03", "daynight": "N"}}, {"type": "Feature", "geometry": {"type": "Point", "coordinates": [110.14307, -1.7332]}, "properties": {"species": "pongo_pygmaeus", "date_acq": "2026-08-01T1826", "confidence": "n", "brightness": "321.57", "frp": "2.66", "daynight": "N"}}, {"type": "Feature", "geometry": {"type": "Point", "coordinates": [110.14042, -1.7329]}, "properties": {"species": "pongo_pygmaeus", "date_acq": "2026-08-01T1826", "confidence": "n", "brightness": "307.57", "frp": "1.59", "daynight": "N"}}, {"type": "Feature", "geometry": {"type": "Point", "coordinates": [110.25917, -1.12886]}, "properties": {"species": "pongo_pygmaeus", "date_acq": "2026-08-01T1826", "confidence": "n", "brightness": "306.24", "frp": "0.75", "daynight": "N"}}, {"type": "Feature", "geometry": {"type": "Point", "coordinates": [110.1494, -1.90567]}, "properties": {"species": "pongo_pygmaeus", "date_acq": "2026-08-01T1828", "confidence": "n", "brightness": "327.04", "frp": "21.2", "daynight": "N"}}, {"type": "Feature", "geometry": {"type": "Point", "coordinates": [110.14092, -1.90434]}, "properties": {"species": "pongo_pygmaeus", "date_acq": "2026-08-01T1828", "confidence": "n", "brightness": "324.41", "frp": "19.32", "daynight": "N"}}, {"type": "Feature", "geometry": {"type": "Point", "coordinates": [110.14996, -1.90201]}, "properties": {"species": "pongo_pygmaeus", "date_acq": "2026-08-01T1828", "confidence": "n", "brightness": "346.97", "frp": "21.2", "daynight": "N"}}, {"type": "Feature", "geometry": {"type": "Point", "coordinates": [110.14572, -1.90135]}, "properties": {"species": "pongo_pygmaeus", "date_acq": "2026-08-01T1828", "confidence": "n", "brightness": "357.04", "frp": "21.2", "daynight": "N"}}, {"type": "Feature", "geometry": {"type": "Point", "coordinates": [110.14149, -1.90069]}, "properties": {"species": "pongo_pygmaeus", "date_acq": "2026-08-01T1828", "confidence": "n", "brightness": "350.3", "frp": "19.32", "daynight": "N"}}, {"type": "Feature", "geometry": {"type": "Point", "coordinates": [110.15052, -1.89836]}, "properties": {"species": "pongo_pygmaeus", "date_acq": "2026-08-01T1828", "confidence": "n", "brightness": "329.08", "frp": "17.22", "daynight": "N"}}, {"type": "Feature", "geometry": {"type": "Point", "coordinates": [110.14629, -1.8977]}, "properties": {"species": "pongo_pygmaeus", "date_acq": "2026-08-01T1828", "confidence": "h", "brightness": "367", "frp": "17.22", "daynight": "N"}}, {"type": "Feature", "geometry": {"type": "Point", "coordinates": [110.14204, -1.89704]}, "properties": {"species": "pongo_pygmaeus", "date_acq": "2026-08-01T1828", "confidence": "h", "brightness": "367", "frp": "10.03", "daynight": "N"}}, {"type": "Feature", "geometry": {"type": "Point", "coordinates": [110.13781, -1.89638]}, "properties": {"species": "pongo_pygmaeus", "date_acq": "2026-08-01T1828", "confidence": "n", "brightness": "304.18", "frp": "10.03", "daynight": "N"}}, {"type": "Feature", "geometry": {"type": "Point", "coordinates": [110.15109, -1.89471]}, "properties": {"species": "pongo_pygmaeus", "date_acq": "2026-08-01T1828", "confidence": "n", "brightness": "327.61", "frp": "17.22", "daynight": "N"}}, {"type": "Feature", "geometry": {"type": "Point", "coordinates": [110.14686, -1.89405]}, "properties": {"species": "pongo_pygmaeus", "date_acq": "2026-08-01T1828", "confidence": "h", "brightness": "367", "frp": "17.22", "daynight": "N"}}, {"type": "Feature", "geometry": {"type": "Point", "coordinates": [110.14262, -1.89339]}, "properties": {"species": "pongo_pygmaeus", "date_acq": "2026-08-01T1828", "confidence": "n", "brightness": "323.66", "frp": "10.03", "daynight": "N"}}, {"type": "Feature", "geometry": {"type": "Point", "coordinates": [110.13461, -1.90783]}, "properties": {"species": "pongo_pygmaeus", "date_acq": "2026-08-02T525", "confidence": "n", "brightness": "334.18", "frp": "17.85", "daynight": "D"}}, {"type": "Feature", "geometry": {"type": "Point", "coordinates": [110.13561, -1.90395]}, "properties": {"species": "pongo_pygmaeus", "date_acq": "2026-08-02T525", "confidence": "n", "brightness": "351.84", "frp": "26.75", "daynight": "D"}}, {"type": "Feature", "geometry": {"type": "Point", "coordinates": [110.14146, -1.90308]}, "properties": {"species": "pongo_pygmaeus", "date_acq": "2026-08-02T525", "confidence": "h", "brightness": "367", "frp": "58.51", "daynight": "D"}}, {"type": "Feature", "geometry": {"type": "Point", "coordinates": [110.14729, -1.90221]}, "properties": {"species": "pongo_pygmaeus", "date_acq": "2026-08-02T525", "confidence": "h", "brightness": "367", "frp": "58.51", "daynight": "D"}}, {"type": "Feature", "geometry": {"type": "Point", "coordinates": [110.15314, -1.90135]}, "properties": {"species": "pongo_pygmaeus", "date_acq": "2026-08-02T525", "confidence": "n", "brightness": "332.24", "frp": "25.43", "daynight": "D"}}, {"type": "Feature", "geometry": {"type": "Point", "coordinates": [110.13368, -1.90112]}, "properties": {"species": "pongo_pygmaeus", "date_acq": "2026-08-02T525", "confidence": "h", "brightness": "367", "frp": "44.26", "daynight": "D"}}, {"type": "Feature", "geometry": {"type": "Point", "coordinates": [110.13953, -1.90021]}, "properties": {"species": "pongo_pygmaeus", "date_acq": "2026-08-02T525", "confidence": "h", "brightness": "367", "frp": "44.26", "daynight": "D"}}, {"type": "Feature", "geometry": {"type": "Point", "coordinates": [110.14537, -1.89931]}, "properties": {"species": "pongo_pygmaeus", "date_acq": "2026-08-02T525", "confidence": "h", "brightness": "367", "frp": "23.95", "daynight": "D"}}, {"type": "Feature", "geometry": {"type": "Point", "coordinates": [110.15122, -1.8984]}, "properties": {"species": "pongo_pygmaeus", "date_acq": "2026-08-02T525", "confidence": "n", "brightness": "351.6", "frp": "23.95", "daynight": "D"}}, {"type": "Feature", "geometry": {"type": "Point", "coordinates": [110.13461, -1.89724]}, "properties": {"species": "pongo_pygmaeus", "date_acq": "2026-08-02T525", "confidence": "n", "brightness": "339.09", "frp": "18.93", "daynight": "D"}}, {"type": "Feature", "geometry": {"type": "Point", "coordinates": [110.14046, -1.89637]}, "properties": {"species": "pongo_pygmaeus", "date_acq": "2026-08-02T525", "confidence": "h", "brightness": "367", "frp": "28.8", "daynight": "D"}}, {"type": "Feature", "geometry": {"type": "Point", "coordinates": [110.14633, -1.89551]}, "properties": {"species": "pongo_pygmaeus", "date_acq": "2026-08-02T525", "confidence": "h", "brightness": "367", "frp": "28.8", "daynight": "D"}}, {"type": "Feature", "geometry": {"type": "Point", "coordinates": [110.15218, -1.89464]}, "properties": {"species": "pongo_pygmaeus", "date_acq": "2026-08-02T525", "confidence": "n", "brightness": "341.02", "frp": "23.05", "daynight": "D"}}, {"type": "Feature", "geometry": {"type": "Point", "coordinates": [110.1444, -1.8926]}, "properties": {"species": "pongo_pygmaeus", "date_acq": "2026-08-02T525", "confidence": "h", "brightness": "367", "frp": "23.95", "daynight": "D"}}, {"type": "Feature", "geometry": {"type": "Point", "coordinates": [110.15023, -1.8917]}, "properties": {"species": "pongo_pygmaeus", "date_acq": "2026-08-02T525", "confidence": "n", "brightness": "353.77", "frp": "23.95", "daynight": "D"}}, {"type": "Feature", "geometry": {"type": "Point", "coordinates": [112.00411, -1.76843]}, "properties": {"species": "pongo_pygmaeus", "date_acq": "2026-08-02T525", "confidence": "h", "brightness": "367", "frp": "18.35", "daynight": "D"}}, {"type": "Feature", "geometry": {"type": "Point", "coordinates": [110.14333, -1.73959]}, "properties": {"species": "pongo_pygmaeus", "date_acq": "2026-08-02T525", "confidence": "n", "brightness": "332.31", "frp": "7.99", "daynight": "D"}}, {"type": "Feature", "geometry": {"type": "Point", "coordinates": [110.09476, -1.33107]}, "properties": {"species": "pongo_pygmaeus", "date_acq": "2026-08-02T525", "confidence": "n", "brightness": "329.95", "frp": "8.94", "daynight": "D"}}, {"type": "Feature", "geometry": {"type": "Point", "coordinates": [110.65637, -1.04583]}, "properties": {"species": "pongo_pygmaeus", "date_acq": "2026-08-02T525", "confidence": "n", "brightness": "328.71", "frp": "97.53", "daynight": "D"}}, {"type": "Feature", "geometry": {"type": "Point", "coordinates": [110.65935, -1.04561]}, "properties": {"species": "pongo_pygmaeus", "date_acq": "2026-08-02T525", "confidence": "n", "brightness": "344.65", "frp": "69.28", "daynight": "D"}}, {"type": "Feature", "geometry": {"type": "Point", "coordinates": [110.66155, -1.04503]}, "properties": {"species": "pongo_pygmaeus", "date_acq": "2026-08-02T525", "confidence": "l", "brightness": "208", "frp": "97.53", "daynight": "D"}}, {"type": "Feature", "geometry": {"type": "Point", "coordinates": [110.66453, -1.04484]}, "properties": {"species": "pongo_pygmaeus", "date_acq": "2026-08-02T525", "confidence": "n", "brightness": "354.07", "frp": "104.01", "daynight": "D"}}, {"type": "Feature", "geometry": {"type": "Point", "coordinates": [110.66673, -1.04422]}, "properties": {"species": "pongo_pygmaeus", "date_acq": "2026-08-02T525", "confidence": "h", "brightness": "367", "frp": "222.74", "daynight": "D"}}, {"type": "Feature", "geometry": {"type": "Point", "coordinates": [110.66972, -1.04407]}, "properties": {"species": "pongo_pygmaeus", "date_acq": "2026-08-02T525", "confidence": "n", "brightness": "332.59", "frp": "104.01", "daynight": "D"}}, {"type": "Feature", "geometry": {"type": "Point", "coordinates": [110.66094, -1.03855]}, "properties": {"species": "pongo_pygmaeus", "date_acq": "2026-08-02T525", "confidence": "n", "brightness": "349.48", "frp": "46.25", "daynight": "D"}}, {"type": "Feature", "geometry": {"type": "Point", "coordinates": [110.66595, -1.03777]}, "properties": {"species": "pongo_pygmaeus", "date_acq": "2026-08-02T525", "confidence": "l", "brightness": "356.38", "frp": "50.7", "daynight": "D"}}, {"type": "Feature", "geometry": {"type": "Point", "coordinates": [110.98575, -0.72459]}, "properties": {"species": "pongo_pygmaeus", "date_acq": "2026-08-02T525", "confidence": "n", "brightness": "332.33", "frp": "5.63", "daynight": "D"}}, {"type": "Feature", "geometry": {"type": "Point", "coordinates": [112.59677, -0.38228]}, "properties": {"species": "pongo_pygmaeus", "date_acq": "2026-08-02T525", "confidence": "h", "brightness": "367", "frp": "13.15", "daynight": "D"}}, {"type": "Feature", "geometry": {"type": "Point", "coordinates": [112.60055, -0.3817]}, "properties": {"species": "pongo_pygmaeus", "date_acq": "2026-08-02T525", "confidence": "n", "brightness": "346.24", "frp": "15.61", "daynight": "D"}}, {"type": "Feature", "geometry": {"type": "Point", "coordinates": [117.2268, 0.48077]}, "properties": {"species": "pongo_pygmaeus", "date_acq": "2026-08-02T525", "confidence": "n", "brightness": "337.6", "frp": "8.08", "daynight": "D"}}, {"type": "Feature", "geometry": {"type": "Point", "coordinates": [117.22623, 0.48123]}, "properties": {"species": "pongo_pygmaeus", "date_acq": "2026-08-02T525", "confidence": "n", "brightness": "338.5", "frp": "7.5", "daynight": "D"}}, {"type": "Feature", "geometry": {"type": "Point", "coordinates": [117.18614, 0.53292]}, "properties": {"species": "pongo_pygmaeus", "date_acq": "2026-08-02T525", "confidence": "n", "brightness": "330.89", "frp": "1.59", "daynight": "D"}}, {"type": "Feature", "geometry": {"type": "Point", "coordinates": [117.2422, 0.54159]}, "properties": {"species": "pongo_pygmaeus", "date_acq": "2026-08-02T525", "confidence": "n", "brightness": "341.08", "frp": "3.33", "daynight": "D"}}, {"type": "Feature", "geometry": {"type": "Point", "coordinates": [117.29655, 0.87751]}, "properties": {"species": "pongo_pygmaeus", "date_acq": "2026-08-02T525", "confidence": "n", "brightness": "329.08", "frp": "6.25", "daynight": "D"}}, {"type": "Feature", "geometry": {"type": "Point", "coordinates": [114.16802, 0.79444]}, "properties": {"species": "pongo_pygmaeus", "date_acq": "2026-08-02T527", "confidence": "n", "brightness": "340.58", "frp": "119.21", "daynight": "D"}}, {"type": "Feature", "geometry": {"type": "Point", "coordinates": [112.91006, 0.93221]}, "properties": {"species": "pongo_pygmaeus", "date_acq": "2026-08-02T527", "confidence": "h", "brightness": "367", "frp": "6.88", "daynight": "D"}}, {"type": "Feature", "geometry": {"type": "Point", "coordinates": [112.91346, 0.93275]}, "properties": {"species": "pongo_pygmaeus", "date_acq": "2026-08-02T527", "confidence": "n", "brightness": "344.72", "frp": "6.88", "daynight": "D"}}, {"type": "Feature", "geometry": {"type": "Point", "coordinates": [117.25665, 1.48588]}, "properties": {"species": "pongo_pygmaeus", "date_acq": "2026-08-02T527", "confidence": "n", "brightness": "335.5", "frp": "6.7", "daynight": "D"}}, {"type": "Feature", "geometry": {"type": "Point", "coordinates": [117.25602, 1.48985]}, "properties": {"species": "pongo_pygmaeus", "date_acq": "2026-08-02T527", "confidence": "n", "brightness": "343.67", "frp": "27.91", "daynight": "D"}}, {"type": "Feature", "geometry": {"type": "Point", "coordinates": [116.50012, 4.47168]}, "properties": {"species": "pongo_pygmaeus", "date_acq": "2026-08-02T527", "confidence": "n", "brightness": "328.06", "frp": "3.2", "daynight": "D"}}, {"type": "Feature", "geometry": {"type": "Point", "coordinates": [116.49714, 4.47331]}, "properties": {"species": "pongo_pygmaeus", "date_acq": "2026-08-02T527", "confidence": "n", "brightness": "328.58", "frp": "4.9", "daynight": "D"}}, {"type": "Feature", "geometry": {"type": "Point", "coordinates": [110.93741, -1.98268]}, "properties": {"species": "pongo_pygmaeus", "date_acq": "2026-08-02T705", "confidence": "n", "brightness": "335.55", "frp": "8.39", "daynight": "D"}}, {"type": "Feature", "geometry": {"type": "Point", "coordinates": [110.93896, -1.97935]}, "properties": {"species": "pongo_pygmaeus", "date_acq": "2026-08-02T705", "confidence": "n", "brightness": "333.46", "frp": "2.82", "daynight": "D"}}, {"type": "Feature", "geometry": {"type": "Point", "coordinates": [110.13251, -1.90503]}, "properties": {"species": "pongo_pygmaeus", "date_acq": "2026-08-02T705", "confidence": "n", "brightness": "346.93", "frp": "22.34", "daynight": "D"}}, {"type": "Feature", "geometry": {"type": "Point", "coordinates": [110.13847, -1.90402]}, "properties": {"species": "pongo_pygmaeus", "date_acq": "2026-08-02T705", "confidence": "h", "brightness": "367", "frp": "22.34", "daynight": "D"}}, {"type": "Feature", "geometry": {"type": "Point", "coordinates": [110.14447, -1.90301]}, "properties": {"species": "pongo_pygmaeus", "date_acq": "2026-08-02T705", "confidence": "h", "brightness": "367", "frp": "31.43", "daynight": "D"}}, {"type": "Feature", "geometry": {"type": "Point", "coordinates": [110.13303, -1.9029]}, "properties": {"species": "pongo_pygmaeus", "date_acq": "2026-08-02T705", "confidence": "h", "brightness": "367", "frp": "29.4", "daynight": "D"}}, {"type": "Feature", "geometry": {"type": "Point", "coordinates": [110.15044, -1.90199]}, "properties": {"species": "pongo_pygmaeus", "date_acq": "2026-08-02T705", "confidence": "n", "brightness": "351.34", "frp": "31.43", "daynight": "D"}}, {"type": "Feature", "geometry": {"type": "Point", "coordinates": [110.13899, -1.90193]}, "properties": {"species": "pongo_pygmaeus", "date_acq": "2026-08-02T705", "confidence": "h", "brightness": "367", "frp": "20.28", "daynight": "D"}}, {"type": "Feature", "geometry": {"type": "Point", "coordinates": [110.14499, -1.90096]}, "properties": {"species": "pongo_pygmaeus", "date_acq": "2026-08-02T705", "confidence": "n", "brightness": "336.58", "frp": "20.28", "daynight": "D"}}, {"type": "Feature", "geometry": {"type": "Point", "coordinates": [110.15096, -1.89998]}, "properties": {"species": "pongo_pygmaeus", "date_acq": "2026-08-02T705", "confidence": "n", "brightness": "346.99", "frp": "23.19", "daynight": "D"}}, {"type": "Feature", "geometry": {"type": "Point", "coordinates": [110.13744, -1.89725]}, "properties": {"species": "pongo_pygmaeus", "date_acq": "2026-08-02T705", "confidence": "n", "brightness": "328.15", "frp": "22.34", "daynight": "D"}}, {"type": "Feature", "geometry": {"type": "Point", "coordinates": [111.27693, -1.86766]}, "properties": {"species": "pongo_pygmaeus", "date_acq": "2026-08-02T705", "confidence": "n", "brightness": "330.75", "frp": "5.46", "daynight": "D"}}, {"type": "Feature", "geometry": {"type": "Point", "coordinates": [110.12566, -1.34795]}, "properties": {"species": "pongo_pygmaeus", "date_acq": "2026-08-02T707", "confidence": "n", "brightness": "351.52", "frp": "10.43", "daynight": "D"}}, {"type": "Feature", "geometry": {"type": "Point", "coordinates": [110.13008, -1.34769]}, "properties": {"species": "pongo_pygmaeus", "date_acq": "2026-08-02T707", "confidence": "n", "brightness": "351.52", "frp": "8.37", "daynight": "D"}}, {"type": "Feature", "geometry": {"type": "Point", "coordinates": [110.09811, -1.33149]}, "properties": {"species": "pongo_pygmaeus", "date_acq": "2026-08-02T707", "confidence": "n", "brightness": "331.91", "frp": "8.75", "daynight": "D"}}, {"type": "Feature", "geometry": {"type": "Point", "coordinates": [110.10416, -1.3305]}, "properties": {"species": "pongo_pygmaeus", "date_acq": "2026-08-02T707", "confidence": "n", "brightness": "338.59", "frp": "9.9", "daynight": "D"}}, {"type": "Feature", "geometry": {"type": "Point", "coordinates": [110.65954, -1.04682]}, "properties": {"species": "pongo_pygmaeus", "date_acq": "2026-08-02T707", "confidence": "n", "brightness": "335.37", "frp": "8.11", "daynight": "D"}}, {"type": "Feature", "geometry": {"type": "Point", "coordinates": [110.66287, -1.04186]}, "properties": {"species": "pongo_pygmaeus", "date_acq": "2026-08-02T707", "confidence": "h", "brightness": "367", "frp": "12.14", "daynight": "D"}}, {"type": "Feature", "geometry": {"type": "Point", "coordinates": [110.08171, -0.69923]}, "properties": {"species": "pongo_pygmaeus", "date_acq": "2026-08-02T707", "confidence": "h", "brightness": "367", "frp": "24.55", "daynight": "D"}}, {"type": "Feature", "geometry": {"type": "Point", "coordinates": [111.0656, -2.11326]}, "properties": {"species": "pongo_pygmaeus", "date_acq": "2026-08-02T1809", "confidence": "n", "brightness": "308.14", "frp": "1.37", "daynight": "N"}}, {"type": "Feature", "geometry": {"type": "Point", "coordinates": [111.06214, -2.11271]}, "properties": {"species": "pongo_pygmaeus", "date_acq": "2026-08-02T1809", "confidence": "n", "brightness": "318.14", "frp": "1.37", "daynight": "N"}}, {"type": "Feature", "geometry": {"type": "Point", "coordinates": [110.14791, -1.90732]}, "properties": {"species": "pongo_pygmaeus", "date_acq": "2026-08-02T1809", "confidence": "n", "brightness": "322.5", "frp": "12.5", "daynight": "N"}}, {"type": "Feature", "geometry": {"type": "Point", "coordinates": [110.13715, -1.90561]}, "properties": {"species": "pongo_pygmaeus", "date_acq": "2026-08-02T1809", "confidence": "n", "brightness": "356.8", "frp": "21.31", "daynight": "N"}}, {"type": "Feature", "geometry": {"type": "Point", "coordinates": [110.13356, -1.90504]}, "properties": {"species": "pongo_pygmaeus", "date_acq": "2026-08-02T1809", "confidence": "h", "brightness": "367", "frp": "10.45", "daynight": "N"}}, {"type": "Feature", "geometry": {"type": "Point", "coordinates": [110.14845, -1.90394]}, "properties": {"species": "pongo_pygmaeus", "date_acq": "2026-08-02T1809", "confidence": "n", "brightness": "354.5", "frp": "12.5", "daynight": "N"}}, {"type": "Feature", "geometry": {"type": "Point", "coordinates": [110.14486, -1.90337]}, "properties": {"species": "pongo_pygmaeus", "date_acq": "2026-08-02T1809", "confidence": "h", "brightness": "367", "frp": "12.5", "daynight": "N"}}, {"type": "Feature", "geometry": {"type": "Point", "coordinates": [110.14128, -1.9028]}, "properties": {"species": "pongo_pygmaeus", "date_acq": "2026-08-02T1809", "confidence": "h", "brightness": "367", "frp": "21.31", "daynight": "N"}}, {"type": "Feature", "geometry": {"type": "Point", "coordinates": [110.13769, -1.90223]}, "properties": {"species": "pongo_pygmaeus", "date_acq": "2026-08-02T1809", "confidence": "h", "brightness": "367", "frp": "21.31", "daynight": "N"}}, {"type": "Feature", "geometry": {"type": "Point", "coordinates": [110.1341, -1.90166]}, "properties": {"species": "pongo_pygmaeus", "date_acq": "2026-08-02T1809", "confidence": "n", "brightness": "348.3", "frp": "10.45", "daynight": "N"}}, {"type": "Feature", "geometry": {"type": "Point", "coordinates": [110.15257, -1.90113]}, "properties": {"species": "pongo_pygmaeus", "date_acq": "2026-08-02T1809", "confidence": "n", "brightness": "332.66", "frp": "6.34", "daynight": "N"}}, {"type": "Feature", "geometry": {"type": "Point", "coordinates": [110.14899, -1.90056]}, "properties": {"species": "pongo_pygmaeus", "date_acq": "2026-08-02T1809", "confidence": "n", "brightness": "348.75", "frp": "9.41", "daynight": "N"}}, {"type": "Feature", "geometry": {"type": "Point", "coordinates": [110.1454, -1.89999]}, "properties": {"species": "pongo_pygmaeus", "date_acq": "2026-08-02T1809", "confidence": "n", "brightness": "321.52", "frp": "9.41", "daynight": "N"}}, {"type": "Feature", "geometry": {"type": "Point", "coordinates": [110.14182, -1.89942]}, "properties": {"species": "pongo_pygmaeus", "date_acq": "2026-08-02T1809", "confidence": "n", "brightness": "336.98", "frp": "4.67", "daynight": "N"}}, {"type": "Feature", "geometry": {"type": "Point", "coordinates": [110.13821, -1.89885]}, "properties": {"species": "pongo_pygmaeus", "date_acq": "2026-08-02T1809", "confidence": "n", "brightness": "350.24", "frp": "4.67", "daynight": "N"}}, {"type": "Feature", "geometry": {"type": "Point", "coordinates": [110.15311, -1.89775]}, "properties": {"species": "pongo_pygmaeus", "date_acq": "2026-08-02T1809", "confidence": "n", "brightness": "332.3", "frp": "6.34", "daynight": "N"}}, {"type": "Feature", "geometry": {"type": "Point", "coordinates": [110.14952, -1.89718]}, "properties": {"species": "pongo_pygmaeus", "date_acq": "2026-08-02T1809", "confidence": "n", "brightness": "352.64", "frp": "9.41", "daynight": "N"}}, {"type": "Feature", "geometry": {"type": "Point", "coordinates": [110.14594, -1.89661]}, "properties": {"species": "pongo_pygmaeus", "date_acq": "2026-08-02T1809", "confidence": "n", "brightness": "335.97", "frp": "9.41", "daynight": "N"}}, {"type": "Feature", "geometry": {"type": "Point", "coordinates": [110.14234, -1.89604]}, "properties": {"species": "pongo_pygmaeus", "date_acq": "2026-08-02T1809", "confidence": "n", "brightness": "345.92", "frp": "4.67", "daynight": "N"}}, {"type": "Feature", "geometry": {"type": "Point", "coordinates": [110.13875, -1.89547]}, "properties": {"species": "pongo_pygmaeus", "date_acq": "2026-08-02T1809", "confidence": "n", "brightness": "305.25", "frp": "4.67", "daynight": "N"}}, {"type": "Feature", "geometry": {"type": "Point", "coordinates": [110.15363, -1.89437]}, "properties": {"species": "pongo_pygmaeus", "date_acq": "2026-08-02T1809", "confidence": "n", "brightness": "329.43", "frp": "6.08", "daynight": "N"}}, {"type": "Feature", "geometry": {"type": "Point", "coordinates": [110.15005, -1.8938]}, "properties": {"species": "pongo_pygmaeus", "date_acq": "2026-08-02T1809", "confidence": "n", "brightness": "349.03", "frp": "15.08", "daynight": "N"}}, {"type": "Feature", "geometry": {"type": "Point", "coordinates": [110.14646, -1.89323]}, "properties": {"species": "pongo_pygmaeus", "date_acq": "2026-08-02T1809", "confidence": "n", "brightness": "338.38", "frp": "15.08", "daynight": "N"}}, {"type": "Feature", "geometry": {"type": "Point", "coordinates": [110.14288, -1.89266]}, "properties": {"species": "pongo_pygmaeus", "date_acq": "2026-08-02T1809", "confidence": "n", "brightness": "334.5", "frp": "2.99", "daynight": "N"}}, {"type": "Feature", "geometry": {"type": "Point", "coordinates": [110.13928, -1.89209]}, "properties": {"species": "pongo_pygmaeus", "date_acq": "2026-08-02T1809", "confidence": "n", "brightness": "322.25", "frp": "2.99", "daynight": "N"}}, {"type": "Feature", "geometry": {"type": "Point", "coordinates": [111.27747, -1.86972]}, "properties": {"species": "pongo_pygmaeus", "date_acq": "2026-08-02T1809", "confidence": "n", "brightness": "305.04", "frp": "0.48", "daynight": "N"}}, {"type": "Feature", "geometry": {"type": "Point", "coordinates": [111.27404, -1.86918]}, "properties": {"species": "pongo_pygmaeus", "date_acq": "2026-08-02T1809", "confidence": "n", "brightness": "309.74", "frp": "0.95", "daynight": "N"}}, {"type": "Feature", "geometry": {"type": "Point", "coordinates": [110.26886, -1.86088]}, "properties": {"species": "pongo_pygmaeus", "date_acq": "2026-08-02T1809", "confidence": "n", "brightness": "312.45", "frp": "1.2", "daynight": "N"}}, {"type": "Feature", "geometry": {"type": "Point", "coordinates": [110.14469, -1.73937]}, "properties": {"species": "pongo_pygmaeus", "date_acq": "2026-08-02T1809", "confidence": "n", "brightness": "308.03", "frp": "1.91", "daynight": "N"}}, {"type": "Feature", "geometry": {"type": "Point", "coordinates": [110.14881, -1.73656]}, "properties": {"species": "pongo_pygmaeus", "date_acq": "2026-08-02T1809", "confidence": "n", "brightness": "307.96", "frp": "0.68", "daynight": "N"}}, {"type": "Feature", "geometry": {"type": "Point", "coordinates": [110.14523, -1.73598]}, "properties": {"species": "pongo_pygmaeus", "date_acq": "2026-08-02T1809", "confidence": "n", "brightness": "312.98", "frp": "1.17", "daynight": "N"}}, {"type": "Feature", "geometry": {"type": "Point", "coordinates": [110.14162, -1.73541]}, "properties": {"species": "pongo_pygmaeus", "date_acq": "2026-08-02T1809", "confidence": "n", "brightness": "310.7", "frp": "1.17", "daynight": "N"}}, {"type": "Feature", "geometry": {"type": "Point", "coordinates": [110.14574, -1.7326]}, "properties": {"species": "pongo_pygmaeus", "date_acq": "2026-08-02T1809", "confidence": "n", "brightness": "305.74", "frp": "1.17", "daynight": "N"}}, {"type": "Feature", "geometry": {"type": "Point", "coordinates": [111.53321, -1.72356]}, "properties": {"species": "pongo_pygmaeus", "date_acq": "2026-08-02T1809", "confidence": "n", "brightness": "310.59", "frp": "0.91", "daynight": "N"}}, {"type": "Feature", "geometry": {"type": "Point", "coordinates": [110.14874, -1.71513]}, "properties": {"species": "pongo_pygmaeus", "date_acq": "2026-08-02T1809", "confidence": "n", "brightness": "310.3", "frp": "0.95", "daynight": "N"}}, {"type": "Feature", "geometry": {"type": "Point", "coordinates": [110.65491, -1.38744]}, "properties": {"species": "pongo_pygmaeus", "date_acq": "2026-08-02T1809", "confidence": "n", "brightness": "307.34", "frp": "0.42", "daynight": "N"}}, {"type": "Feature", "geometry": {"type": "Point", "coordinates": [112.13715, -1.35909]}, "properties": {"species": "pongo_pygmaeus", "date_acq": "2026-08-02T1809", "confidence": "n", "brightness": "304.93", "frp": "0.58", "daynight": "N"}}, {"type": "Feature", "geometry": {"type": "Point", "coordinates": [110.09676, -1.33304]}, "properties": {"species": "pongo_pygmaeus", "date_acq": "2026-08-02T1809", "confidence": "n", "brightness": "314.6", "frp": "1.8", "daynight": "N"}}, {"type": "Feature", "geometry": {"type": "Point", "coordinates": [114.20995, -1.30894]}, "properties": {"species": "pongo_pygmaeus", "date_acq": "2026-08-02T1809", "confidence": "n", "brightness": "308.86", "frp": "1.18", "daynight": "N"}}, {"type": "Feature", "geometry": {"type": "Point", "coordinates": [114.06004, -1.30692]}, "properties": {"species": "pongo_pygmaeus", "date_acq": "2026-08-02T1809", "confidence": "n", "brightness": "325.11", "frp": "2.68", "daynight": "N"}}, {"type": "Feature", "geometry": {"type": "Point", "coordinates": [113.66589, -1.18252]}, "properties": {"species": "pongo_pygmaeus", "date_acq": "2026-08-02T1809", "confidence": "n", "brightness": "311.64", "frp": "1.06", "daynight": "N"}}, {"type": "Feature", "geometry": {"type": "Point", "coordinates": [113.66218, -1.18193]}, "properties": {"species": "pongo_pygmaeus", "date_acq": "2026-08-02T1809", "confidence": "n", "brightness": "310.32", "frp": "1.17", "daynight": "N"}}, {"type": "Feature", "geometry": {"type": "Point", "coordinates": [110.66206, -1.04299]}, "properties": {"species": "pongo_pygmaeus", "date_acq": "2026-08-02T1809", "confidence": "n", "brightness": "311.86", "frp": "1.11", "daynight": "N"}}, {"type": "Feature", "geometry": {"type": "Point", "coordinates": [110.21535, -1.97168]}, "properties": {"species": "pongo_pygmaeus", "date_acq": "2026-08-04T1730", "confidence": "n", "brightness": "311.6", "frp": "1.23", "daynight": "N"}}, {"type": "Feature", "geometry": {"type": "Point", "coordinates": [110.13239, -1.90684]}, "properties": {"species": "pongo_pygmaeus", "date_acq": "2026-08-04T1730", "confidence": "n", "brightness": "341.49", "frp": "4.83", "daynight": "N"}}, {"type": "Feature", "geometry": {"type": "Point", "coordinates": [110.18552, -1.90487]}, "properties": {"species": "pongo_pygmaeus", "date_acq": "2026-08-04T1730", "confidence": "n", "brightness": "303.68", "frp": "0.85", "daynight": "N"}}, {"type": "Feature", "geometry": {"type": "Point", "coordinates": [110.14436, -1.90404]}, "properties": {"species": "pongo_pygmaeus", "date_acq": "2026-08-04T1730", "confidence": "n", "brightness": "309.62", "frp": "5.93", "daynight": "N"}}, {"type": "Feature", "geometry": {"type": "Point", "coordinates": [110.13988, -1.90327]}, "properties": {"species": "pongo_pygmaeus", "date_acq": "2026-08-04T1730", "confidence": "n", "brightness": "309.08", "frp": "2.55", "daynight": "N"}}, {"type": "Feature", "geometry": {"type": "Point", "coordinates": [110.14693, -1.90301]}, "properties": {"species": "pongo_pygmaeus", "date_acq": "2026-08-04T1730", "confidence": "n", "brightness": "309.04", "frp": "1.72", "daynight": "N"}}, {"type": "Feature", "geometry": {"type": "Point", "coordinates": [110.13541, -1.90251]}, "properties": {"species": "pongo_pygmaeus", "date_acq": "2026-08-04T1730", "confidence": "n", "brightness": "303.35", "frp": "2.55", "daynight": "N"}}, {"type": "Feature", "geometry": {"type": "Point", "coordinates": [110.14244, -1.90228]}, "properties": {"species": "pongo_pygmaeus", "date_acq": "2026-08-04T1730", "confidence": "n", "brightness": "307.7", "frp": "1.72", "daynight": "N"}}, {"type": "Feature", "geometry": {"type": "Point", "coordinates": [110.1309, -1.90174]}, "properties": {"species": "pongo_pygmaeus", "date_acq": "2026-08-04T1730", "confidence": "n", "brightness": "311.7", "frp": "5.83", "daynight": "N"}}, {"type": "Feature", "geometry": {"type": "Point", "coordinates": [110.13344, -1.90081]}, "properties": {"species": "pongo_pygmaeus", "date_acq": "2026-08-04T1730", "confidence": "n", "brightness": "306.57", "frp": "4.83", "daynight": "N"}}, {"type": "Feature", "geometry": {"type": "Point", "coordinates": [110.15435, -1.89954]}, "properties": {"species": "pongo_pygmaeus", "date_acq": "2026-08-04T1730", "confidence": "n", "brightness": "327.33", "frp": "5.83", "daynight": "N"}}, {"type": "Feature", "geometry": {"type": "Point", "coordinates": [110.14986, -1.89877]}, "properties": {"species": "pongo_pygmaeus", "date_acq": "2026-08-04T1730", "confidence": "n", "brightness": "342.09", "frp": "5.93", "daynight": "N"}}, {"type": "Feature", "geometry": {"type": "Point", "coordinates": [110.15249, -1.89772]}, "properties": {"species": "pongo_pygmaeus", "date_acq": "2026-08-04T1730", "confidence": "n", "brightness": "347.67", "frp": "5.15", "daynight": "N"}}, {"type": "Feature", "geometry": {"type": "Point", "coordinates": [110.14089, -1.89724]}, "properties": {"species": "pongo_pygmaeus", "date_acq": "2026-08-04T1730", "confidence": "n", "brightness": "301.86", "frp": "2.55", "daynight": "N"}}, {"type": "Feature", "geometry": {"type": "Point", "coordinates": [110.14797, -1.89698]}, "properties": {"species": "pongo_pygmaeus", "date_acq": "2026-08-04T1730", "confidence": "n", "brightness": "313", "frp": "5.44", "daynight": "N"}}, {"type": "Feature", "geometry": {"type": "Point", "coordinates": [110.1364, -1.89647]}, "properties": {"species": "pongo_pygmaeus", "date_acq": "2026-08-04T1730", "confidence": "n", "brightness": "334.71", "frp": "2.55", "daynight": "N"}}, {"type": "Feature", "geometry": {"type": "Point", "coordinates": [110.13188, -1.8957]}, "properties": {"species": "pongo_pygmaeus", "date_acq": "2026-08-04T1730", "confidence": "n", "brightness": "342.66", "frp": "5.83", "daynight": "N"}}, {"type": "Feature", "geometry": {"type": "Point", "coordinates": [110.28954, -1.89557]}, "properties": {"species": "pongo_pygmaeus", "date_acq": "2026-08-04T1730", "confidence": "n", "brightness": "309.81", "frp": "1.04", "daynight": "N"}}, {"type": "Feature", "geometry": {"type": "Point", "coordinates": [110.13897, -1.89551]}, "properties": {"species": "pongo_pygmaeus", "date_acq": "2026-08-04T1730", "confidence": "n", "brightness": "326.75", "frp": "8.59", "daynight": "N"}}, {"type": "Feature", "geometry": {"type": "Point", "coordinates": [110.13445, -1.89477]}, "properties": {"species": "pongo_pygmaeus", "date_acq": "2026-08-04T1730", "confidence": "n", "brightness": "350.68", "frp": "8.59", "daynight": "N"}}, {"type": "Feature", "geometry": {"type": "Point", "coordinates": [110.1299, -1.89403]}, "properties": {"species": "pongo_pygmaeus", "date_acq": "2026-08-04T1730", "confidence": "n", "brightness": "349.82", "frp": "17.17", "daynight": "N"}}, {"type": "Feature", "geometry": {"type": "Point", "coordinates": [110.1535, -1.89169]}, "properties": {"species": "pongo_pygmaeus", "date_acq": "2026-08-04T1730", "confidence": "n", "brightness": "327.08", "frp": "5.15", "daynight": "N"}}, {"type": "Feature", "geometry": {"type": "Point", "coordinates": [110.14899, -1.89095]}, "properties": {"species": "pongo_pygmaeus", "date_acq": "2026-08-04T1730", "confidence": "n", "brightness": "310.64", "frp": "5.44", "daynight": "N"}}, {"type": "Feature", "geometry": {"type": "Point", "coordinates": [110.13998, -1.88947]}, "properties": {"species": "pongo_pygmaeus", "date_acq": "2026-08-04T1730", "confidence": "n", "brightness": "307.79", "frp": "8.59", "daynight": "N"}}, {"type": "Feature", "geometry": {"type": "Point", "coordinates": [110.15449, -1.88566]}, "properties": {"species": "pongo_pygmaeus", "date_acq": "2026-08-04T1730", "confidence": "n", "brightness": "307.79", "frp": "0.99", "daynight": "N"}}, {"type": "Feature", "geometry": {"type": "Point", "coordinates": [110.13651, -1.8827]}, "properties": {"species": "pongo_pygmaeus", "date_acq": "2026-08-04T1730", "confidence": "n", "brightness": "308.64", "frp": "5.14", "daynight": "N"}}, {"type": "Feature", "geometry": {"type": "Point", "coordinates": [111.69116, -1.84497]}, "properties": {"species": "pongo_pygmaeus", "date_acq": "2026-08-04T1730", "confidence": "n", "brightness": "302.63", "frp": "0.48", "daynight": "N"}}, {"type": "Feature", "geometry": {"type": "Point", "coordinates": [111.69003, -1.84449]}, "properties": {"species": "pongo_pygmaeus", "date_acq": "2026-08-04T1730", "confidence": "n", "brightness": "303.99", "frp": "0.64", "daynight": "N"}}, {"type": "Feature", "geometry": {"type": "Point", "coordinates": [111.47683, -1.75325]}, "properties": {"species": "pongo_pygmaeus", "date_acq": "2026-08-04T1730", "confidence": "n", "brightness": "304.01", "frp": "0.65", "daynight": "N"}}, {"type": "Feature", "geometry": {"type": "Point", "coordinates": [111.52517, -1.72781]}, "properties": {"species": "pongo_pygmaeus", "date_acq": "2026-08-04T1730", "confidence": "n", "brightness": "304.66", "frp": "0.42", "daynight": "N"}}, {"type": "Feature", "geometry": {"type": "Point", "coordinates": [111.52567, -1.72721]}, "properties": {"species": "pongo_pygmaeus", "date_acq": "2026-08-04T1730", "confidence": "n", "brightness": "303.3", "frp": "0.51", "daynight": "N"}}, {"type": "Feature", "geometry": {"type": "Point", "coordinates": [110.17317, -1.71415]}, "properties": {"species": "pongo_pygmaeus", "date_acq": "2026-08-04T1730", "confidence": "n", "brightness": "305.61", "frp": "1.62", "daynight": "N"}}, {"type": "Feature", "geometry": {"type": "Point", "coordinates": [110.17567, -1.71305]}, "properties": {"species": "pongo_pygmaeus", "date_acq": "2026-08-04T1730", "confidence": "n", "brightness": "319.88", "frp": "1.6", "daynight": "N"}}, {"type": "Feature", "geometry": {"type": "Point", "coordinates": [110.17116, -1.71232]}, "properties": {"species": "pongo_pygmaeus", "date_acq": "2026-08-04T1730", "confidence": "n", "brightness": "305.46", "frp": "1.6", "daynight": "N"}}, {"type": "Feature", "geometry": {"type": "Point", "coordinates": [110.17867, -1.70887]}, "properties": {"species": "pongo_pygmaeus", "date_acq": "2026-08-04T1730", "confidence": "n", "brightness": "309.64", "frp": "1.06", "daynight": "N"}}, {"type": "Feature", "geometry": {"type": "Point", "coordinates": [110.17418, -1.70811]}, "properties": {"species": "pongo_pygmaeus", "date_acq": "2026-08-04T1730", "confidence": "n", "brightness": "305.11", "frp": "1.06", "daynight": "N"}}, {"type": "Feature", "geometry": {"type": "Point", "coordinates": [110.17669, -1.70701]}, "properties": {"species": "pongo_pygmaeus", "date_acq": "2026-08-04T1730", "confidence": "n", "brightness": "307.02", "frp": "1.6", "daynight": "N"}}, {"type": "Feature", "geometry": {"type": "Point", "coordinates": [113.34181, -1.67011]}, "properties": {"species": "pongo_pygmaeus", "date_acq": "2026-08-04T1730", "confidence": "n", "brightness": "313.14", "frp": "1.97", "daynight": "N"}}, {"type": "Feature", "geometry": {"type": "Point", "coordinates": [114.79879, -1.48877]}, "properties": {"species": "pongo_pygmaeus", "date_acq": "2026-08-04T1730", "confidence": "n", "brightness": "305.49", "frp": "0.96", "daynight": "N"}}, {"type": "Feature", "geometry": {"type": "Point", "coordinates": [111.62334, -0.48226]}, "properties": {"species": "pongo_pygmaeus", "date_acq": "2026-08-04T1730", "confidence": "n", "brightness": "296.73", "frp": "1.41", "daynight": "N"}}, {"type": "Feature", "geometry": {"type": "Point", "coordinates": [111.61543, -0.48098]}, "properties": {"species": "pongo_pygmaeus", "date_acq": "2026-08-04T1730", "confidence": "n", "brightness": "295.31", "frp": "1.4", "daynight": "N"}}, {"type": "Feature", "geometry": {"type": "Point", "coordinates": [111.62327, -0.4765]}, "properties": {"species": "pongo_pygmaeus", "date_acq": "2026-08-04T1730", "confidence": "n", "brightness": "306.83", "frp": "2.67", "daynight": "N"}}, {"type": "Feature", "geometry": {"type": "Point", "coordinates": [116.63578, 0.16263]}, "properties": {"species": "pongo_pygmaeus", "date_acq": "2026-08-04T1730", "confidence": "n", "brightness": "308.72", "frp": "0.85", "daynight": "N"}}, {"type": "Feature", "geometry": {"type": "Point", "coordinates": [116.63231, 0.16317]}, "properties": {"species": "pongo_pygmaeus", "date_acq": "2026-08-04T1730", "confidence": "n", "brightness": "305.42", "frp": "0.85", "daynight": "N"}}, {"type": "Feature", "geometry": {"type": "Point", "coordinates": [116.63293, 0.16719]}, "properties": {"species": "pongo_pygmaeus", "date_acq": "2026-08-04T1730", "confidence": "n", "brightness": "315.34", "frp": "3.23", "daynight": "N"}}, {"type": "Feature", "geometry": {"type": "Point", "coordinates": [112.28214, -2.95]}, "properties": {"species": "pongo_pygmaeus", "date_acq": "2026-08-05T610", "confidence": "n", "brightness": "332.13", "frp": "11.01", "daynight": "D"}}, {"type": "Feature", "geometry": {"type": "Point", "coordinates": [111.20815, -1.9783]}, "properties": {"species": "pongo_pygmaeus", "date_acq": "2026-08-05T610", "confidence": "n", "brightness": "343.88", "frp": "15.06", "daynight": "D"}}, {"type": "Feature", "geometry": {"type": "Point", "coordinates": [111.21161, -1.97777]}, "properties": {"species": "pongo_pygmaeus", "date_acq": "2026-08-05T610", "confidence": "l", "brightness": "334.03", "frp": "15.06", "daynight": "D"}}, {"type": "Feature", "geometry": {"type": "Point", "coordinates": [110.14241, -1.90558]}, "properties": {"species": "pongo_pygmaeus", "date_acq": "2026-08-05T610", "confidence": "l", "brightness": "331.46", "frp": "3.72", "daynight": "D"}}, {"type": "Feature", "geometry": {"type": "Point", "coordinates": [110.15324, -1.90392]}, "properties": {"species": "pongo_pygmaeus", "date_acq": "2026-08-05T610", "confidence": "n", "brightness": "350.98", "frp": "14.15", "daynight": "D"}}, {"type": "Feature", "geometry": {"type": "Point", "coordinates": [110.15273, -1.90052]}, "properties": {"species": "pongo_pygmaeus", "date_acq": "2026-08-05T610", "confidence": "n", "brightness": "355.42", "frp": "14.15", "daynight": "D"}}, {"type": "Feature", "geometry": {"type": "Point", "coordinates": [110.15635, -1.89997]}, "properties": {"species": "pongo_pygmaeus", "date_acq": "2026-08-05T610", "confidence": "n", "brightness": "337.49", "frp": "6.43", "daynight": "D"}}, {"type": "Feature", "geometry": {"type": "Point", "coordinates": [110.15222, -1.89712]}, "properties": {"species": "pongo_pygmaeus", "date_acq": "2026-08-05T610", "confidence": "n", "brightness": "340.13", "frp": "6.99", "daynight": "D"}}, {"type": "Feature", "geometry": {"type": "Point", "coordinates": [110.15584, -1.89657]}, "properties": {"species": "pongo_pygmaeus", "date_acq": "2026-08-05T610", "confidence": "n", "brightness": "340.81", "frp": "10.77", "daynight": "D"}}, {"type": "Feature", "geometry": {"type": "Point", "coordinates": [110.13727, -1.89594]}, "properties": {"species": "pongo_pygmaeus", "date_acq": "2026-08-05T610", "confidence": "n", "brightness": "354.14", "frp": "21.73", "daynight": "D"}}, {"type": "Feature", "geometry": {"type": "Point", "coordinates": [110.14088, -1.89539]}, "properties": {"species": "pongo_pygmaeus", "date_acq": "2026-08-05T610", "confidence": "n", "brightness": "354.3", "frp": "10.02", "daynight": "D"}}, {"type": "Feature", "geometry": {"type": "Point", "coordinates": [110.14449, -1.89483]}, "properties": {"species": "pongo_pygmaeus", "date_acq": "2026-08-05T610", "confidence": "n", "brightness": "340.01", "frp": "10.02", "daynight": "D"}}, {"type": "Feature", "geometry": {"type": "Point", "coordinates": [110.15172, -1.89373]}, "properties": {"species": "pongo_pygmaeus", "date_acq": "2026-08-05T610", "confidence": "n", "brightness": "338.77", "frp": "6.99", "daynight": "D"}}, {"type": "Feature", "geometry": {"type": "Point", "coordinates": [110.12951, -1.89365]}, "properties": {"species": "pongo_pygmaeus", "date_acq": "2026-08-05T610", "confidence": "n", "brightness": "354.64", "frp": "9.82", "daynight": "D"}}, {"type": "Feature", "geometry": {"type": "Point", "coordinates": [110.15533, -1.89317]}, "properties": {"species": "pongo_pygmaeus", "date_acq": "2026-08-05T610", "confidence": "n", "brightness": "342.29", "frp": "10.77", "daynight": "D"}}, {"type": "Feature", "geometry": {"type": "Point", "coordinates": [110.13313, -1.8931]}, "properties": {"species": "pongo_pygmaeus", "date_acq": "2026-08-05T610", "confidence": "n", "brightness": "355.3", "frp": "16.27", "daynight": "D"}}, {"type": "Feature", "geometry": {"type": "Point", "coordinates": [110.13675, -1.89254]}, "properties": {"species": "pongo_pygmaeus", "date_acq": "2026-08-05T610", "confidence": "h", "brightness": "367", "frp": "16.27", "daynight": "D"}}, {"type": "Feature", "geometry": {"type": "Point", "coordinates": [110.14037, -1.89199]}, "properties": {"species": "pongo_pygmaeus", "date_acq": "2026-08-05T610", "confidence": "n", "brightness": "344.75", "frp": "25.14", "daynight": "D"}}, {"type": "Feature", "geometry": {"type": "Point", "coordinates": [110.15482, -1.88978]}, "properties": {"species": "pongo_pygmaeus", "date_acq": "2026-08-05T610", "confidence": "n", "brightness": "350.62", "frp": "46.62", "daynight": "D"}}, {"type": "Feature", "geometry": {"type": "Point", "coordinates": [110.13623, -1.88915]}, "properties": {"species": "pongo_pygmaeus", "date_acq": "2026-08-05T610", "confidence": "h", "brightness": "367", "frp": "16.27", "daynight": "D"}}, {"type": "Feature", "geometry": {"type": "Point", "coordinates": [110.13573, -1.88575]}, "properties": {"species": "pongo_pygmaeus", "date_acq": "2026-08-05T610", "confidence": "n", "brightness": "356.42", "frp": "39.25", "daynight": "D"}}, {"type": "Feature", "geometry": {"type": "Point", "coordinates": [110.13522, -1.88235]}, "properties": {"species": "pongo_pygmaeus", "date_acq": "2026-08-05T610", "confidence": "n", "brightness": "354.24", "frp": "39.25", "daynight": "D"}}, {"type": "Feature", "geometry": {"type": "Point", "coordinates": [110.1347, -1.87895]}, "properties": {"species": "pongo_pygmaeus", "date_acq": "2026-08-05T610", "confidence": "n", "brightness": "336.57", "frp": "9.98", "daynight": "D"}}, {"type": "Feature", "geometry": {"type": "Point", "coordinates": [111.27618, -1.86984]}, "properties": {"species": "pongo_pygmaeus", "date_acq": "2026-08-05T610", "confidence": "n", "brightness": "338.53", "frp": "7.59", "daynight": "D"}}, {"type": "Feature", "geometry": {"type": "Point", "coordinates": [111.55887, -1.78009]}, "properties": {"species": "pongo_pygmaeus", "date_acq": "2026-08-05T610", "confidence": "n", "brightness": "334.46", "frp": "3.64", "daynight": "D"}}, {"type": "Feature", "geometry": {"type": "Point", "coordinates": [111.99815, -1.77996]}, "properties": {"species": "pongo_pygmaeus", "date_acq": "2026-08-05T610", "confidence": "n", "brightness": "345.26", "frp": "7.92", "daynight": "D"}}, {"type": "Feature", "geometry": {"type": "Point", "coordinates": [111.99764, -1.77663]}, "properties": {"species": "pongo_pygmaeus", "date_acq": "2026-08-05T610", "confidence": "n", "brightness": "351.23", "frp": "13.19", "daynight": "D"}}, {"type": "Feature", "geometry": {"type": "Point", "coordinates": [112.19151, -1.76741]}, "properties": {"species": "pongo_pygmaeus", "date_acq": "2026-08-05T610", "confidence": "n", "brightness": "332", "frp": "1.77", "daynight": "D"}}, {"type": "Feature", "geometry": {"type": "Point", "coordinates": [110.96846, -1.76533]}, "properties": {"species": "pongo_pygmaeus", "date_acq": "2026-08-05T610", "confidence": "n", "brightness": "335.07", "frp": "3.29", "daynight": "D"}}, {"type": "Feature", "geometry": {"type": "Point", "coordinates": [110.22224, -1.75421]}, "properties": {"species": "pongo_pygmaeus", "date_acq": "2026-08-05T610", "confidence": "n", "brightness": "336.83", "frp": "3.56", "daynight": "D"}}, {"type": "Feature", "geometry": {"type": "Point", "coordinates": [110.22122, -1.74744]}, "properties": {"species": "pongo_pygmaeus", "date_acq": "2026-08-05T610", "confidence": "l", "brightness": "333.5", "frp": "2.74", "daynight": "D"}}, {"type": "Feature", "geometry": {"type": "Point", "coordinates": [110.24277, -1.71991]}, "properties": {"species": "pongo_pygmaeus", "date_acq": "2026-08-05T610", "confidence": "n", "brightness": "335.58", "frp": "2.48", "daynight": "D"}}, {"type": "Feature", "geometry": {"type": "Point", "coordinates": [110.17609, -1.71616]}, "properties": {"species": "pongo_pygmaeus", "date_acq": "2026-08-05T610", "confidence": "n", "brightness": "336.71", "frp": "57.39", "daynight": "D"}}, {"type": "Feature", "geometry": {"type": "Point", "coordinates": [110.17558, -1.71277]}, "properties": {"species": "pongo_pygmaeus", "date_acq": "2026-08-05T610", "confidence": "n", "brightness": "352.26", "frp": "57.39", "daynight": "D"}}, {"type": "Feature", "geometry": {"type": "Point", "coordinates": [110.17918, -1.71222]}, "properties": {"species": "pongo_pygmaeus", "date_acq": "2026-08-05T610", "confidence": "n", "brightness": "339.56", "frp": "13.13", "daynight": "D"}}, {"type": "Feature", "geometry": {"type": "Point", "coordinates": [110.18278, -1.71168]}, "properties": {"species": "pongo_pygmaeus", "date_acq": "2026-08-05T610", "confidence": "n", "brightness": "339.32", "frp": "13.13", "daynight": "D"}}, {"type": "Feature", "geometry": {"type": "Point", "coordinates": [110.17507, -1.70938]}, "properties": {"species": "pongo_pygmaeus", "date_acq": "2026-08-05T610", "confidence": "n", "brightness": "333.15", "frp": "97.63", "daynight": "D"}}, {"type": "Feature", "geometry": {"type": "Point", "coordinates": [110.17867, -1.70883]}, "properties": {"species": "pongo_pygmaeus", "date_acq": "2026-08-05T610", "confidence": "n", "brightness": "354.11", "frp": "10.88", "daynight": "D"}}, {"type": "Feature", "geometry": {"type": "Point", "coordinates": [110.18226, -1.70829]}, "properties": {"species": "pongo_pygmaeus", "date_acq": "2026-08-05T610", "confidence": "n", "brightness": "332.77", "frp": "10.88", "daynight": "D"}}, {"type": "Feature", "geometry": {"type": "Point", "coordinates": [110.15245, -1.70586]}, "properties": {"species": "pongo_pygmaeus", "date_acq": "2026-08-05T610", "confidence": "n", "brightness": "335.18", "frp": "3.76", "daynight": "D"}}, {"type": "Feature", "geometry": {"type": "Point", "coordinates": [110.25149, -1.70475]}, "properties": {"species": "pongo_pygmaeus", "date_acq": "2026-08-05T610", "confidence": "n", "brightness": "338.44", "frp": "9.24", "daynight": "D"}}, {"type": "Feature", "geometry": {"type": "Point", "coordinates": [111.53893, -1.69516]}, "properties": {"species": "pongo_pygmaeus", "date_acq": "2026-08-05T610", "confidence": "n", "brightness": "336.88", "frp": "4.37", "daynight": "D"}}, {"type": "Feature", "geometry": {"type": "Point", "coordinates": [110.36428, -1.67731]}, "properties": {"species": "pongo_pygmaeus", "date_acq": "2026-08-05T610", "confidence": "l", "brightness": "331.05", "frp": "2.89", "daynight": "D"}}, {"type": "Feature", "geometry": {"type": "Point", "coordinates": [110.07938, -1.61557]}, "properties": {"species": "pongo_pygmaeus", "date_acq": "2026-08-05T610", "confidence": "n", "brightness": "334.71", "frp": "99.83", "daynight": "D"}}, {"type": "Feature", "geometry": {"type": "Point", "coordinates": [110.07585, -1.59513]}, "properties": {"species": "pongo_pygmaeus", "date_acq": "2026-08-05T610", "confidence": "n", "brightness": "352.85", "frp": "8.21", "daynight": "D"}}, {"type": "Feature", "geometry": {"type": "Point", "coordinates": [113.26205, -1.58571]}, "properties": {"species": "pongo_pygmaeus", "date_acq": "2026-08-05T610", "confidence": "l", "brightness": "331.19", "frp": "6.39", "daynight": "D"}}, {"type": "Feature", "geometry": {"type": "Point", "coordinates": [110.86147, -1.562]}, "properties": {"species": "pongo_pygmaeus", "date_acq": "2026-08-05T610", "confidence": "n", "brightness": "331.64", "frp": "2.03", "daynight": "D"}}, {"type": "Feature", "geometry": {"type": "Point", "coordinates": [110.8216, -1.55783]}, "properties": {"species": "pongo_pygmaeus", "date_acq": "2026-08-05T610", "confidence": "n", "brightness": "334.03", "frp": "4.48", "daynight": "D"}}, {"type": "Feature", "geometry": {"type": "Point", "coordinates": [114.30713, -1.55776]}, "properties": {"species": "pongo_pygmaeus", "date_acq": "2026-08-05T610", "confidence": "n", "brightness": "337.19", "frp": "3.56", "daynight": "D"}}, {"type": "Feature", "geometry": {"type": "Point", "coordinates": [112.51251, -1.52941]}, "properties": {"species": "pongo_pygmaeus", "date_acq": "2026-08-05T610", "confidence": "n", "brightness": "345.42", "frp": "4.14", "daynight": "D"}}, {"type": "Feature", "geometry": {"type": "Point", "coordinates": [112.51202, -1.52606]}, "properties": {"species": "pongo_pygmaeus", "date_acq": "2026-08-05T610", "confidence": "n", "brightness": "336.3", "frp": "4.14", "daynight": "D"}}, {"type": "Feature", "geometry": {"type": "Point", "coordinates": [113.24136, -1.47751]}, "properties": {"species": "pongo_pygmaeus", "date_acq": "2026-08-05T610", "confidence": "n", "brightness": "334.08", "frp": "18.37", "daynight": "D"}}, {"type": "Feature", "geometry": {"type": "Point", "coordinates": [114.52647, -1.44525]}, "properties": {"species": "pongo_pygmaeus", "date_acq": "2026-08-05T610", "confidence": "n", "brightness": "337.43", "frp": "4.38", "daynight": "D"}}, {"type": "Feature", "geometry": {"type": "Point", "coordinates": [110.3821, -1.41561]}, "properties": {"species": "pongo_pygmaeus", "date_acq": "2026-08-05T610", "confidence": "n", "brightness": "332.54", "frp": "4.76", "daynight": "D"}}, {"type": "Feature", "geometry": {"type": "Point", "coordinates": [114.43674, -1.40387]}, "properties": {"species": "pongo_pygmaeus", "date_acq": "2026-08-05T610", "confidence": "n", "brightness": "336.95", "frp": "3.36", "daynight": "D"}}, {"type": "Feature", "geometry": {"type": "Point", "coordinates": [114.27466, -1.3686]}, "properties": {"species": "pongo_pygmaeus", "date_acq": "2026-08-05T610", "confidence": "n", "brightness": "333.9", "frp": "46.12", "daynight": "D"}}, {"type": "Feature", "geometry": {"type": "Point", "coordinates": [113.02963, -1.35993]}, "properties": {"species": "pongo_pygmaeus", "date_acq": "2026-08-05T610", "confidence": "n", "brightness": "333.29", "frp": "2.85", "daynight": "D"}}, {"type": "Feature", "geometry": {"type": "Point", "coordinates": [110.11331, -1.35589]}, "properties": {"species": "pongo_pygmaeus", "date_acq": "2026-08-05T610", "confidence": "n", "brightness": "346.79", "frp": "10.25", "daynight": "D"}}, {"type": "Feature", "geometry": {"type": "Point", "coordinates": [112.43381, -1.34774]}, "properties": {"species": "pongo_pygmaeus", "date_acq": "2026-08-05T610", "confidence": "n", "brightness": "331.11", "frp": "2.27", "daynight": "D"}}, {"type": "Feature", "geometry": {"type": "Point", "coordinates": [110.10258, -1.33326]}, "properties": {"species": "pongo_pygmaeus", "date_acq": "2026-08-05T610", "confidence": "n", "brightness": "340.53", "frp": "6.75", "daynight": "D"}}, {"type": "Feature", "geometry": {"type": "Point", "coordinates": [110.11336, -1.33162]}, "properties": {"species": "pongo_pygmaeus", "date_acq": "2026-08-05T610", "confidence": "n", "brightness": "344.35", "frp": "8.12", "daynight": "D"}}, {"type": "Feature", "geometry": {"type": "Point", "coordinates": [114.2893, -1.32987]}, "properties": {"species": "pongo_pygmaeus", "date_acq": "2026-08-05T610", "confidence": "n", "brightness": "337.43", "frp": "4.2", "daynight": "D"}}, {"type": "Feature", "geometry": {"type": "Point", "coordinates": [114.26817, -1.32584]}, "properties": {"species": "pongo_pygmaeus", "date_acq": "2026-08-05T610", "confidence": "n", "brightness": "341.05", "frp": "5.22", "daynight": "D"}}, {"type": "Feature", "geometry": {"type": "Point", "coordinates": [110.9277, -1.27416]}, "properties": {"species": "pongo_pygmaeus", "date_acq": "2026-08-05T610", "confidence": "n", "brightness": "346.39", "frp": "8.59", "daynight": "D"}}, {"type": "Feature", "geometry": {"type": "Point", "coordinates": [110.92719, -1.27082]}, "properties": {"species": "pongo_pygmaeus", "date_acq": "2026-08-05T610", "confidence": "n", "brightness": "331.48", "frp": "38.19", "daynight": "D"}}, {"type": "Feature", "geometry": {"type": "Point", "coordinates": [110.93066, -1.2703]}, "properties": {"species": "pongo_pygmaeus", "date_acq": "2026-08-05T610", "confidence": "n", "brightness": "348.05", "frp": "38.19", "daynight": "D"}}, {"type": "Feature", "geometry": {"type": "Point", "coordinates": [110.77639, -1.26804]}, "properties": {"species": "pongo_pygmaeus", "date_acq": "2026-08-05T610", "confidence": "n", "brightness": "336.86", "frp": "4.24", "daynight": "D"}}, {"type": "Feature", "geometry": {"type": "Point", "coordinates": [113.66526, -1.18149]}, "properties": {"species": "pongo_pygmaeus", "date_acq": "2026-08-05T610", "confidence": "n", "brightness": "334.29", "frp": "3.89", "daynight": "D"}}, {"type": "Feature", "geometry": {"type": "Point", "coordinates": [111.93613, -1.15764]}, "properties": {"species": "pongo_pygmaeus", "date_acq": "2026-08-05T610", "confidence": "n", "brightness": "336.4", "frp": "21.83", "daynight": "D"}}, {"type": "Feature", "geometry": {"type": "Point", "coordinates": [110.25337, -1.12849]}, "properties": {"species": "pongo_pygmaeus", "date_acq": "2026-08-05T610", "confidence": "n", "brightness": "340.88", "frp": "4.41", "daynight": "D"}}, {"type": "Feature", "geometry": {"type": "Point", "coordinates": [114.09595, -1.12179]}, "properties": {"species": "pongo_pygmaeus", "date_acq": "2026-08-05T610", "confidence": "n", "brightness": "345.74", "frp": "14.31", "daynight": "D"}}, {"type": "Feature", "geometry": {"type": "Point", "coordinates": [113.311, -1.02372]}, "properties": {"species": "pongo_pygmaeus", "date_acq": "2026-08-05T610", "confidence": "n", "brightness": "331.69", "frp": "1.81", "daynight": "D"}}, {"type": "Feature", "geometry": {"type": "Point", "coordinates": [110.65865, -1.01842]}, "properties": {"species": "pongo_pygmaeus", "date_acq": "2026-08-05T610", "confidence": "n", "brightness": "342.07", "frp": "4.45", "daynight": "D"}}, {"type": "Feature", "geometry": {"type": "Point", "coordinates": [114.0243, -0.96749]}, "properties": {"species": "pongo_pygmaeus", "date_acq": "2026-08-05T610", "confidence": "n", "brightness": "340.36", "frp": "4.39", "daynight": "D"}}, {"type": "Feature", "geometry": {"type": "Point", "coordinates": [112.39288, -0.88188]}, "properties": {"species": "pongo_pygmaeus", "date_acq": "2026-08-05T610", "confidence": "n", "brightness": "340.66", "frp": "4.65", "daynight": "D"}}, {"type": "Feature", "geometry": {"type": "Point", "coordinates": [112.22669, -0.80961]}, "properties": {"species": "pongo_pygmaeus", "date_acq": "2026-08-05T610", "confidence": "n", "brightness": "330.35", "frp": "2", "daynight": "D"}}, {"type": "Feature", "geometry": {"type": "Point", "coordinates": [112.15868, -0.78578]}, "properties": {"species": "pongo_pygmaeus", "date_acq": "2026-08-05T610", "confidence": "n", "brightness": "339.19", "frp": "12.94", "daynight": "D"}}, {"type": "Feature", "geometry": {"type": "Point", "coordinates": [112.15469, -0.78297]}, "properties": {"species": "pongo_pygmaeus", "date_acq": "2026-08-05T610", "confidence": "n", "brightness": "334.05", "frp": "12.94", "daynight": "D"}}, {"type": "Feature", "geometry": {"type": "Point", "coordinates": [112.15818, -0.78244]}, "properties": {"species": "pongo_pygmaeus", "date_acq": "2026-08-05T610", "confidence": "n", "brightness": "343.46", "frp": "12.94", "daynight": "D"}}, {"type": "Feature", "geometry": {"type": "Point", "coordinates": [111.83404, -0.78163]}, "properties": {"species": "pongo_pygmaeus", "date_acq": "2026-08-05T610", "confidence": "n", "brightness": "340.21", "frp": "3.14", "daynight": "D"}}, {"type": "Feature", "geometry": {"type": "Point", "coordinates": [110.06851, -0.66219]}, "properties": {"species": "pongo_pygmaeus", "date_acq": "2026-08-05T610", "confidence": "n", "brightness": "342.2", "frp": "28.24", "daynight": "D"}}, {"type": "Feature", "geometry": {"type": "Point", "coordinates": [110.068, -0.65881]}, "properties": {"species": "pongo_pygmaeus", "date_acq": "2026-08-05T610", "confidence": "n", "brightness": "344.69", "frp": "7.15", "daynight": "D"}}, {"type": "Feature", "geometry": {"type": "Point", "coordinates": [111.2802, -0.56493]}, "properties": {"species": "pongo_pygmaeus", "date_acq": "2026-08-05T610", "confidence": "n", "brightness": "332.51", "frp": "101.3", "daynight": "D"}}, {"type": "Feature", "geometry": {"type": "Point", "coordinates": [110.89375, -0.53987]}, "properties": {"species": "pongo_pygmaeus", "date_acq": "2026-08-05T610", "confidence": "n", "brightness": "333.22", "frp": "5.5", "daynight": "D"}}, {"type": "Feature", "geometry": {"type": "Point", "coordinates": [110.89723, -0.53935]}, "properties": {"species": "pongo_pygmaeus", "date_acq": "2026-08-05T610", "confidence": "n", "brightness": "342", "frp": "18.57", "daynight": "D"}}, {"type": "Feature", "geometry": {"type": "Point", "coordinates": [111.6531, -0.53174]}, "properties": {"species": "pongo_pygmaeus", "date_acq": "2026-08-05T610", "confidence": "n", "brightness": "329.73", "frp": "18.02", "daynight": "D"}}, {"type": "Feature", "geometry": {"type": "Point", "coordinates": [111.65259, -0.52842]}, "properties": {"species": "pongo_pygmaeus", "date_acq": "2026-08-05T610", "confidence": "n", "brightness": "336.72", "frp": "18.02", "daynight": "D"}}, {"type": "Feature", "geometry": {"type": "Point", "coordinates": [111.62363, -0.48285]}, "properties": {"species": "pongo_pygmaeus", "date_acq": "2026-08-05T610", "confidence": "n", "brightness": "342.69", "frp": "5.58", "daynight": "D"}}, {"type": "Feature", "geometry": {"type": "Point", "coordinates": [111.59145, -0.45713]}, "properties": {"species": "pongo_pygmaeus", "date_acq": "2026-08-05T610", "confidence": "n", "brightness": "346.05", "frp": "48.11", "daynight": "D"}}, {"type": "Feature", "geometry": {"type": "Point", "coordinates": [112.77632, -0.25173]}, "properties": {"species": "pongo_pygmaeus", "date_acq": "2026-08-05T610", "confidence": "n", "brightness": "334.92", "frp": "4.83", "daynight": "D"}}, {"type": "Feature", "geometry": {"type": "Point", "coordinates": [113.19637, 0.02542]}, "properties": {"species": "pongo_pygmaeus", "date_acq": "2026-08-05T610", "confidence": "n", "brightness": "336.12", "frp": "4.35", "daynight": "D"}}, {"type": "Feature", "geometry": {"type": "Point", "coordinates": [116.64046, 0.16093]}, "properties": {"species": "pongo_pygmaeus", "date_acq": "2026-08-05T610", "confidence": "n", "brightness": "333.98", "frp": "6.37", "daynight": "D"}}, {"type": "Feature", "geometry": {"type": "Point", "coordinates": [116.63661, 0.16368]}, "properties": {"species": "pongo_pygmaeus", "date_acq": "2026-08-05T610", "confidence": "n", "brightness": "341.93", "frp": "9.2", "daynight": "D"}}, {"type": "Feature", "geometry": {"type": "Point", "coordinates": [116.63605, 0.16454]}, "properties": {"species": "pongo_pygmaeus", "date_acq": "2026-08-05T610", "confidence": "n", "brightness": "344.43", "frp": "7.1", "daynight": "D"}}, {"type": "Feature", "geometry": {"type": "Point", "coordinates": [114.67909, 0.21944]}, "properties": {"species": "pongo_pygmaeus", "date_acq": "2026-08-05T610", "confidence": "n", "brightness": "332.14", "frp": "114.61", "daynight": "D"}}, {"type": "Feature", "geometry": {"type": "Point", "coordinates": [117.45052, 0.30057]}, "properties": {"species": "pongo_pygmaeus", "date_acq": "2026-08-05T610", "confidence": "n", "brightness": "330.82", "frp": "3.48", "daynight": "D"}}, {"type": "Feature", "geometry": {"type": "Point", "coordinates": [117.45145, 0.44416]}, "properties": {"species": "pongo_pygmaeus", "date_acq": "2026-08-05T610", "confidence": "n", "brightness": "333.6", "frp": "25.49", "daynight": "D"}}, {"type": "Feature", "geometry": {"type": "Point", "coordinates": [117.45586, 0.44484]}, "properties": {"species": "pongo_pygmaeus", "date_acq": "2026-08-05T610", "confidence": "n", "brightness": "350.27", "frp": "18.09", "daynight": "D"}}, {"type": "Feature", "geometry": {"type": "Point", "coordinates": [117.46025, 0.44551]}, "properties": {"species": "pongo_pygmaeus", "date_acq": "2026-08-05T610", "confidence": "n", "brightness": "340.44", "frp": "18.09", "daynight": "D"}}, {"type": "Feature", "geometry": {"type": "Point", "coordinates": [117.45517, 0.44927]}, "properties": {"species": "pongo_pygmaeus", "date_acq": "2026-08-05T610", "confidence": "n", "brightness": "346.75", "frp": "18.09", "daynight": "D"}}, {"type": "Feature", "geometry": {"type": "Point", "coordinates": [117.45956, 0.44995]}, "properties": {"species": "pongo_pygmaeus", "date_acq": "2026-08-05T610", "confidence": "n", "brightness": "340.75", "frp": "18.09", "daynight": "D"}}, {"type": "Feature", "geometry": {"type": "Point", "coordinates": [117.23518, 0.59465]}, "properties": {"species": "pongo_pygmaeus", "date_acq": "2026-08-05T610", "confidence": "n", "brightness": "329.93", "frp": "3.49", "daynight": "D"}}, {"type": "Feature", "geometry": {"type": "Point", "coordinates": [117.24677, 1.48792]}, "properties": {"species": "pongo_pygmaeus", "date_acq": "2026-08-05T610", "confidence": "n", "brightness": "336.91", "frp": "3.84", "daynight": "D"}}, {"type": "Feature", "geometry": {"type": "Point", "coordinates": [117.24614, 1.49237]}, "properties": {"species": "pongo_pygmaeus", "date_acq": "2026-08-05T610", "confidence": "n", "brightness": "331.46", "frp": "3.84", "daynight": "D"}}, {"type": "Feature", "geometry": {"type": "Point", "coordinates": [111.91232, 0.90661]}, "properties": {"species": "pongo_pygmaeus", "date_acq": "2026-08-05T612", "confidence": "n", "brightness": "333.91", "frp": "2.57", "daynight": "D"}}, {"type": "Feature", "geometry": {"type": "Point", "coordinates": [111.98515, 0.94864]}, "properties": {"species": "pongo_pygmaeus", "date_acq": "2026-08-05T612", "confidence": "n", "brightness": "331.54", "frp": "1.76", "daynight": "D"}}, {"type": "Feature", "geometry": {"type": "Point", "coordinates": [112.2859, 0.99825]}, "properties": {"species": "pongo_pygmaeus", "date_acq": "2026-08-05T612", "confidence": "n", "brightness": "330.73", "frp": "5.43", "daynight": "D"}}, {"type": "Feature", "geometry": {"type": "Point", "coordinates": [112.28849, 1.00556]}, "properties": {"species": "pongo_pygmaeus", "date_acq": "2026-08-05T612", "confidence": "n", "brightness": "344.85", "frp": "6.06", "daynight": "D"}}, {"type": "Feature", "geometry": {"type": "Point", "coordinates": [112.28973, 1.01726]}, "properties": {"species": "pongo_pygmaeus", "date_acq": "2026-08-05T612", "confidence": "n", "brightness": "339.5", "frp": "3.94", "daynight": "D"}}, {"type": "Feature", "geometry": {"type": "Point", "coordinates": [112.29324, 1.01779]}, "properties": {"species": "pongo_pygmaeus", "date_acq": "2026-08-05T612", "confidence": "n", "brightness": "331.05", "frp": "2.37", "daynight": "D"}}, {"type": "Feature", "geometry": {"type": "Point", "coordinates": [117.19957, 1.73218]}, "properties": {"species": "pongo_pygmaeus", "date_acq": "2026-08-05T612", "confidence": "n", "brightness": "332.14", "frp": "9.1", "daynight": "D"}}, {"type": "Feature", "geometry": {"type": "Point", "coordinates": [117.20377, 1.73283]}, "properties": {"species": "pongo_pygmaeus", "date_acq": "2026-08-05T612", "confidence": "n", "brightness": "340.38", "frp": "7.76", "daynight": "D"}}, {"type": "Feature", "geometry": {"type": "Point", "coordinates": [117.20311, 1.73727]}, "properties": {"species": "pongo_pygmaeus", "date_acq": "2026-08-05T612", "confidence": "n", "brightness": "340.79", "frp": "7.76", "daynight": "D"}}, {"type": "Feature", "geometry": {"type": "Point", "coordinates": [117.20245, 1.74173]}, "properties": {"species": "pongo_pygmaeus", "date_acq": "2026-08-05T612", "confidence": "n", "brightness": "352.46", "frp": "24.16", "daynight": "D"}}, {"type": "Feature", "geometry": {"type": "Point", "coordinates": [117.20181, 1.74618]}, "properties": {"species": "pongo_pygmaeus", "date_acq": "2026-08-05T612", "confidence": "n", "brightness": "335.19", "frp": "24.16", "daynight": "D"}}, {"type": "Feature", "geometry": {"type": "Point", "coordinates": [117.25555, 1.78451]}, "properties": {"species": "pongo_pygmaeus", "date_acq": "2026-08-05T612", "confidence": "n", "brightness": "335.11", "frp": "10.25", "daynight": "D"}}, {"type": "Feature", "geometry": {"type": "Point", "coordinates": [116.63496, 0.1642]}, "properties": {"species": "pongo_pygmaeus", "date_acq": "2026-08-05T1709", "confidence": "n", "brightness": "316.83", "frp": "2.76", "daynight": "N"}}, {"type": "Feature", "geometry": {"type": "Point", "coordinates": [116.6313, 0.16476]}, "properties": {"species": "pongo_pygmaeus", "date_acq": "2026-08-05T1709", "confidence": "n", "brightness": "305.86", "frp": "2.31", "daynight": "N"}}, {"type": "Feature", "geometry": {"type": "Point", "coordinates": [116.63406, 0.16577]}, "properties": {"species": "pongo_pygmaeus", "date_acq": "2026-08-05T1709", "confidence": "n", "brightness": "313.36", "frp": "3.75", "daynight": "N"}}, {"type": "Feature", "geometry": {"type": "Point", "coordinates": [111.92095, -1.8956]}, "properties": {"species": "pongo_pygmaeus", "date_acq": "2026-08-05T1711", "confidence": "n", "brightness": "310.42", "frp": "2.12", "daynight": "N"}}, {"type": "Feature", "geometry": {"type": "Point", "coordinates": [111.92034, -1.88929]}, "properties": {"species": "pongo_pygmaeus", "date_acq": "2026-08-05T1711", "confidence": "n", "brightness": "319.28", "frp": "4.46", "daynight": "N"}}, {"type": "Feature", "geometry": {"type": "Point", "coordinates": [111.92228, -1.88841]}, "properties": {"species": "pongo_pygmaeus", "date_acq": "2026-08-05T1711", "confidence": "n", "brightness": "313.2", "frp": "2.12", "daynight": "N"}}, {"type": "Feature", "geometry": {"type": "Point", "coordinates": [113.61002, -1.8256]}, "properties": {"species": "pongo_pygmaeus", "date_acq": "2026-08-05T1711", "confidence": "n", "brightness": "312.39", "frp": "2.79", "daynight": "N"}}, {"type": "Feature", "geometry": {"type": "Point", "coordinates": [114.13978, -1.30907]}, "properties": {"species": "pongo_pygmaeus", "date_acq": "2026-08-05T1711", "confidence": "n", "brightness": "307.19", "frp": "1.52", "daynight": "N"}}, {"type": "Feature", "geometry": {"type": "Point", "coordinates": [111.09872, -2.02618]}, "properties": {"species": "pongo_pygmaeus", "date_acq": "2026-08-05T1851", "confidence": "n", "brightness": "312.7", "frp": "1.85", "daynight": "N"}}, {"type": "Feature", "geometry": {"type": "Point", "coordinates": [110.2148, -1.9759]}, "properties": {"species": "pongo_pygmaeus", "date_acq": "2026-08-05T1851", "confidence": "n", "brightness": "303.58", "frp": "1.13", "daynight": "N"}}, {"type": "Feature", "geometry": {"type": "Point", "coordinates": [110.21942, -1.97322]}, "properties": {"species": "pongo_pygmaeus", "date_acq": "2026-08-05T1851", "confidence": "n", "brightness": "314.57", "frp": "1.07", "daynight": "N"}}, {"type": "Feature", "geometry": {"type": "Point", "coordinates": [110.21574, -1.97264]}, "properties": {"species": "pongo_pygmaeus", "date_acq": "2026-08-05T1851", "confidence": "n", "brightness": "304.39", "frp": "1.07", "daynight": "N"}}, {"type": "Feature", "geometry": {"type": "Point", "coordinates": [110.21936, -1.97086]}, "properties": {"species": "pongo_pygmaeus", "date_acq": "2026-08-05T1851", "confidence": "n", "brightness": "311.54", "frp": "1.13", "daynight": "N"}}, {"type": "Feature", "geometry": {"type": "Point", "coordinates": [110.18457, -1.90495]}, "properties": {"species": "pongo_pygmaeus", "date_acq": "2026-08-05T1851", "confidence": "n", "brightness": "307.64", "frp": "0.87", "daynight": "N"}}, {"type": "Feature", "geometry": {"type": "Point", "coordinates": [110.14333, -1.90434]}, "properties": {"species": "pongo_pygmaeus", "date_acq": "2026-08-05T1851", "confidence": "n", "brightness": "302.48", "frp": "1.95", "daynight": "N"}}, {"type": "Feature", "geometry": {"type": "Point", "coordinates": [110.15149, -1.8999]}, "properties": {"species": "pongo_pygmaeus", "date_acq": "2026-08-05T1851", "confidence": "n", "brightness": "330.68", "frp": "3.96", "daynight": "N"}}, {"type": "Feature", "geometry": {"type": "Point", "coordinates": [110.14783, -1.89934]}, "properties": {"species": "pongo_pygmaeus", "date_acq": "2026-08-05T1851", "confidence": "n", "brightness": "310.07", "frp": "1.95", "daynight": "N"}}, {"type": "Feature", "geometry": {"type": "Point", "coordinates": [110.29208, -1.8984]}, "properties": {"species": "pongo_pygmaeus", "date_acq": "2026-08-05T1851", "confidence": "n", "brightness": "303.53", "frp": "0.7", "daynight": "N"}}, {"type": "Feature", "geometry": {"type": "Point", "coordinates": [110.13688, -1.89766]}, "properties": {"species": "pongo_pygmaeus", "date_acq": "2026-08-05T1851", "confidence": "n", "brightness": "309.79", "frp": "1.9", "daynight": "N"}}, {"type": "Feature", "geometry": {"type": "Point", "coordinates": [110.13324, -1.89711]}, "properties": {"species": "pongo_pygmaeus", "date_acq": "2026-08-05T1851", "confidence": "n", "brightness": "305.83", "frp": "2.18", "daynight": "N"}}, {"type": "Feature", "geometry": {"type": "Point", "coordinates": [110.12961, -1.89655]}, "properties": {"species": "pongo_pygmaeus", "date_acq": "2026-08-05T1851", "confidence": "n", "brightness": "317.21", "frp": "2.18", "daynight": "N"}}, {"type": "Feature", "geometry": {"type": "Point", "coordinates": [110.15236, -1.89434]}, "properties": {"species": "pongo_pygmaeus", "date_acq": "2026-08-05T1851", "confidence": "n", "brightness": "326.18", "frp": "2.89", "daynight": "N"}}, {"type": "Feature", "geometry": {"type": "Point", "coordinates": [110.1487, -1.89378]}, "properties": {"species": "pongo_pygmaeus", "date_acq": "2026-08-05T1851", "confidence": "n", "brightness": "304.61", "frp": "2.56", "daynight": "N"}}, {"type": "Feature", "geometry": {"type": "Point", "coordinates": [110.1414, -1.89266]}, "properties": {"species": "pongo_pygmaeus", "date_acq": "2026-08-05T1851", "confidence": "n", "brightness": "304.53", "frp": "2.81", "daynight": "N"}}, {"type": "Feature", "geometry": {"type": "Point", "coordinates": [110.13776, -1.89211]}, "properties": {"species": "pongo_pygmaeus", "date_acq": "2026-08-05T1851", "confidence": "n", "brightness": "326.17", "frp": "2.81", "daynight": "N"}}, {"type": "Feature", "geometry": {"type": "Point", "coordinates": [110.15325, -1.88878]}, "properties": {"species": "pongo_pygmaeus", "date_acq": "2026-08-05T1851", "confidence": "n", "brightness": "328.4", "frp": "2.89", "daynight": "N"}}, {"type": "Feature", "geometry": {"type": "Point", "coordinates": [110.14959, -1.88823]}, "properties": {"species": "pongo_pygmaeus", "date_acq": "2026-08-05T1851", "confidence": "n", "brightness": "308.98", "frp": "2.56", "daynight": "N"}}, {"type": "Feature", "geometry": {"type": "Point", "coordinates": [110.13502, -1.88601]}, "properties": {"species": "pongo_pygmaeus", "date_acq": "2026-08-05T1851", "confidence": "n", "brightness": "335.26", "frp": "5.21", "daynight": "N"}}, {"type": "Feature", "geometry": {"type": "Point", "coordinates": [110.13584, -1.88045]}, "properties": {"species": "pongo_pygmaeus", "date_acq": "2026-08-05T1851", "confidence": "h", "brightness": "367", "frp": "8.99", "daynight": "N"}}, {"type": "Feature", "geometry": {"type": "Point", "coordinates": [113.60363, -1.82488]}, "properties": {"species": "pongo_pygmaeus", "date_acq": "2026-08-05T1851", "confidence": "n", "brightness": "310.36", "frp": "2.57", "daynight": "N"}}, {"type": "Feature", "geometry": {"type": "Point", "coordinates": [113.60379, -1.81876]}, "properties": {"species": "pongo_pygmaeus", "date_acq": "2026-08-05T1851", "confidence": "n", "brightness": "302.88", "frp": "3.08", "daynight": "N"}}, {"type": "Feature", "geometry": {"type": "Point", "coordinates": [110.15596, -1.71553]}, "properties": {"species": "pongo_pygmaeus", "date_acq": "2026-08-05T1851", "confidence": "n", "brightness": "330.04", "frp": "2.64", "daynight": "N"}}, {"type": "Feature", "geometry": {"type": "Point", "coordinates": [110.18233, -1.71394]}, "properties": {"species": "pongo_pygmaeus", "date_acq": "2026-08-05T1851", "confidence": "n", "brightness": "307.78", "frp": "1.28", "daynight": "N"}}, {"type": "Feature", "geometry": {"type": "Point", "coordinates": [110.16772, -1.71168]}, "properties": {"species": "pongo_pygmaeus", "date_acq": "2026-08-05T1851", "confidence": "n", "brightness": "307.68", "frp": "1.89", "daynight": "N"}}, {"type": "Feature", "geometry": {"type": "Point", "coordinates": [110.15679, -1.70998]}, "properties": {"species": "pongo_pygmaeus", "date_acq": "2026-08-05T1851", "confidence": "n", "brightness": "330.48", "frp": "2.64", "daynight": "N"}}, {"type": "Feature", "geometry": {"type": "Point", "coordinates": [110.17589, -1.70726]}, "properties": {"species": "pongo_pygmaeus", "date_acq": "2026-08-05T1851", "confidence": "n", "brightness": "308.36", "frp": "1.53", "daynight": "N"}}, {"type": "Feature", "geometry": {"type": "Point", "coordinates": [110.07208, -1.6065]}, "properties": {"species": "pongo_pygmaeus", "date_acq": "2026-08-05T1851", "confidence": "n", "brightness": "302.25", "frp": "0.82", "daynight": "N"}}, {"type": "Feature", "geometry": {"type": "Point", "coordinates": [110.06855, -1.60595]}, "properties": {"species": "pongo_pygmaeus", "date_acq": "2026-08-05T1851", "confidence": "n", "brightness": "303.62", "frp": "0.82", "daynight": "N"}}, {"type": "Feature", "geometry": {"type": "Point", "coordinates": [114.13668, -1.31191]}, "properties": {"species": "pongo_pygmaeus", "date_acq": "2026-08-05T1851", "confidence": "n", "brightness": "314.1", "frp": "1.91", "daynight": "N"}}, {"type": "Feature", "geometry": {"type": "Point", "coordinates": [114.13888, -1.30872]}, "properties": {"species": "pongo_pygmaeus", "date_acq": "2026-08-05T1851", "confidence": "n", "brightness": "306.12", "frp": "1.97", "daynight": "N"}}, {"type": "Feature", "geometry": {"type": "Point", "coordinates": [112.271, -2.94011]}, "properties": {"species": "pongo_pygmaeus", "date_acq": "2026-08-06T553", "confidence": "n", "brightness": "347.32", "frp": "25.83", "daynight": "D"}}, {"type": "Feature", "geometry": {"type": "Point", "coordinates": [112.27585, -2.93937]}, "properties": {"species": "pongo_pygmaeus", "date_acq": "2026-08-06T553", "confidence": "n", "brightness": "333.21", "frp": "10.29", "daynight": "D"}}, {"type": "Feature", "geometry": {"type": "Point", "coordinates": [112.27043, -2.93621]}, "properties": {"species": "pongo_pygmaeus", "date_acq": "2026-08-06T553", "confidence": "n", "brightness": "341.18", "frp": "25.83", "daynight": "D"}}, {"type": "Feature", "geometry": {"type": "Point", "coordinates": [112.27528, -2.93548]}, "properties": {"species": "pongo_pygmaeus", "date_acq": "2026-08-06T553", "confidence": "n", "brightness": "333.71", "frp": "10.29", "daynight": "D"}}, {"type": "Feature", "geometry": {"type": "Point", "coordinates": [110.60976, -2.74169]}, "properties": {"species": "pongo_pygmaeus", "date_acq": "2026-08-06T553", "confidence": "n", "brightness": "332.31", "frp": "6.94", "daynight": "D"}}, {"type": "Feature", "geometry": {"type": "Point", "coordinates": [111.10509, -2.02621]}, "properties": {"species": "pongo_pygmaeus", "date_acq": "2026-08-06T553", "confidence": "n", "brightness": "339.49", "frp": "4.15", "daynight": "D"}}, {"type": "Feature", "geometry": {"type": "Point", "coordinates": [110.21659, -1.98126]}, "properties": {"species": "pongo_pygmaeus", "date_acq": "2026-08-06T553", "confidence": "n", "brightness": "336.07", "frp": "3.89", "daynight": "D"}}, {"type": "Feature", "geometry": {"type": "Point", "coordinates": [110.21173, -1.97752]}, "properties": {"species": "pongo_pygmaeus", "date_acq": "2026-08-06T553", "confidence": "n", "brightness": "345.84", "frp": "9.08", "daynight": "D"}}, {"type": "Feature", "geometry": {"type": "Point", "coordinates": [110.21597, -1.97687]}, "properties": {"species": "pongo_pygmaeus", "date_acq": "2026-08-06T553", "confidence": "n", "brightness": "339.91", "frp": "9.08", "daynight": "D"}}, {"type": "Feature", "geometry": {"type": "Point", "coordinates": [110.2111, -1.97312]}, "properties": {"species": "pongo_pygmaeus", "date_acq": "2026-08-06T553", "confidence": "n", "brightness": "350.12", "frp": "9.08", "daynight": "D"}}, {"type": "Feature", "geometry": {"type": "Point", "coordinates": [110.21954, -1.97183]}, "properties": {"species": "pongo_pygmaeus", "date_acq": "2026-08-06T553", "confidence": "n", "brightness": "333.82", "frp": "8.59", "daynight": "D"}}, {"type": "Feature", "geometry": {"type": "Point", "coordinates": [110.20622, -1.96937]}, "properties": {"species": "pongo_pygmaeus", "date_acq": "2026-08-06T553", "confidence": "n", "brightness": "344.77", "frp": "18.06", "daynight": "D"}}, {"type": "Feature", "geometry": {"type": "Point", "coordinates": [110.1935, -1.91287]}, "properties": {"species": "pongo_pygmaeus", "date_acq": "2026-08-06T553", "confidence": "n", "brightness": "334.79", "frp": "3.77", "daynight": "D"}}, {"type": "Feature", "geometry": {"type": "Point", "coordinates": [110.18865, -1.9091]}, "properties": {"species": "pongo_pygmaeus", "date_acq": "2026-08-06T553", "confidence": "n", "brightness": "341.5", "frp": "6.77", "daynight": "D"}}, {"type": "Feature", "geometry": {"type": "Point", "coordinates": [110.19289, -1.90847]}, "properties": {"species": "pongo_pygmaeus", "date_acq": "2026-08-06T553", "confidence": "n", "brightness": "339.96", "frp": "6.19", "daynight": "D"}}, {"type": "Feature", "geometry": {"type": "Point", "coordinates": [110.16263, -1.90846]}, "properties": {"species": "pongo_pygmaeus", "date_acq": "2026-08-06T553", "confidence": "n", "brightness": "339.48", "frp": "6.02", "daynight": "D"}}, {"type": "Feature", "geometry": {"type": "Point", "coordinates": [110.15365, -1.90174]}, "properties": {"species": "pongo_pygmaeus", "date_acq": "2026-08-06T553", "confidence": "n", "brightness": "351.68", "frp": "12.77", "daynight": "D"}}, {"type": "Feature", "geometry": {"type": "Point", "coordinates": [110.15282, -1.90089]}, "properties": {"species": "pongo_pygmaeus", "date_acq": "2026-08-06T553", "confidence": "n", "brightness": "338.52", "frp": "5.96", "daynight": "D"}}, {"type": "Feature", "geometry": {"type": "Point", "coordinates": [110.15707, -1.90027]}, "properties": {"species": "pongo_pygmaeus", "date_acq": "2026-08-06T553", "confidence": "n", "brightness": "340.09", "frp": "7.11", "daynight": "D"}}, {"type": "Feature", "geometry": {"type": "Point", "coordinates": [110.13086, -1.89962]}, "properties": {"species": "pongo_pygmaeus", "date_acq": "2026-08-06T553", "confidence": "n", "brightness": "339.02", "frp": "8.05", "daynight": "D"}}, {"type": "Feature", "geometry": {"type": "Point", "coordinates": [110.14366, -1.89774]}, "properties": {"species": "pongo_pygmaeus", "date_acq": "2026-08-06T553", "confidence": "l", "brightness": "331.85", "frp": "7.1", "daynight": "D"}}, {"type": "Feature", "geometry": {"type": "Point", "coordinates": [110.13107, -1.89622]}, "properties": {"species": "pongo_pygmaeus", "date_acq": "2026-08-06T553", "confidence": "n", "brightness": "348.93", "frp": "14.71", "daynight": "D"}}, {"type": "Feature", "geometry": {"type": "Point", "coordinates": [110.13017, -1.89521]}, "properties": {"species": "pongo_pygmaeus", "date_acq": "2026-08-06T553", "confidence": "n", "brightness": "346.27", "frp": "8.05", "daynight": "D"}}, {"type": "Feature", "geometry": {"type": "Point", "coordinates": [110.1396, -1.8949]}, "properties": {"species": "pongo_pygmaeus", "date_acq": "2026-08-06T553", "confidence": "n", "brightness": "346.12", "frp": "9.85", "daynight": "D"}}, {"type": "Feature", "geometry": {"type": "Point", "coordinates": [111.92466, -1.89428]}, "properties": {"species": "pongo_pygmaeus", "date_acq": "2026-08-06T553", "confidence": "n", "brightness": "347.29", "frp": "42.82", "daynight": "D"}}, {"type": "Feature", "geometry": {"type": "Point", "coordinates": [110.14385, -1.89424]}, "properties": {"species": "pongo_pygmaeus", "date_acq": "2026-08-06T553", "confidence": "n", "brightness": "337.31", "frp": "9.85", "daynight": "D"}}, {"type": "Feature", "geometry": {"type": "Point", "coordinates": [110.13873, -1.89395]}, "properties": {"species": "pongo_pygmaeus", "date_acq": "2026-08-06T553", "confidence": "n", "brightness": "345.27", "frp": "7.1", "daynight": "D"}}, {"type": "Feature", "geometry": {"type": "Point", "coordinates": [110.143, -1.89333]}, "properties": {"species": "pongo_pygmaeus", "date_acq": "2026-08-06T553", "confidence": "n", "brightness": "345.12", "frp": "7.1", "daynight": "D"}}, {"type": "Feature", "geometry": {"type": "Point", "coordinates": [110.15575, -1.89146]}, "properties": {"species": "pongo_pygmaeus", "date_acq": "2026-08-06T553", "confidence": "n", "brightness": "334.96", "frp": "5.61", "daynight": "D"}}, {"type": "Feature", "geometry": {"type": "Point", "coordinates": [110.13894, -1.89049]}, "properties": {"species": "pongo_pygmaeus", "date_acq": "2026-08-06T553", "confidence": "n", "brightness": "354.58", "frp": "8.82", "daynight": "D"}}, {"type": "Feature", "geometry": {"type": "Point", "coordinates": [110.15592, -1.88787]}, "properties": {"species": "pongo_pygmaeus", "date_acq": "2026-08-06T553", "confidence": "n", "brightness": "333.06", "frp": "4.75", "daynight": "D"}}, {"type": "Feature", "geometry": {"type": "Point", "coordinates": [110.13828, -1.88608]}, "properties": {"species": "pongo_pygmaeus", "date_acq": "2026-08-06T553", "confidence": "n", "brightness": "345.88", "frp": "8.82", "daynight": "D"}}, {"type": "Feature", "geometry": {"type": "Point", "coordinates": [110.13764, -1.88167]}, "properties": {"species": "pongo_pygmaeus", "date_acq": "2026-08-06T553", "confidence": "h", "brightness": "367", "frp": "10.64", "daynight": "D"}}, {"type": "Feature", "geometry": {"type": "Point", "coordinates": [111.26917, -1.8816]}, "properties": {"species": "pongo_pygmaeus", "date_acq": "2026-08-06T553", "confidence": "n", "brightness": "340.98", "frp": "4.22", "daynight": "D"}}, {"type": "Feature", "geometry": {"type": "Point", "coordinates": [110.14056, -1.87221]}, "properties": {"species": "pongo_pygmaeus", "date_acq": "2026-08-06T553", "confidence": "n", "brightness": "333.99", "frp": "7.19", "daynight": "D"}}, {"type": "Feature", "geometry": {"type": "Point", "coordinates": [113.61015, -1.82253]}, "properties": {"species": "pongo_pygmaeus", "date_acq": "2026-08-06T553", "confidence": "n", "brightness": "347.33", "frp": "9.07", "daynight": "D"}}, {"type": "Feature", "geometry": {"type": "Point", "coordinates": [111.62943, -1.76007]}, "properties": {"species": "pongo_pygmaeus", "date_acq": "2026-08-06T553", "confidence": "n", "brightness": "331.95", "frp": "6.84", "daynight": "D"}}, {"type": "Feature", "geometry": {"type": "Point", "coordinates": [110.20323, -1.7368]}, "properties": {"species": "pongo_pygmaeus", "date_acq": "2026-08-06T553", "confidence": "n", "brightness": "339.8", "frp": "6.54", "daynight": "D"}}, {"type": "Feature", "geometry": {"type": "Point", "coordinates": [110.15667, -1.71242]}, "properties": {"species": "pongo_pygmaeus", "date_acq": "2026-08-06T553", "confidence": "n", "brightness": "340.7", "frp": "12.49", "daynight": "D"}}, {"type": "Feature", "geometry": {"type": "Point", "coordinates": [110.16931, -1.71053]}, "properties": {"species": "pongo_pygmaeus", "date_acq": "2026-08-06T553", "confidence": "n", "brightness": "354.01", "frp": "13.02", "daynight": "D"}}, {"type": "Feature", "geometry": {"type": "Point", "coordinates": [111.54738, -1.70308]}, "properties": {"species": "pongo_pygmaeus", "date_acq": "2026-08-06T553", "confidence": "n", "brightness": "332.05", "frp": "6.14", "daynight": "D"}}, {"type": "Feature", "geometry": {"type": "Point", "coordinates": [110.67994, -1.66442]}, "properties": {"species": "pongo_pygmaeus", "date_acq": "2026-08-06T553", "confidence": "h", "brightness": "367", "frp": "14.13", "daynight": "D"}}, {"type": "Feature", "geometry": {"type": "Point", "coordinates": [111.56538, -1.6216]}, "properties": {"species": "pongo_pygmaeus", "date_acq": "2026-08-06T553", "confidence": "n", "brightness": "342.06", "frp": "9.34", "daynight": "D"}}, {"type": "Feature", "geometry": {"type": "Point", "coordinates": [110.07801, -1.61697]}, "properties": {"species": "pongo_pygmaeus", "date_acq": "2026-08-06T553", "confidence": "l", "brightness": "331.42", "frp": "8.2", "daynight": "D"}}, {"type": "Feature", "geometry": {"type": "Point", "coordinates": [110.07612, -1.60373]}, "properties": {"species": "pongo_pygmaeus", "date_acq": "2026-08-06T553", "confidence": "n", "brightness": "345.29", "frp": "54.33", "daynight": "D"}}, {"type": "Feature", "geometry": {"type": "Point", "coordinates": [110.07687, -1.59503]}, "properties": {"species": "pongo_pygmaeus", "date_acq": "2026-08-06T553", "confidence": "n", "brightness": "335.73", "frp": "10.86", "daynight": "D"}}, {"type": "Feature", "geometry": {"type": "Point", "coordinates": [110.07481, -1.59491]}, "properties": {"species": "pongo_pygmaeus", "date_acq": "2026-08-06T553", "confidence": "n", "brightness": "340.92", "frp": "8.35", "daynight": "D"}}, {"type": "Feature", "geometry": {"type": "Point", "coordinates": [110.79464, -1.56102]}, "properties": {"species": "pongo_pygmaeus", "date_acq": "2026-08-06T553", "confidence": "n", "brightness": "338.22", "frp": "10.5", "daynight": "D"}}, {"type": "Feature", "geometry": {"type": "Point", "coordinates": [110.79842, -1.56044]}, "properties": {"species": "pongo_pygmaeus", "date_acq": "2026-08-06T553", "confidence": "n", "brightness": "343.42", "frp": "25.05", "daynight": "D"}}, {"type": "Feature", "geometry": {"type": "Point", "coordinates": [110.82147, -1.5569]}, "properties": {"species": "pongo_pygmaeus", "date_acq": "2026-08-06T553", "confidence": "n", "brightness": "348.15", "frp": "9.34", "daynight": "D"}}, {"type": "Feature", "geometry": {"type": "Point", "coordinates": [114.43951, -1.40936]}, "properties": {"species": "pongo_pygmaeus", "date_acq": "2026-08-06T553", "confidence": "n", "brightness": "334.51", "frp": "9.18", "daynight": "D"}}, {"type": "Feature", "geometry": {"type": "Point", "coordinates": [114.43478, -1.40305]}, "properties": {"species": "pongo_pygmaeus", "date_acq": "2026-08-06T553", "confidence": "n", "brightness": "332.29", "frp": "2", "daynight": "D"}}, {"type": "Feature", "geometry": {"type": "Point", "coordinates": [110.10841, -1.36163]}, "properties": {"species": "pongo_pygmaeus", "date_acq": "2026-08-06T553", "confidence": "n", "brightness": "337.78", "frp": "3.9", "daynight": "D"}}, {"type": "Feature", "geometry": {"type": "Point", "coordinates": [110.11171, -1.36122]}, "properties": {"species": "pongo_pygmaeus", "date_acq": "2026-08-06T553", "confidence": "n", "brightness": "334.31", "frp": "7.58", "daynight": "D"}}, {"type": "Feature", "geometry": {"type": "Point", "coordinates": [110.10773, -1.35725]}, "properties": {"species": "pongo_pygmaeus", "date_acq": "2026-08-06T553", "confidence": "h", "brightness": "367", "frp": "18.74", "daynight": "D"}}, {"type": "Feature", "geometry": {"type": "Point", "coordinates": [110.09417, -1.32347]}, "properties": {"species": "pongo_pygmaeus", "date_acq": "2026-08-06T553", "confidence": "n", "brightness": "341.69", "frp": "4.2", "daynight": "D"}}, {"type": "Feature", "geometry": {"type": "Point", "coordinates": [114.13949, -1.31479]}, "properties": {"species": "pongo_pygmaeus", "date_acq": "2026-08-06T553", "confidence": "n", "brightness": "330.23", "frp": "1.84", "daynight": "D"}}, {"type": "Feature", "geometry": {"type": "Point", "coordinates": [114.13897, -1.31132]}, "properties": {"species": "pongo_pygmaeus", "date_acq": "2026-08-06T553", "confidence": "n", "brightness": "345.02", "frp": "18.01", "daynight": "D"}}, {"type": "Feature", "geometry": {"type": "Point", "coordinates": [110.08801, -1.31095]}, "properties": {"species": "pongo_pygmaeus", "date_acq": "2026-08-06T553", "confidence": "n", "brightness": "346.54", "frp": "6.78", "daynight": "D"}}, {"type": "Feature", "geometry": {"type": "Point", "coordinates": [114.21582, -1.31034]}, "properties": {"species": "pongo_pygmaeus", "date_acq": "2026-08-06T553", "confidence": "n", "brightness": "331.07", "frp": "3.1", "daynight": "D"}}, {"type": "Feature", "geometry": {"type": "Point", "coordinates": [110.08739, -1.30656]}, "properties": {"species": "pongo_pygmaeus", "date_acq": "2026-08-06T553", "confidence": "n", "brightness": "343.38", "frp": "6.51", "daynight": "D"}}, {"type": "Feature", "geometry": {"type": "Point", "coordinates": [115.97944, -1.24841]}, "properties": {"species": "pongo_pygmaeus", "date_acq": "2026-08-06T553", "confidence": "n", "brightness": "336.71", "frp": "8.46", "daynight": "D"}}, {"type": "Feature", "geometry": {"type": "Point", "coordinates": [111.01563, -1.2275]}, "properties": {"species": "pongo_pygmaeus", "date_acq": "2026-08-06T553", "confidence": "n", "brightness": "340.05", "frp": "5.5", "daynight": "D"}}, {"type": "Feature", "geometry": {"type": "Point", "coordinates": [111.01505, -1.22494]}, "properties": {"species": "pongo_pygmaeus", "date_acq": "2026-08-06T553", "confidence": "n", "brightness": "340.06", "frp": "9.36", "daynight": "D"}}, {"type": "Feature", "geometry": {"type": "Point", "coordinates": [111.28737, -1.13304]}, "properties": {"species": "pongo_pygmaeus", "date_acq": "2026-08-06T553", "confidence": "n", "brightness": "341.19", "frp": "4.31", "daynight": "D"}}, {"type": "Feature", "geometry": {"type": "Point", "coordinates": [113.23289, -0.9227]}, "properties": {"species": "pongo_pygmaeus", "date_acq": "2026-08-06T553", "confidence": "n", "brightness": "339.39", "frp": "4.89", "daynight": "D"}}, {"type": "Feature", "geometry": {"type": "Point", "coordinates": [110.08571, -0.69703]}, "properties": {"species": "pongo_pygmaeus", "date_acq": "2026-08-06T553", "confidence": "n", "brightness": "337.3", "frp": "3.91", "daynight": "D"}}, {"type": "Feature", "geometry": {"type": "Point", "coordinates": [110.08506, -0.69268]}, "properties": {"species": "pongo_pygmaeus", "date_acq": "2026-08-06T553", "confidence": "n", "brightness": "337.63", "frp": "3.91", "daynight": "D"}}, {"type": "Feature", "geometry": {"type": "Point", "coordinates": [111.32204, -0.66798]}, "properties": {"species": "pongo_pygmaeus", "date_acq": "2026-08-06T553", "confidence": "n", "brightness": "332.51", "frp": "5.39", "daynight": "D"}}, {"type": "Feature", "geometry": {"type": "Point", "coordinates": [116.64057, 0.16048]}, "properties": {"species": "pongo_pygmaeus", "date_acq": "2026-08-06T553", "confidence": "n", "brightness": "348.08", "frp": "7.2", "daynight": "D"}}, {"type": "Feature", "geometry": {"type": "Point", "coordinates": [116.64407, 0.16101]}, "properties": {"species": "pongo_pygmaeus", "date_acq": "2026-08-06T553", "confidence": "n", "brightness": "340.84", "frp": "7.2", "daynight": "D"}}, {"type": "Feature", "geometry": {"type": "Point", "coordinates": [116.63659, 0.16328]}, "properties": {"species": "pongo_pygmaeus", "date_acq": "2026-08-06T553", "confidence": "n", "brightness": "341.68", "frp": "4.91", "daynight": "D"}}, {"type": "Feature", "geometry": {"type": "Point", "coordinates": [117.44957, 0.29894]}, "properties": {"species": "pongo_pygmaeus", "date_acq": "2026-08-06T553", "confidence": "n", "brightness": "333.91", "frp": "6.17", "daynight": "D"}}, {"type": "Feature", "geometry": {"type": "Point", "coordinates": [117.44177, 0.30124]}, "properties": {"species": "pongo_pygmaeus", "date_acq": "2026-08-06T553", "confidence": "n", "brightness": "334.8", "frp": "5.08", "daynight": "D"}}, {"type": "Feature", "geometry": {"type": "Point", "coordinates": [117.24834, 0.50541]}, "properties": {"species": "pongo_pygmaeus", "date_acq": "2026-08-06T553", "confidence": "l", "brightness": "330.54", "frp": "2.89", "daynight": "D"}}, {"type": "Feature", "geometry": {"type": "Point", "coordinates": [117.23606, 0.53819]}, "properties": {"species": "pongo_pygmaeus", "date_acq": "2026-08-06T553", "confidence": "n", "brightness": "333.61", "frp": "10.23", "daynight": "D"}}, {"type": "Feature", "geometry": {"type": "Point", "coordinates": [117.23965, 0.53874]}, "properties": {"species": "pongo_pygmaeus", "date_acq": "2026-08-06T553", "confidence": "n", "brightness": "335.14", "frp": "19.58", "daynight": "D"}}, {"type": "Feature", "geometry": {"type": "Point", "coordinates": [117.17667, 0.54294]}, "properties": {"species": "pongo_pygmaeus", "date_acq": "2026-08-06T553", "confidence": "n", "brightness": "345.63", "frp": "10.7", "daynight": "D"}}, {"type": "Feature", "geometry": {"type": "Point", "coordinates": [117.18024, 0.54349]}, "properties": {"species": "pongo_pygmaeus", "date_acq": "2026-08-06T553", "confidence": "n", "brightness": "334.58", "frp": "9.21", "daynight": "D"}}, {"type": "Feature", "geometry": {"type": "Point", "coordinates": [117.17614, 0.54632]}, "properties": {"species": "pongo_pygmaeus", "date_acq": "2026-08-06T553", "confidence": "n", "brightness": "340.03", "frp": "10.7", "daynight": "D"}}, {"type": "Feature", "geometry": {"type": "Point", "coordinates": [117.2345, 0.59419]}, "properties": {"species": "pongo_pygmaeus", "date_acq": "2026-08-06T553", "confidence": "n", "brightness": "338.18", "frp": "6.09", "daynight": "D"}}, {"type": "Feature", "geometry": {"type": "Point", "coordinates": [117.10403, 0.60895]}, "properties": {"species": "pongo_pygmaeus", "date_acq": "2026-08-06T553", "confidence": "n", "brightness": "333.54", "frp": "4.07", "daynight": "D"}}, {"type": "Feature", "geometry": {"type": "Point", "coordinates": [117.18683, 0.61812]}, "properties": {"species": "pongo_pygmaeus", "date_acq": "2026-08-06T553", "confidence": "n", "brightness": "331.75", "frp": "1.81", "daynight": "D"}}, {"type": "Feature", "geometry": {"type": "Point", "coordinates": [113.32713, 0.84119]}, "properties": {"species": "pongo_pygmaeus", "date_acq": "2026-08-06T553", "confidence": "n", "brightness": "332.57", "frp": "8.91", "daynight": "D"}}, {"type": "Feature", "geometry": {"type": "Point", "coordinates": [117.1124, 1.02876]}, "properties": {"species": "pongo_pygmaeus", "date_acq": "2026-08-06T553", "confidence": "n", "brightness": "334.64", "frp": "3.1", "daynight": "D"}}, {"type": "Feature", "geometry": {"type": "Point", "coordinates": [117.23572, 1.37508]}, "properties": {"species": "pongo_pygmaeus", "date_acq": "2026-08-06T553", "confidence": "n", "brightness": "337.36", "frp": "6.06", "daynight": "D"}}, {"type": "Feature", "geometry": {"type": "Point", "coordinates": [117.24296, 1.37618]}, "properties": {"species": "pongo_pygmaeus", "date_acq": "2026-08-06T553", "confidence": "n", "brightness": "346.23", "frp": "26.67", "daynight": "D"}}, {"type": "Feature", "geometry": {"type": "Point", "coordinates": [111.95561, -0.65931]}, "properties": {"species": "pongo_pygmaeus", "date_acq": "2026-08-06T1832", "confidence": "n", "brightness": "302.71", "frp": "0.34", "daynight": "N"}}, {"type": "Feature", "geometry": {"type": "Point", "coordinates": [116.63763, 0.16382]}, "properties": {"species": "pongo_pygmaeus", "date_acq": "2026-08-06T1832", "confidence": "n", "brightness": "334.76", "frp": "3.36", "daynight": "N"}}, {"type": "Feature", "geometry": {"type": "Point", "coordinates": [116.63317, 0.16455]}, "properties": {"species": "pongo_pygmaeus", "date_acq": "2026-08-06T1832", "confidence": "n", "brightness": "317.5", "frp": "5.56", "daynight": "N"}}, {"type": "Feature", "geometry": {"type": "Point", "coordinates": [117.24201, 1.48825]}, "properties": {"species": "pongo_pygmaeus", "date_acq": "2026-08-06T1832", "confidence": "n", "brightness": "303.61", "frp": "1.13", "daynight": "N"}}, {"type": "Feature", "geometry": {"type": "Point", "coordinates": [111.69341, -2.31688]}, "properties": {"species": "pongo_pygmaeus", "date_acq": "2026-08-06T1834", "confidence": "n", "brightness": "310.4", "frp": "1.51", "daynight": "N"}}, {"type": "Feature", "geometry": {"type": "Point", "coordinates": [111.4621, -2.28204]}, "properties": {"species": "pongo_pygmaeus", "date_acq": "2026-08-06T1834", "confidence": "n", "brightness": "301.22", "frp": "1.11", "daynight": "N"}}, {"type": "Feature", "geometry": {"type": "Point", "coordinates": [113.78515, -2.19086]}, "properties": {"species": "pongo_pygmaeus", "date_acq": "2026-08-06T1834", "confidence": "n", "brightness": "312.4", "frp": "1.41", "daynight": "N"}}, {"type": "Feature", "geometry": {"type": "Point", "coordinates": [113.78506, -2.19005]}, "properties": {"species": "pongo_pygmaeus", "date_acq": "2026-08-06T1834", "confidence": "n", "brightness": "314.9", "frp": "1.67", "daynight": "N"}}, {"type": "Feature", "geometry": {"type": "Point", "coordinates": [110.21656, -1.97755]}, "properties": {"species": "pongo_pygmaeus", "date_acq": "2026-08-06T1834", "confidence": "n", "brightness": "310.16", "frp": "1.79", "daynight": "N"}}, {"type": "Feature", "geometry": {"type": "Point", "coordinates": [110.22424, -1.97458]}, "properties": {"species": "pongo_pygmaeus", "date_acq": "2026-08-06T1834", "confidence": "n", "brightness": "305.01", "frp": "1.37", "daynight": "N"}}, {"type": "Feature", "geometry": {"type": "Point", "coordinates": [110.22421, -1.97405]}, "properties": {"species": "pongo_pygmaeus", "date_acq": "2026-08-06T1834", "confidence": "n", "brightness": "306.26", "frp": "1.25", "daynight": "N"}}, {"type": "Feature", "geometry": {"type": "Point", "coordinates": [110.21719, -1.97351]}, "properties": {"species": "pongo_pygmaeus", "date_acq": "2026-08-06T1834", "confidence": "n", "brightness": "317.89", "frp": "1.97", "daynight": "N"}}, {"type": "Feature", "geometry": {"type": "Point", "coordinates": [110.21719, -1.97293]}, "properties": {"species": "pongo_pygmaeus", "date_acq": "2026-08-06T1834", "confidence": "n", "brightness": "317.22", "frp": "1.67", "daynight": "N"}}, {"type": "Feature", "geometry": {"type": "Point", "coordinates": [110.15947, -1.90612]}, "properties": {"species": "pongo_pygmaeus", "date_acq": "2026-08-06T1834", "confidence": "n", "brightness": "312.78", "frp": "1.39", "daynight": "N"}}, {"type": "Feature", "geometry": {"type": "Point", "coordinates": [110.15661, -1.90156]}, "properties": {"species": "pongo_pygmaeus", "date_acq": "2026-08-06T1834", "confidence": "n", "brightness": "339.17", "frp": "4.29", "daynight": "N"}}, {"type": "Feature", "geometry": {"type": "Point", "coordinates": [110.15314, -1.90102]}, "properties": {"species": "pongo_pygmaeus", "date_acq": "2026-08-06T1834", "confidence": "n", "brightness": "340.84", "frp": "4.29", "daynight": "N"}}, {"type": "Feature", "geometry": {"type": "Point", "coordinates": [110.29382, -1.89792]}, "properties": {"species": "pongo_pygmaeus", "date_acq": "2026-08-06T1834", "confidence": "n", "brightness": "308.65", "frp": "1.8", "daynight": "N"}}, {"type": "Feature", "geometry": {"type": "Point", "coordinates": [110.13235, -1.8978]}, "properties": {"species": "pongo_pygmaeus", "date_acq": "2026-08-06T1834", "confidence": "n", "brightness": "310.53", "frp": "2", "daynight": "N"}}, {"type": "Feature", "geometry": {"type": "Point", "coordinates": [110.15723, -1.89754]}, "properties": {"species": "pongo_pygmaeus", "date_acq": "2026-08-06T1834", "confidence": "n", "brightness": "332.04", "frp": "2.61", "daynight": "N"}}, {"type": "Feature", "geometry": {"type": "Point", "coordinates": [110.15376, -1.89701]}, "properties": {"species": "pongo_pygmaeus", "date_acq": "2026-08-06T1834", "confidence": "n", "brightness": "327.57", "frp": "2.61", "daynight": "N"}}, {"type": "Feature", "geometry": {"type": "Point", "coordinates": [110.15028, -1.89647]}, "properties": {"species": "pongo_pygmaeus", "date_acq": "2026-08-06T1834", "confidence": "n", "brightness": "321.87", "frp": "2.18", "daynight": "N"}}, {"type": "Feature", "geometry": {"type": "Point", "coordinates": [110.13988, -1.89486]}, "properties": {"species": "pongo_pygmaeus", "date_acq": "2026-08-06T1834", "confidence": "n", "brightness": "319.87", "frp": "2.05", "daynight": "N"}}, {"type": "Feature", "geometry": {"type": "Point", "coordinates": [110.13642, -1.89432]}, "properties": {"species": "pongo_pygmaeus", "date_acq": "2026-08-06T1834", "confidence": "n", "brightness": "322.35", "frp": "2.36", "daynight": "N"}}, {"type": "Feature", "geometry": {"type": "Point", "coordinates": [110.13297, -1.89379]}, "properties": {"species": "pongo_pygmaeus", "date_acq": "2026-08-06T1834", "confidence": "n", "brightness": "306.23", "frp": "2.36", "daynight": "N"}}, {"type": "Feature", "geometry": {"type": "Point", "coordinates": [110.15438, -1.89299]}, "properties": {"species": "pongo_pygmaeus", "date_acq": "2026-08-06T1834", "confidence": "n", "brightness": "312.66", "frp": "2.61", "daynight": "N"}}, {"type": "Feature", "geometry": {"type": "Point", "coordinates": [110.15091, -1.89245]}, "properties": {"species": "pongo_pygmaeus", "date_acq": "2026-08-06T1834", "confidence": "n", "brightness": "314.96", "frp": "2.18", "daynight": "N"}}, {"type": "Feature", "geometry": {"type": "Point", "coordinates": [110.14051, -1.89085]}, "properties": {"species": "pongo_pygmaeus", "date_acq": "2026-08-06T1834", "confidence": "n", "brightness": "314.52", "frp": "2.05", "daynight": "N"}}, {"type": "Feature", "geometry": {"type": "Point", "coordinates": [110.13705, -1.89031]}, "properties": {"species": "pongo_pygmaeus", "date_acq": "2026-08-06T1834", "confidence": "n", "brightness": "338.37", "frp": "2.36", "daynight": "N"}}, {"type": "Feature", "geometry": {"type": "Point", "coordinates": [110.15501, -1.88898]}, "properties": {"species": "pongo_pygmaeus", "date_acq": "2026-08-06T1834", "confidence": "h", "brightness": "367", "frp": "10.76", "daynight": "N"}}, {"type": "Feature", "geometry": {"type": "Point", "coordinates": [110.15154, -1.88844]}, "properties": {"species": "pongo_pygmaeus", "date_acq": "2026-08-06T1834", "confidence": "n", "brightness": "307.08", "frp": "6.06", "daynight": "N"}}, {"type": "Feature", "geometry": {"type": "Point", "coordinates": [110.13767, -1.8863]}, "properties": {"species": "pongo_pygmaeus", "date_acq": "2026-08-06T1834", "confidence": "n", "brightness": "310.13", "frp": "1.5", "daynight": "N"}}, {"type": "Feature", "geometry": {"type": "Point", "coordinates": [110.15564, -1.88496]}, "properties": {"species": "pongo_pygmaeus", "date_acq": "2026-08-06T1834", "confidence": "n", "brightness": "351.73", "frp": "10.76", "daynight": "N"}}, {"type": "Feature", "geometry": {"type": "Point", "coordinates": [110.13828, -1.88229]}, "properties": {"species": "pongo_pygmaeus", "date_acq": "2026-08-06T1834", "confidence": "n", "brightness": "308.77", "frp": "1.5", "daynight": "N"}}, {"type": "Feature", "geometry": {"type": "Point", "coordinates": [110.13485, -1.88176]}, "properties": {"species": "pongo_pygmaeus", "date_acq": "2026-08-06T1834", "confidence": "n", "brightness": "320.65", "frp": "1.5", "daynight": "N"}}, {"type": "Feature", "geometry": {"type": "Point", "coordinates": [110.13547, -1.87775]}, "properties": {"species": "pongo_pygmaeus", "date_acq": "2026-08-06T1834", "confidence": "n", "brightness": "316.19", "frp": "1.38", "daynight": "N"}}, {"type": "Feature", "geometry": {"type": "Point", "coordinates": [110.16924, -1.86648]}, "properties": {"species": "pongo_pygmaeus", "date_acq": "2026-08-06T1834", "confidence": "n", "brightness": "328.41", "frp": "2.01", "daynight": "N"}}, {"type": "Feature", "geometry": {"type": "Point", "coordinates": [110.16987, -1.86247]}, "properties": {"species": "pongo_pygmaeus", "date_acq": "2026-08-06T1834", "confidence": "n", "brightness": "306.8", "frp": "2.01", "daynight": "N"}}, {"type": "Feature", "geometry": {"type": "Point", "coordinates": [113.60868, -1.82506]}, "properties": {"species": "pongo_pygmaeus", "date_acq": "2026-08-06T1834", "confidence": "n", "brightness": "321.88", "frp": "1.92", "daynight": "N"}}, {"type": "Feature", "geometry": {"type": "Point", "coordinates": [110.20006, -1.73775]}, "properties": {"species": "pongo_pygmaeus", "date_acq": "2026-08-06T1834", "confidence": "n", "brightness": "306.66", "frp": "1.03", "daynight": "N"}}, {"type": "Feature", "geometry": {"type": "Point", "coordinates": [110.24911, -1.72075]}, "properties": {"species": "pongo_pygmaeus", "date_acq": "2026-08-06T1834", "confidence": "n", "brightness": "311.63", "frp": "1.1", "daynight": "N"}}, {"type": "Feature", "geometry": {"type": "Point", "coordinates": [110.24564, -1.7202]}, "properties": {"species": "pongo_pygmaeus", "date_acq": "2026-08-06T1834", "confidence": "n", "brightness": "309.08", "frp": "1.1", "daynight": "N"}}, {"type": "Feature", "geometry": {"type": "Point", "coordinates": [110.24976, -1.71672]}, "properties": {"species": "pongo_pygmaeus", "date_acq": "2026-08-06T1834", "confidence": "n", "brightness": "306.54", "frp": "1.1", "daynight": "N"}}, {"type": "Feature", "geometry": {"type": "Point", "coordinates": [110.15749, -1.7146]}, "properties": {"species": "pongo_pygmaeus", "date_acq": "2026-08-06T1834", "confidence": "n", "brightness": "307.95", "frp": "7.84", "daynight": "N"}}, {"type": "Feature", "geometry": {"type": "Point", "coordinates": [113.45548, -1.71367]}, "properties": {"species": "pongo_pygmaeus", "date_acq": "2026-08-06T1834", "confidence": "n", "brightness": "304.68", "frp": "0.37", "daynight": "N"}}, {"type": "Feature", "geometry": {"type": "Point", "coordinates": [110.16847, -1.71222]}, "properties": {"species": "pongo_pygmaeus", "date_acq": "2026-08-06T1834", "confidence": "n", "brightness": "315.14", "frp": "1.86", "daynight": "N"}}, {"type": "Feature", "geometry": {"type": "Point", "coordinates": [110.1581, -1.71059]}, "properties": {"species": "pongo_pygmaeus", "date_acq": "2026-08-06T1834", "confidence": "n", "brightness": "345.49", "frp": "7.84", "daynight": "N"}}, {"type": "Feature", "geometry": {"type": "Point", "coordinates": [110.15464, -1.71005]}, "properties": {"species": "pongo_pygmaeus", "date_acq": "2026-08-06T1834", "confidence": "n", "brightness": "341.17", "frp": "7.84", "daynight": "N"}}, {"type": "Feature", "geometry": {"type": "Point", "coordinates": [110.1691, -1.70821]}, "properties": {"species": "pongo_pygmaeus", "date_acq": "2026-08-06T1834", "confidence": "n", "brightness": "304.66", "frp": "0.72", "daynight": "N"}}, {"type": "Feature", "geometry": {"type": "Point", "coordinates": [110.15872, -1.70659]}, "properties": {"species": "pongo_pygmaeus", "date_acq": "2026-08-06T1834", "confidence": "n", "brightness": "340.77", "frp": "9.73", "daynight": "N"}}, {"type": "Feature", "geometry": {"type": "Point", "coordinates": [110.15527, -1.70604]}, "properties": {"species": "pongo_pygmaeus", "date_acq": "2026-08-06T1834", "confidence": "n", "brightness": "339.95", "frp": "9.73", "daynight": "N"}}, {"type": "Feature", "geometry": {"type": "Point", "coordinates": [110.18011, -1.70583]}, "properties": {"species": "pongo_pygmaeus", "date_acq": "2026-08-06T1834", "confidence": "n", "brightness": "334.29", "frp": "4.32", "daynight": "N"}}, {"type": "Feature", "geometry": {"type": "Point", "coordinates": [110.07079, -1.60953]}, "properties": {"species": "pongo_pygmaeus", "date_acq": "2026-08-06T1834", "confidence": "n", "brightness": "309.93", "frp": "6.27", "daynight": "N"}}, {"type": "Feature", "geometry": {"type": "Point", "coordinates": [110.79597, -1.56079]}, "properties": {"species": "pongo_pygmaeus", "date_acq": "2026-08-06T1834", "confidence": "n", "brightness": "309.91", "frp": "1.86", "daynight": "N"}}, {"type": "Feature", "geometry": {"type": "Point", "coordinates": [110.79218, -1.5602]}, "properties": {"species": "pongo_pygmaeus", "date_acq": "2026-08-06T1834", "confidence": "n", "brightness": "327.19", "frp": "3.04", "daynight": "N"}}, {"type": "Feature", "geometry": {"type": "Point", "coordinates": [114.62007, -1.42625]}, "properties": {"species": "pongo_pygmaeus", "date_acq": "2026-08-06T1834", "confidence": "n", "brightness": "304.66", "frp": "0.39", "daynight": "N"}}, {"type": "Feature", "geometry": {"type": "Point", "coordinates": [114.43626, -1.40858]}, "properties": {"species": "pongo_pygmaeus", "date_acq": "2026-08-06T1834", "confidence": "n", "brightness": "308.17", "frp": "1.54", "daynight": "N"}}, {"type": "Feature", "geometry": {"type": "Point", "coordinates": [114.43706, -1.40323]}, "properties": {"species": "pongo_pygmaeus", "date_acq": "2026-08-06T1834", "confidence": "n", "brightness": "321.67", "frp": "1.54", "daynight": "N"}}, {"type": "Feature", "geometry": {"type": "Point", "coordinates": [113.98946, -1.38164]}, "properties": {"species": "pongo_pygmaeus", "date_acq": "2026-08-06T1834", "confidence": "n", "brightness": "309.15", "frp": "0.7", "daynight": "N"}}, {"type": "Feature", "geometry": {"type": "Point", "coordinates": [113.98981, -1.38114]}, "properties": {"species": "pongo_pygmaeus", "date_acq": "2026-08-06T1834", "confidence": "n", "brightness": "305.25", "frp": "0.69", "daynight": "N"}}, {"type": "Feature", "geometry": {"type": "Point", "coordinates": [114.32378, -1.36926]}, "properties": {"species": "pongo_pygmaeus", "date_acq": "2026-08-06T1834", "confidence": "n", "brightness": "319.68", "frp": "1.21", "daynight": "N"}}, {"type": "Feature", "geometry": {"type": "Point", "coordinates": [110.11131, -1.36747]}, "properties": {"species": "pongo_pygmaeus", "date_acq": "2026-08-06T1834", "confidence": "n", "brightness": "312.74", "frp": "24.02", "daynight": "N"}}, {"type": "Feature", "geometry": {"type": "Point", "coordinates": [110.11193, -1.36349]}, "properties": {"species": "pongo_pygmaeus", "date_acq": "2026-08-06T1834", "confidence": "n", "brightness": "344.27", "frp": "24.02", "daynight": "N"}}, {"type": "Feature", "geometry": {"type": "Point", "coordinates": [110.10684, -1.3627]}, "properties": {"species": "pongo_pygmaeus", "date_acq": "2026-08-06T1834", "confidence": "n", "brightness": "331.03", "frp": "24.02", "daynight": "N"}}, {"type": "Feature", "geometry": {"type": "Point", "coordinates": [110.10748, -1.35873]}, "properties": {"species": "pongo_pygmaeus", "date_acq": "2026-08-06T1834", "confidence": "n", "brightness": "322.34", "frp": "4.86", "daynight": "N"}}, {"type": "Feature", "geometry": {"type": "Point", "coordinates": [114.25301, -1.33129]}, "properties": {"species": "pongo_pygmaeus", "date_acq": "2026-08-06T1834", "confidence": "n", "brightness": "321.66", "frp": "1.58", "daynight": "N"}}, {"type": "Feature", "geometry": {"type": "Point", "coordinates": [110.08682, -1.30823]}, "properties": {"species": "pongo_pygmaeus", "date_acq": "2026-08-06T1834", "confidence": "n", "brightness": "314.16", "frp": "1.79", "daynight": "N"}}, {"type": "Feature", "geometry": {"type": "Point", "coordinates": [110.08947, -1.30718]}, "properties": {"species": "pongo_pygmaeus", "date_acq": "2026-08-06T1834", "confidence": "n", "brightness": "306.08", "frp": "1.29", "daynight": "N"}}, {"type": "Feature", "geometry": {"type": "Point", "coordinates": [110.06924, -1.30409]}, "properties": {"species": "pongo_pygmaeus", "date_acq": "2026-08-06T1834", "confidence": "n", "brightness": "307.42", "frp": "1.83", "daynight": "N"}}, {"type": "Feature", "geometry": {"type": "Point", "coordinates": [114.09035, -1.24698]}, "properties": {"species": "pongo_pygmaeus", "date_acq": "2026-08-06T1834", "confidence": "n", "brightness": "304.31", "frp": "0.74", "daynight": "N"}}, {"type": "Feature", "geometry": {"type": "Point", "coordinates": [112.39458, -3.05957]}, "properties": {"species": "pongo_pygmaeus", "date_acq": "2026-08-07T531", "confidence": "h", "brightness": "367", "frp": "14.31", "daynight": "D"}}, {"type": "Feature", "geometry": {"type": "Point", "coordinates": [112.39597, -3.05582]}, "properties": {"species": "pongo_pygmaeus", "date_acq": "2026-08-07T531", "confidence": "n", "brightness": "335.82", "frp": "3.35", "daynight": "D"}}, {"type": "Feature", "geometry": {"type": "Point", "coordinates": [112.86505, -3.03368]}, "properties": {"species": "pongo_pygmaeus", "date_acq": "2026-08-07T531", "confidence": "l", "brightness": "329.76", "frp": "2.97", "daynight": "D"}}, {"type": "Feature", "geometry": {"type": "Point", "coordinates": [112.86809, -3.03323]}, "properties": {"species": "pongo_pygmaeus", "date_acq": "2026-08-07T531", "confidence": "n", "brightness": "335.36", "frp": "2.97", "daynight": "D"}}, {"type": "Feature", "geometry": {"type": "Point", "coordinates": [112.27302, -2.94063]}, "properties": {"species": "pongo_pygmaeus", "date_acq": "2026-08-07T531", "confidence": "n", "brightness": "334.55", "frp": "6.17", "daynight": "D"}}, {"type": "Feature", "geometry": {"type": "Point", "coordinates": [111.69407, -2.85787]}, "properties": {"species": "pongo_pygmaeus", "date_acq": "2026-08-07T531", "confidence": "h", "brightness": "367", "frp": "13.01", "daynight": "D"}}, {"type": "Feature", "geometry": {"type": "Point", "coordinates": [112.81977, -2.63378]}, "properties": {"species": "pongo_pygmaeus", "date_acq": "2026-08-07T531", "confidence": "n", "brightness": "339.75", "frp": "3.31", "daynight": "D"}}, {"type": "Feature", "geometry": {"type": "Point", "coordinates": [110.13583, -2.2361]}, "properties": {"species": "pongo_pygmaeus", "date_acq": "2026-08-07T531", "confidence": "n", "brightness": "342.01", "frp": "15.25", "daynight": "D"}}, {"type": "Feature", "geometry": {"type": "Point", "coordinates": [112.18804, -2.17804]}, "properties": {"species": "pongo_pygmaeus", "date_acq": "2026-08-07T531", "confidence": "h", "brightness": "367", "frp": "8.08", "daynight": "D"}}, {"type": "Feature", "geometry": {"type": "Point", "coordinates": [114.94603, -2.09729]}, "properties": {"species": "pongo_pygmaeus", "date_acq": "2026-08-07T531", "confidence": "n", "brightness": "331.19", "frp": "4.29", "daynight": "D"}}, {"type": "Feature", "geometry": {"type": "Point", "coordinates": [111.11599, -2.05602]}, "properties": {"species": "pongo_pygmaeus", "date_acq": "2026-08-07T531", "confidence": "n", "brightness": "329.81", "frp": "7.21", "daynight": "D"}}, {"type": "Feature", "geometry": {"type": "Point", "coordinates": [110.56864, -2.00805]}, "properties": {"species": "pongo_pygmaeus", "date_acq": "2026-08-07T531", "confidence": "h", "brightness": "367", "frp": "16.47", "daynight": "D"}}, {"type": "Feature", "geometry": {"type": "Point", "coordinates": [110.21861, -1.97437]}, "properties": {"species": "pongo_pygmaeus", "date_acq": "2026-08-07T531", "confidence": "n", "brightness": "331.9", "frp": "2.56", "daynight": "D"}}, {"type": "Feature", "geometry": {"type": "Point", "coordinates": [110.20003, -1.96438]}, "properties": {"species": "pongo_pygmaeus", "date_acq": "2026-08-07T531", "confidence": "h", "brightness": "367", "frp": "13.98", "daynight": "D"}}, {"type": "Feature", "geometry": {"type": "Point", "coordinates": [110.1604, -1.90714]}, "properties": {"species": "pongo_pygmaeus", "date_acq": "2026-08-07T531", "confidence": "h", "brightness": "367", "frp": "59.78", "daynight": "D"}}, {"type": "Feature", "geometry": {"type": "Point", "coordinates": [110.15421, -1.90297]}, "properties": {"species": "pongo_pygmaeus", "date_acq": "2026-08-07T531", "confidence": "n", "brightness": "351.69", "frp": "29.48", "daynight": "D"}}, {"type": "Feature", "geometry": {"type": "Point", "coordinates": [110.15046, -1.90246]}, "properties": {"species": "pongo_pygmaeus", "date_acq": "2026-08-07T531", "confidence": "n", "brightness": "337.61", "frp": "24.65", "daynight": "D"}}, {"type": "Feature", "geometry": {"type": "Point", "coordinates": [110.15875, -1.90229]}, "properties": {"species": "pongo_pygmaeus", "date_acq": "2026-08-07T531", "confidence": "n", "brightness": "354.46", "frp": "41.7", "daynight": "D"}}, {"type": "Feature", "geometry": {"type": "Point", "coordinates": [110.15501, -1.90176]}, "properties": {"species": "pongo_pygmaeus", "date_acq": "2026-08-07T531", "confidence": "n", "brightness": "352.29", "frp": "24.65", "daynight": "D"}}, {"type": "Feature", "geometry": {"type": "Point", "coordinates": [110.16328, -1.90162]}, "properties": {"species": "pongo_pygmaeus", "date_acq": "2026-08-07T531", "confidence": "n", "brightness": "344.24", "frp": "41.7", "daynight": "D"}}, {"type": "Feature", "geometry": {"type": "Point", "coordinates": [110.15956, -1.90105]}, "properties": {"species": "pongo_pygmaeus", "date_acq": "2026-08-07T531", "confidence": "h", "brightness": "367", "frp": "59.78", "daynight": "D"}}, {"type": "Feature", "geometry": {"type": "Point", "coordinates": [110.13053, -1.90024]}, "properties": {"species": "pongo_pygmaeus", "date_acq": "2026-08-07T531", "confidence": "n", "brightness": "335.38", "frp": "14.1", "daynight": "D"}}, {"type": "Feature", "geometry": {"type": "Point", "coordinates": [110.1314, -1.8992]}, "properties": {"species": "pongo_pygmaeus", "date_acq": "2026-08-07T531", "confidence": "n", "brightness": "338.77", "frp": "7.73", "daynight": "D"}}, {"type": "Feature", "geometry": {"type": "Point", "coordinates": [111.92432, -1.89799]}, "properties": {"species": "pongo_pygmaeus", "date_acq": "2026-08-07T531", "confidence": "n", "brightness": "328.9", "frp": "5.61", "daynight": "D"}}, {"type": "Feature", "geometry": {"type": "Point", "coordinates": [111.92776, -1.89747]}, "properties": {"species": "pongo_pygmaeus", "date_acq": "2026-08-07T531", "confidence": "n", "brightness": "352.13", "frp": "8.43", "daynight": "D"}}, {"type": "Feature", "geometry": {"type": "Point", "coordinates": [110.15331, -1.89688]}, "properties": {"species": "pongo_pygmaeus", "date_acq": "2026-08-07T531", "confidence": "n", "brightness": "353.98", "frp": "29.48", "daynight": "D"}}, {"type": "Feature", "geometry": {"type": "Point", "coordinates": [110.15785, -1.89622]}, "properties": {"species": "pongo_pygmaeus", "date_acq": "2026-08-07T531", "confidence": "n", "brightness": "353.65", "frp": "41.7", "daynight": "D"}}, {"type": "Feature", "geometry": {"type": "Point", "coordinates": [110.15414, -1.89568]}, "properties": {"species": "pongo_pygmaeus", "date_acq": "2026-08-07T531", "confidence": "n", "brightness": "353.78", "frp": "14.99", "daynight": "D"}}, {"type": "Feature", "geometry": {"type": "Point", "coordinates": [110.15868, -1.89498]}, "properties": {"species": "pongo_pygmaeus", "date_acq": "2026-08-07T531", "confidence": "n", "brightness": "333.96", "frp": "20.21", "daynight": "D"}}, {"type": "Feature", "geometry": {"type": "Point", "coordinates": [110.12959, -1.89416]}, "properties": {"species": "pongo_pygmaeus", "date_acq": "2026-08-07T531", "confidence": "n", "brightness": "346.6", "frp": "7.62", "daynight": "D"}}, {"type": "Feature", "geometry": {"type": "Point", "coordinates": [110.13418, -1.89349]}, "properties": {"species": "pongo_pygmaeus", "date_acq": "2026-08-07T531", "confidence": "n", "brightness": "344.08", "frp": "7.62", "daynight": "D"}}, {"type": "Feature", "geometry": {"type": "Point", "coordinates": [110.13044, -1.89312]}, "properties": {"species": "pongo_pygmaeus", "date_acq": "2026-08-07T531", "confidence": "n", "brightness": "345.15", "frp": "7.73", "daynight": "D"}}, {"type": "Feature", "geometry": {"type": "Point", "coordinates": [110.13875, -1.89281]}, "properties": {"species": "pongo_pygmaeus", "date_acq": "2026-08-07T531", "confidence": "n", "brightness": "341.27", "frp": "8.97", "daynight": "D"}}, {"type": "Feature", "geometry": {"type": "Point", "coordinates": [111.92355, -1.89257]}, "properties": {"species": "pongo_pygmaeus", "date_acq": "2026-08-07T531", "confidence": "n", "brightness": "342.87", "frp": "5.61", "daynight": "D"}}, {"type": "Feature", "geometry": {"type": "Point", "coordinates": [110.13505, -1.89241]}, "properties": {"species": "pongo_pygmaeus", "date_acq": "2026-08-07T531", "confidence": "n", "brightness": "345.7", "frp": "7.73", "daynight": "D"}}, {"type": "Feature", "geometry": {"type": "Point", "coordinates": [111.92699, -1.89205]}, "properties": {"species": "pongo_pygmaeus", "date_acq": "2026-08-07T531", "confidence": "n", "brightness": "356.61", "frp": "8.43", "daynight": "D"}}, {"type": "Feature", "geometry": {"type": "Point", "coordinates": [110.13962, -1.8917]}, "properties": {"species": "pongo_pygmaeus", "date_acq": "2026-08-07T531", "confidence": "n", "brightness": "342.88", "frp": "18.57", "daynight": "D"}}, {"type": "Feature", "geometry": {"type": "Point", "coordinates": [110.1524, -1.89081]}, "properties": {"species": "pongo_pygmaeus", "date_acq": "2026-08-07T531", "confidence": "n", "brightness": "350.65", "frp": "155.32", "daynight": "D"}}, {"type": "Feature", "geometry": {"type": "Point", "coordinates": [110.1487, -1.8903]}, "properties": {"species": "pongo_pygmaeus", "date_acq": "2026-08-07T531", "confidence": "n", "brightness": "331.87", "frp": "14.99", "daynight": "D"}}, {"type": "Feature", "geometry": {"type": "Point", "coordinates": [110.15692, -1.89014]}, "properties": {"species": "pongo_pygmaeus", "date_acq": "2026-08-07T531", "confidence": "h", "brightness": "367", "frp": "175.97", "daynight": "D"}}, {"type": "Feature", "geometry": {"type": "Point", "coordinates": [110.15324, -1.8896]}, "properties": {"species": "pongo_pygmaeus", "date_acq": "2026-08-07T531", "confidence": "n", "brightness": "356.27", "frp": "14.99", "daynight": "D"}}, {"type": "Feature", "geometry": {"type": "Point", "coordinates": [110.15775, -1.8889]}, "properties": {"species": "pongo_pygmaeus", "date_acq": "2026-08-07T531", "confidence": "h", "brightness": "367", "frp": "20.21", "daynight": "D"}}, {"type": "Feature", "geometry": {"type": "Point", "coordinates": [110.13784, -1.88673]}, "properties": {"species": "pongo_pygmaeus", "date_acq": "2026-08-07T531", "confidence": "h", "brightness": "367", "frp": "8.97", "daynight": "D"}}, {"type": "Feature", "geometry": {"type": "Point", "coordinates": [110.1424, -1.88606]}, "properties": {"species": "pongo_pygmaeus", "date_acq": "2026-08-07T531", "confidence": "n", "brightness": "339.22", "frp": "8.97", "daynight": "D"}}, {"type": "Feature", "geometry": {"type": "Point", "coordinates": [110.13874, -1.88562]}, "properties": {"species": "pongo_pygmaeus", "date_acq": "2026-08-07T531", "confidence": "n", "brightness": "354.05", "frp": "10.83", "daynight": "D"}}, {"type": "Feature", "geometry": {"type": "Point", "coordinates": [110.14697, -1.88539]}, "properties": {"species": "pongo_pygmaeus", "date_acq": "2026-08-07T531", "confidence": "h", "brightness": "367", "frp": "155.32", "daynight": "D"}}, {"type": "Feature", "geometry": {"type": "Point", "coordinates": [110.14328, -1.88492]}, "properties": {"species": "pongo_pygmaeus", "date_acq": "2026-08-07T531", "confidence": "n", "brightness": "339.95", "frp": "10.83", "daynight": "D"}}, {"type": "Feature", "geometry": {"type": "Point", "coordinates": [110.15149, -1.88473]}, "properties": {"species": "pongo_pygmaeus", "date_acq": "2026-08-07T531", "confidence": "l", "brightness": "208", "frp": "155.32", "daynight": "D"}}, {"type": "Feature", "geometry": {"type": "Point", "coordinates": [110.15602, -1.88406]}, "properties": {"species": "pongo_pygmaeus", "date_acq": "2026-08-07T531", "confidence": "h", "brightness": "367", "frp": "175.97", "daynight": "D"}}, {"type": "Feature", "geometry": {"type": "Point", "coordinates": [110.15237, -1.88352]}, "properties": {"species": "pongo_pygmaeus", "date_acq": "2026-08-07T531", "confidence": "l", "brightness": "367", "frp": "569.39", "daynight": "D"}}, {"type": "Feature", "geometry": {"type": "Point", "coordinates": [110.16051, -1.8834]}, "properties": {"species": "pongo_pygmaeus", "date_acq": "2026-08-07T531", "confidence": "n", "brightness": "338.73", "frp": "175.97", "daynight": "D"}}, {"type": "Feature", "geometry": {"type": "Point", "coordinates": [110.15688, -1.88283]}, "properties": {"species": "pongo_pygmaeus", "date_acq": "2026-08-07T531", "confidence": "h", "brightness": "367", "frp": "391.99", "daynight": "D"}}, {"type": "Feature", "geometry": {"type": "Point", "coordinates": [110.15061, -1.87864]}, "properties": {"species": "pongo_pygmaeus", "date_acq": "2026-08-07T531", "confidence": "n", "brightness": "343.12", "frp": "13", "daynight": "D"}}, {"type": "Feature", "geometry": {"type": "Point", "coordinates": [110.16856, -1.86861]}, "properties": {"species": "pongo_pygmaeus", "date_acq": "2026-08-07T531", "confidence": "n", "brightness": "345.71", "frp": "8.45", "daynight": "D"}}, {"type": "Feature", "geometry": {"type": "Point", "coordinates": [112.3121, -1.82311]}, "properties": {"species": "pongo_pygmaeus", "date_acq": "2026-08-07T531", "confidence": "n", "brightness": "353.24", "frp": "5.53", "daynight": "D"}}, {"type": "Feature", "geometry": {"type": "Point", "coordinates": [111.60095, -1.78431]}, "properties": {"species": "pongo_pygmaeus", "date_acq": "2026-08-07T531", "confidence": "n", "brightness": "345.96", "frp": "6.74", "daynight": "D"}}, {"type": "Feature", "geometry": {"type": "Point", "coordinates": [111.60152, -1.78324]}, "properties": {"species": "pongo_pygmaeus", "date_acq": "2026-08-07T531", "confidence": "n", "brightness": "329.07", "frp": "4.76", "daynight": "D"}}, {"type": "Feature", "geometry": {"type": "Point", "coordinates": [111.5462, -1.76448]}, "properties": {"species": "pongo_pygmaeus", "date_acq": "2026-08-07T531", "confidence": "n", "brightness": "351.22", "frp": "4.92", "daynight": "D"}}, {"type": "Feature", "geometry": {"type": "Point", "coordinates": [110.19682, -1.73985]}, "properties": {"species": "pongo_pygmaeus", "date_acq": "2026-08-07T531", "confidence": "n", "brightness": "350.86", "frp": "8.38", "daynight": "D"}}, {"type": "Feature", "geometry": {"type": "Point", "coordinates": [110.20132, -1.73917]}, "properties": {"species": "pongo_pygmaeus", "date_acq": "2026-08-07T531", "confidence": "n", "brightness": "341.63", "frp": "9.66", "daynight": "D"}}, {"type": "Feature", "geometry": {"type": "Point", "coordinates": [110.19595, -1.7338]}, "properties": {"species": "pongo_pygmaeus", "date_acq": "2026-08-07T531", "confidence": "n", "brightness": "341.24", "frp": "7.11", "daynight": "D"}}, {"type": "Feature", "geometry": {"type": "Point", "coordinates": [110.25306, -1.71896]}, "properties": {"species": "pongo_pygmaeus", "date_acq": "2026-08-07T531", "confidence": "n", "brightness": "333.24", "frp": "4.15", "daynight": "D"}}, {"type": "Feature", "geometry": {"type": "Point", "coordinates": [111.48839, -1.71649]}, "properties": {"species": "pongo_pygmaeus", "date_acq": "2026-08-07T531", "confidence": "n", "brightness": "328.94", "frp": "2.34", "daynight": "D"}}, {"type": "Feature", "geometry": {"type": "Point", "coordinates": [110.17004, -1.71296]}, "properties": {"species": "pongo_pygmaeus", "date_acq": "2026-08-07T531", "confidence": "n", "brightness": "330.53", "frp": "4.96", "daynight": "D"}}, {"type": "Feature", "geometry": {"type": "Point", "coordinates": [110.15565, -1.70892]}, "properties": {"species": "pongo_pygmaeus", "date_acq": "2026-08-07T531", "confidence": "h", "brightness": "367", "frp": "13.45", "daynight": "D"}}, {"type": "Feature", "geometry": {"type": "Point", "coordinates": [110.16016, -1.70825]}, "properties": {"species": "pongo_pygmaeus", "date_acq": "2026-08-07T531", "confidence": "n", "brightness": "354.29", "frp": "16.03", "daynight": "D"}}, {"type": "Feature", "geometry": {"type": "Point", "coordinates": [110.6736, -1.61416]}, "properties": {"species": "pongo_pygmaeus", "date_acq": "2026-08-07T531", "confidence": "h", "brightness": "367", "frp": "11.97", "daynight": "D"}}, {"type": "Feature", "geometry": {"type": "Point", "coordinates": [110.67144, -1.61361]}, "properties": {"species": "pongo_pygmaeus", "date_acq": "2026-08-07T531", "confidence": "n", "brightness": "331.61", "frp": "6.91", "daynight": "D"}}, {"type": "Feature", "geometry": {"type": "Point", "coordinates": [110.67554, -1.613]}, "properties": {"species": "pongo_pygmaeus", "date_acq": "2026-08-07T531", "confidence": "n", "brightness": "356.35", "frp": "12.22", "daynight": "D"}}, {"type": "Feature", "geometry": {"type": "Point", "coordinates": [110.06995, -1.6089]}, "properties": {"species": "pongo_pygmaeus", "date_acq": "2026-08-07T531", "confidence": "n", "brightness": "338.79", "frp": "38.34", "daynight": "D"}}, {"type": "Feature", "geometry": {"type": "Point", "coordinates": [110.73991, -1.57399]}, "properties": {"species": "pongo_pygmaeus", "date_acq": "2026-08-07T531", "confidence": "h", "brightness": "367", "frp": "15.98", "daynight": "D"}}, {"type": "Feature", "geometry": {"type": "Point", "coordinates": [110.74203, -1.57332]}, "properties": {"species": "pongo_pygmaeus", "date_acq": "2026-08-07T531", "confidence": "h", "brightness": "367", "frp": "14.72", "daynight": "D"}}, {"type": "Feature", "geometry": {"type": "Point", "coordinates": [110.73919, -1.56814]}, "properties": {"species": "pongo_pygmaeus", "date_acq": "2026-08-07T531", "confidence": "n", "brightness": "328.82", "frp": "4.42", "daynight": "D"}}, {"type": "Feature", "geometry": {"type": "Point", "coordinates": [110.79236, -1.55995]}, "properties": {"species": "pongo_pygmaeus", "date_acq": "2026-08-07T531", "confidence": "n", "brightness": "339.24", "frp": "4.96", "daynight": "D"}}, {"type": "Feature", "geometry": {"type": "Point", "coordinates": [110.7964, -1.55933]}, "properties": {"species": "pongo_pygmaeus", "date_acq": "2026-08-07T531", "confidence": "n", "brightness": "341.34", "frp": "8.67", "daynight": "D"}}, {"type": "Feature", "geometry": {"type": "Point", "coordinates": [112.56158, -1.50111]}, "properties": {"species": "pongo_pygmaeus", "date_acq": "2026-08-07T531", "confidence": "n", "brightness": "332.87", "frp": "1.54", "daynight": "D"}}, {"type": "Feature", "geometry": {"type": "Point", "coordinates": [114.20213, -1.48677]}, "properties": {"species": "pongo_pygmaeus", "date_acq": "2026-08-07T531", "confidence": "n", "brightness": "341.85", "frp": "12.55", "daynight": "D"}}, {"type": "Feature", "geometry": {"type": "Point", "coordinates": [114.20396, -1.48607]}, "properties": {"species": "pongo_pygmaeus", "date_acq": "2026-08-07T531", "confidence": "h", "brightness": "367", "frp": "20.41", "daynight": "D"}}, {"type": "Feature", "geometry": {"type": "Point", "coordinates": [114.20673, -1.48605]}, "properties": {"species": "pongo_pygmaeus", "date_acq": "2026-08-07T531", "confidence": "n", "brightness": "339.78", "frp": "12.55", "daynight": "D"}}, {"type": "Feature", "geometry": {"type": "Point", "coordinates": [114.43805, -1.40387]}, "properties": {"species": "pongo_pygmaeus", "date_acq": "2026-08-07T531", "confidence": "n", "brightness": "336.34", "frp": "4.65", "daynight": "D"}}, {"type": "Feature", "geometry": {"type": "Point", "coordinates": [114.29659, -1.38807]}, "properties": {"species": "pongo_pygmaeus", "date_acq": "2026-08-07T531", "confidence": "n", "brightness": "338.36", "frp": "6.19", "daynight": "D"}}, {"type": "Feature", "geometry": {"type": "Point", "coordinates": [113.99021, -1.38403]}, "properties": {"species": "pongo_pygmaeus", "date_acq": "2026-08-07T531", "confidence": "n", "brightness": "342.45", "frp": "7.31", "daynight": "D"}}, {"type": "Feature", "geometry": {"type": "Point", "coordinates": [114.32661, -1.36962]}, "properties": {"species": "pongo_pygmaeus", "date_acq": "2026-08-07T531", "confidence": "n", "brightness": "340.27", "frp": "5.18", "daynight": "D"}}, {"type": "Feature", "geometry": {"type": "Point", "coordinates": [114.32808, -1.36933]}, "properties": {"species": "pongo_pygmaeus", "date_acq": "2026-08-07T531", "confidence": "n", "brightness": "340.97", "frp": "3.28", "daynight": "D"}}, {"type": "Feature", "geometry": {"type": "Point", "coordinates": [110.10538, -1.36646]}, "properties": {"species": "pongo_pygmaeus", "date_acq": "2026-08-07T531", "confidence": "n", "brightness": "339.34", "frp": "10.46", "daynight": "D"}}, {"type": "Feature", "geometry": {"type": "Point", "coordinates": [110.10986, -1.3658]}, "properties": {"species": "pongo_pygmaeus", "date_acq": "2026-08-07T531", "confidence": "h", "brightness": "367", "frp": "10.46", "daynight": "D"}}, {"type": "Feature", "geometry": {"type": "Point", "coordinates": [110.10623, -1.36572]}, "properties": {"species": "pongo_pygmaeus", "date_acq": "2026-08-07T531", "confidence": "n", "brightness": "346", "frp": "14.52", "daynight": "D"}}, {"type": "Feature", "geometry": {"type": "Point", "coordinates": [110.11434, -1.36513]}, "properties": {"species": "pongo_pygmaeus", "date_acq": "2026-08-07T531", "confidence": "h", "brightness": "367", "frp": "15.61", "daynight": "D"}}, {"type": "Feature", "geometry": {"type": "Point", "coordinates": [110.11071, -1.36502]}, "properties": {"species": "pongo_pygmaeus", "date_acq": "2026-08-07T531", "confidence": "h", "brightness": "367", "frp": "14.52", "daynight": "D"}}, {"type": "Feature", "geometry": {"type": "Point", "coordinates": [110.09994, -1.36109]}, "properties": {"species": "pongo_pygmaeus", "date_acq": "2026-08-07T531", "confidence": "n", "brightness": "346.45", "frp": "8.34", "daynight": "D"}}, {"type": "Feature", "geometry": {"type": "Point", "coordinates": [110.10445, -1.36042]}, "properties": {"species": "pongo_pygmaeus", "date_acq": "2026-08-07T531", "confidence": "n", "brightness": "349.99", "frp": "10.46", "daynight": "D"}}, {"type": "Feature", "geometry": {"type": "Point", "coordinates": [110.10081, -1.36037]}, "properties": {"species": "pongo_pygmaeus", "date_acq": "2026-08-07T531", "confidence": "h", "brightness": "367", "frp": "9.16", "daynight": "D"}}, {"type": "Feature", "geometry": {"type": "Point", "coordinates": [110.10891, -1.35976]}, "properties": {"species": "pongo_pygmaeus", "date_acq": "2026-08-07T531", "confidence": "n", "brightness": "344.54", "frp": "10.46", "daynight": "D"}}, {"type": "Feature", "geometry": {"type": "Point", "coordinates": [110.10532, -1.35967]}, "properties": {"species": "pongo_pygmaeus", "date_acq": "2026-08-07T531", "confidence": "n", "brightness": "339.32", "frp": "8.41", "daynight": "D"}}, {"type": "Feature", "geometry": {"type": "Point", "coordinates": [110.10977, -1.35898]}, "properties": {"species": "pongo_pygmaeus", "date_acq": "2026-08-07T531", "confidence": "n", "brightness": "342.08", "frp": "8.41", "daynight": "D"}}, {"type": "Feature", "geometry": {"type": "Point", "coordinates": [110.09895, -1.35505]}, "properties": {"species": "pongo_pygmaeus", "date_acq": "2026-08-07T531", "confidence": "n", "brightness": "344.73", "frp": "7.47", "daynight": "D"}}, {"type": "Feature", "geometry": {"type": "Point", "coordinates": [110.10345, -1.35438]}, "properties": {"species": "pongo_pygmaeus", "date_acq": "2026-08-07T531", "confidence": "n", "brightness": "346.67", "frp": "12.13", "daynight": "D"}}, {"type": "Feature", "geometry": {"type": "Point", "coordinates": [110.09987, -1.35433]}, "properties": {"species": "pongo_pygmaeus", "date_acq": "2026-08-07T531", "confidence": "n", "brightness": "349.42", "frp": "9.16", "daynight": "D"}}, {"type": "Feature", "geometry": {"type": "Point", "coordinates": [110.10435, -1.35363]}, "properties": {"species": "pongo_pygmaeus", "date_acq": "2026-08-07T531", "confidence": "n", "brightness": "337.45", "frp": "8.41", "daynight": "D"}}, {"type": "Feature", "geometry": {"type": "Point", "coordinates": [114.20226, -1.2811]}, "properties": {"species": "pongo_pygmaeus", "date_acq": "2026-08-07T531", "confidence": "n", "brightness": "337.71", "frp": "6.7", "daynight": "D"}}, {"type": "Feature", "geometry": {"type": "Point", "coordinates": [114.20375, -1.28088]}, "properties": {"species": "pongo_pygmaeus", "date_acq": "2026-08-07T531", "confidence": "n", "brightness": "337.93", "frp": "4.53", "daynight": "D"}}, {"type": "Feature", "geometry": {"type": "Point", "coordinates": [114.09292, -1.24155]}, "properties": {"species": "pongo_pygmaeus", "date_acq": "2026-08-07T531", "confidence": "n", "brightness": "339.44", "frp": "12.94", "daynight": "D"}}, {"type": "Feature", "geometry": {"type": "Point", "coordinates": [114.09767, -1.24083]}, "properties": {"species": "pongo_pygmaeus", "date_acq": "2026-08-07T531", "confidence": "n", "brightness": "340.19", "frp": "12.94", "daynight": "D"}}, {"type": "Feature", "geometry": {"type": "Point", "coordinates": [113.63792, -1.13034]}, "properties": {"species": "pongo_pygmaeus", "date_acq": "2026-08-07T531", "confidence": "l", "brightness": "328.42", "frp": "6.79", "daynight": "D"}}, {"type": "Feature", "geometry": {"type": "Point", "coordinates": [113.64293, -1.12956]}, "properties": {"species": "pongo_pygmaeus", "date_acq": "2026-08-07T531", "confidence": "n", "brightness": "336.23", "frp": "7.5", "daynight": "D"}}, {"type": "Feature", "geometry": {"type": "Point", "coordinates": [114.09852, -1.11008]}, "properties": {"species": "pongo_pygmaeus", "date_acq": "2026-08-07T531", "confidence": "n", "brightness": "333.87", "frp": "6.77", "daynight": "D"}}, {"type": "Feature", "geometry": {"type": "Point", "coordinates": [112.27205, -0.75435]}, "properties": {"species": "pongo_pygmaeus", "date_acq": "2026-08-07T533", "confidence": "n", "brightness": "339.2", "frp": "2.18", "daynight": "D"}}, {"type": "Feature", "geometry": {"type": "Point", "coordinates": [111.95555, -0.65946]}, "properties": {"species": "pongo_pygmaeus", "date_acq": "2026-08-07T533", "confidence": "n", "brightness": "330.04", "frp": "2.64", "daynight": "D"}}, {"type": "Feature", "geometry": {"type": "Point", "coordinates": [112.65505, -0.34338]}, "properties": {"species": "pongo_pygmaeus", "date_acq": "2026-08-07T533", "confidence": "n", "brightness": "347.4", "frp": "10.63", "daynight": "D"}}, {"type": "Feature", "geometry": {"type": "Point", "coordinates": [112.96357, -0.34192]}, "properties": {"species": "pongo_pygmaeus", "date_acq": "2026-08-07T533", "confidence": "n", "brightness": "340.99", "frp": "10.93", "daynight": "D"}}, {"type": "Feature", "geometry": {"type": "Point", "coordinates": [112.65376, -0.33966]}, "properties": {"species": "pongo_pygmaeus", "date_acq": "2026-08-07T533", "confidence": "n", "brightness": "343.7", "frp": "27.51", "daynight": "D"}}, {"type": "Feature", "geometry": {"type": "Point", "coordinates": [112.65423, -0.33836]}, "properties": {"species": "pongo_pygmaeus", "date_acq": "2026-08-07T533", "confidence": "n", "brightness": "327.53", "frp": "10.63", "daynight": "D"}}, {"type": "Feature", "geometry": {"type": "Point", "coordinates": [113.0399, -0.29507]}, "properties": {"species": "pongo_pygmaeus", "date_acq": "2026-08-07T533", "confidence": "n", "brightness": "340.1", "frp": "10.76", "daynight": "D"}}, {"type": "Feature", "geometry": {"type": "Point", "coordinates": [112.77557, -0.25401]}, "properties": {"species": "pongo_pygmaeus", "date_acq": "2026-08-07T533", "confidence": "n", "brightness": "344.52", "frp": "17.94", "daynight": "D"}}, {"type": "Feature", "geometry": {"type": "Point", "coordinates": [116.63763, 0.16072]}, "properties": {"species": "pongo_pygmaeus", "date_acq": "2026-08-07T533", "confidence": "n", "brightness": "331.42", "frp": "7.8", "daynight": "D"}}, {"type": "Feature", "geometry": {"type": "Point", "coordinates": [116.64693, 0.16212]}, "properties": {"species": "pongo_pygmaeus", "date_acq": "2026-08-07T533", "confidence": "n", "brightness": "329.53", "frp": "12.37", "daynight": "D"}}, {"type": "Feature", "geometry": {"type": "Point", "coordinates": [116.63705, 0.16454]}, "properties": {"species": "pongo_pygmaeus", "date_acq": "2026-08-07T533", "confidence": "n", "brightness": "352.82", "frp": "7.8", "daynight": "D"}}, {"type": "Feature", "geometry": {"type": "Point", "coordinates": [116.64635, 0.16594]}, "properties": {"species": "pongo_pygmaeus", "date_acq": "2026-08-07T533", "confidence": "n", "brightness": "354.62", "frp": "12.37", "daynight": "D"}}, {"type": "Feature", "geometry": {"type": "Point", "coordinates": [116.62586, 0.22014]}, "properties": {"species": "pongo_pygmaeus", "date_acq": "2026-08-07T533", "confidence": "n", "brightness": "339.76", "frp": "5.59", "daynight": "D"}}, {"type": "Feature", "geometry": {"type": "Point", "coordinates": [117.48368, 0.41185]}, "properties": {"species": "pongo_pygmaeus", "date_acq": "2026-08-07T533", "confidence": "n", "brightness": "333.07", "frp": "2.95", "daynight": "D"}}, {"type": "Feature", "geometry": {"type": "Point", "coordinates": [117.19583, 0.52015]}, "properties": {"species": "pongo_pygmaeus", "date_acq": "2026-08-07T533", "confidence": "n", "brightness": "339.44", "frp": "5.68", "daynight": "D"}}, {"type": "Feature", "geometry": {"type": "Point", "coordinates": [117.18668, 0.52251]}, "properties": {"species": "pongo_pygmaeus", "date_acq": "2026-08-07T533", "confidence": "n", "brightness": "336.27", "frp": "10.62", "daynight": "D"}}, {"type": "Feature", "geometry": {"type": "Point", "coordinates": [111.89787, 0.8357]}, "properties": {"species": "pongo_pygmaeus", "date_acq": "2026-08-07T533", "confidence": "n", "brightness": "330.33", "frp": "1.56", "daynight": "D"}}, {"type": "Feature", "geometry": {"type": "Point", "coordinates": [112.41203, 0.8687]}, "properties": {"species": "pongo_pygmaeus", "date_acq": "2026-08-07T533", "confidence": "n", "brightness": "329.42", "frp": "19.16", "daynight": "D"}}, {"type": "Feature", "geometry": {"type": "Point", "coordinates": [112.44718, 0.90495]}, "properties": {"species": "pongo_pygmaeus", "date_acq": "2026-08-07T533", "confidence": "n", "brightness": "334.97", "frp": "4.27", "daynight": "D"}}, {"type": "Feature", "geometry": {"type": "Point", "coordinates": [112.91245, 0.93248]}, "properties": {"species": "pongo_pygmaeus", "date_acq": "2026-08-07T533", "confidence": "n", "brightness": "329.17", "frp": "3.66", "daynight": "D"}}, {"type": "Feature", "geometry": {"type": "Point", "coordinates": [117.14606, 1.05602]}, "properties": {"species": "pongo_pygmaeus", "date_acq": "2026-08-07T533", "confidence": "n", "brightness": "331.23", "frp": "40.82", "daynight": "D"}}, {"type": "Feature", "geometry": {"type": "Point", "coordinates": [117.24319, 1.48829]}, "properties": {"species": "pongo_pygmaeus", "date_acq": "2026-08-07T533", "confidence": "l", "brightness": "332.54", "frp": "4.77", "daynight": "D"}}, {"type": "Feature", "geometry": {"type": "Point", "coordinates": [117.06549, 1.65066]}, "properties": {"species": "pongo_pygmaeus", "date_acq": "2026-08-07T533", "confidence": "n", "brightness": "340.88", "frp": "8.96", "daynight": "D"}}, {"type": "Feature", "geometry": {"type": "Point", "coordinates": [111.97406, -3.13545]}, "properties": {"species": "pongo_pygmaeus", "date_acq": "2026-08-07T1813", "confidence": "n", "brightness": "312.98", "frp": "1.51", "daynight": "N"}}, {"type": "Feature", "geometry": {"type": "Point", "coordinates": [112.27502, -2.94053]}, "properties": {"species": "pongo_pygmaeus", "date_acq": "2026-08-07T1813", "confidence": "n", "brightness": "303.4", "frp": "1.28", "daynight": "N"}}, {"type": "Feature", "geometry": {"type": "Point", "coordinates": [111.69352, -2.85774]}, "properties": {"species": "pongo_pygmaeus", "date_acq": "2026-08-07T1813", "confidence": "n", "brightness": "312.91", "frp": "1.82", "daynight": "N"}}, {"type": "Feature", "geometry": {"type": "Point", "coordinates": [111.69033, -2.85374]}, "properties": {"species": "pongo_pygmaeus", "date_acq": "2026-08-07T1813", "confidence": "n", "brightness": "325.61", "frp": "2.84", "daynight": "N"}}, {"type": "Feature", "geometry": {"type": "Point", "coordinates": [110.60838, -2.73945]}, "properties": {"species": "pongo_pygmaeus", "date_acq": "2026-08-07T1813", "confidence": "n", "brightness": "305.55", "frp": "0.62", "daynight": "N"}}, {"type": "Feature", "geometry": {"type": "Point", "coordinates": [111.69209, -2.31675]}, "properties": {"species": "pongo_pygmaeus", "date_acq": "2026-08-07T1813", "confidence": "n", "brightness": "307.66", "frp": "1.7", "daynight": "N"}}, {"type": "Feature", "geometry": {"type": "Point", "coordinates": [110.27499, -2.25686]}, "properties": {"species": "pongo_pygmaeus", "date_acq": "2026-08-07T1813", "confidence": "n", "brightness": "309.68", "frp": "1.05", "daynight": "N"}}, {"type": "Feature", "geometry": {"type": "Point", "coordinates": [111.07393, -2.122]}, "properties": {"species": "pongo_pygmaeus", "date_acq": "2026-08-07T1813", "confidence": "n", "brightness": "304.27", "frp": "0.36", "daynight": "N"}}, {"type": "Feature", "geometry": {"type": "Point", "coordinates": [114.13924, -2.03537]}, "properties": {"species": "pongo_pygmaeus", "date_acq": "2026-08-07T1813", "confidence": "n", "brightness": "306.42", "frp": "5.86", "daynight": "N"}}, {"type": "Feature", "geometry": {"type": "Point", "coordinates": [111.28718, -2.03357]}, "properties": {"species": "pongo_pygmaeus", "date_acq": "2026-08-07T1813", "confidence": "n", "brightness": "327.12", "frp": "1.48", "daynight": "N"}}, {"type": "Feature", "geometry": {"type": "Point", "coordinates": [111.28349, -2.033]}, "properties": {"species": "pongo_pygmaeus", "date_acq": "2026-08-07T1813", "confidence": "n", "brightness": "316.92", "frp": "2.06", "daynight": "N"}}, {"type": "Feature", "geometry": {"type": "Point", "coordinates": [111.29787, -2.00965]}, "properties": {"species": "pongo_pygmaeus", "date_acq": "2026-08-07T1813", "confidence": "n", "brightness": "318.54", "frp": "1.29", "daynight": "N"}}, {"type": "Feature", "geometry": {"type": "Point", "coordinates": [111.29833, -2.00626]}, "properties": {"species": "pongo_pygmaeus", "date_acq": "2026-08-07T1813", "confidence": "n", "brightness": "315.77", "frp": "1.29", "daynight": "N"}}, {"type": "Feature", "geometry": {"type": "Point", "coordinates": [111.03539, -1.99754]}, "properties": {"species": "pongo_pygmaeus", "date_acq": "2026-08-07T1813", "confidence": "n", "brightness": "335.04", "frp": "4.37", "daynight": "N"}}, {"type": "Feature", "geometry": {"type": "Point", "coordinates": [110.21633, -1.98003]}, "properties": {"species": "pongo_pygmaeus", "date_acq": "2026-08-07T1813", "confidence": "n", "brightness": "305.54", "frp": "0.5", "daynight": "N"}}, {"type": "Feature", "geometry": {"type": "Point", "coordinates": [110.21289, -1.97948]}, "properties": {"species": "pongo_pygmaeus", "date_acq": "2026-08-07T1813", "confidence": "n", "brightness": "304.44", "frp": "1.4", "daynight": "N"}}, {"type": "Feature", "geometry": {"type": "Point", "coordinates": [110.21685, -1.97671]}, "properties": {"species": "pongo_pygmaeus", "date_acq": "2026-08-07T1813", "confidence": "n", "brightness": "304.3", "frp": "0.5", "daynight": "N"}}, {"type": "Feature", "geometry": {"type": "Point", "coordinates": [110.20651, -1.97508]}, "properties": {"species": "pongo_pygmaeus", "date_acq": "2026-08-07T1813", "confidence": "n", "brightness": "306.4", "frp": "1.4", "daynight": "N"}}, {"type": "Feature", "geometry": {"type": "Point", "coordinates": [110.22425, -1.97448]}, "properties": {"species": "pongo_pygmaeus", "date_acq": "2026-08-07T1813", "confidence": "n", "brightness": "310.02", "frp": "1.11", "daynight": "N"}}, {"type": "Feature", "geometry": {"type": "Point", "coordinates": [110.22081, -1.97394]}, "properties": {"species": "pongo_pygmaeus", "date_acq": "2026-08-07T1813", "confidence": "n", "brightness": "319.22", "frp": "2.14", "daynight": "N"}}, {"type": "Feature", "geometry": {"type": "Point", "coordinates": [110.21737, -1.9734]}, "properties": {"species": "pongo_pygmaeus", "date_acq": "2026-08-07T1813", "confidence": "n", "brightness": "328.63", "frp": "2.14", "daynight": "N"}}, {"type": "Feature", "geometry": {"type": "Point", "coordinates": [110.19775, -1.9635]}, "properties": {"species": "pongo_pygmaeus", "date_acq": "2026-08-07T1813", "confidence": "n", "brightness": "306.37", "frp": "1.21", "daynight": "N"}}, {"type": "Feature", "geometry": {"type": "Point", "coordinates": [110.16055, -1.9072]}, "properties": {"species": "pongo_pygmaeus", "date_acq": "2026-08-07T1813", "confidence": "n", "brightness": "312.18", "frp": "4.17", "daynight": "N"}}, {"type": "Feature", "geometry": {"type": "Point", "coordinates": [110.16107, -1.90388]}, "properties": {"species": "pongo_pygmaeus", "date_acq": "2026-08-07T1813", "confidence": "n", "brightness": "338.88", "frp": "4.57", "daynight": "N"}}, {"type": "Feature", "geometry": {"type": "Point", "coordinates": [110.15763, -1.90334]}, "properties": {"species": "pongo_pygmaeus", "date_acq": "2026-08-07T1813", "confidence": "n", "brightness": "357.73", "frp": "4.57", "daynight": "N"}}, {"type": "Feature", "geometry": {"type": "Point", "coordinates": [110.1542, -1.90279]}, "properties": {"species": "pongo_pygmaeus", "date_acq": "2026-08-07T1813", "confidence": "h", "brightness": "367", "frp": "5.18", "daynight": "N"}}, {"type": "Feature", "geometry": {"type": "Point", "coordinates": [110.15076, -1.90225]}, "properties": {"species": "pongo_pygmaeus", "date_acq": "2026-08-07T1813", "confidence": "n", "brightness": "315.72", "frp": "5.18", "daynight": "N"}}, {"type": "Feature", "geometry": {"type": "Point", "coordinates": [110.16159, -1.90057]}, "properties": {"species": "pongo_pygmaeus", "date_acq": "2026-08-07T1813", "confidence": "n", "brightness": "316.21", "frp": "4.57", "daynight": "N"}}, {"type": "Feature", "geometry": {"type": "Point", "coordinates": [110.15815, -1.90002]}, "properties": {"species": "pongo_pygmaeus", "date_acq": "2026-08-07T1813", "confidence": "n", "brightness": "335.96", "frp": "4.57", "daynight": "N"}}, {"type": "Feature", "geometry": {"type": "Point", "coordinates": [110.15472, -1.89948]}, "properties": {"species": "pongo_pygmaeus", "date_acq": "2026-08-07T1813", "confidence": "n", "brightness": "319.28", "frp": "5.18", "daynight": "N"}}, {"type": "Feature", "geometry": {"type": "Point", "coordinates": [110.13011, -1.89898]}, "properties": {"species": "pongo_pygmaeus", "date_acq": "2026-08-07T1813", "confidence": "n", "brightness": "311.74", "frp": "2.19", "daynight": "N"}}, {"type": "Feature", "geometry": {"type": "Point", "coordinates": [110.29259, -1.89752]}, "properties": {"species": "pongo_pygmaeus", "date_acq": "2026-08-07T1813", "confidence": "n", "brightness": "307.41", "frp": "1.47", "daynight": "N"}}, {"type": "Feature", "geometry": {"type": "Point", "coordinates": [110.13751, -1.89675]}, "properties": {"species": "pongo_pygmaeus", "date_acq": "2026-08-07T1813", "confidence": "n", "brightness": "309.91", "frp": "1.83", "daynight": "N"}}, {"type": "Feature", "geometry": {"type": "Point", "coordinates": [110.15867, -1.89671]}, "properties": {"species": "pongo_pygmaeus", "date_acq": "2026-08-07T1813", "confidence": "n", "brightness": "328.86", "frp": "2.03", "daynight": "N"}}, {"type": "Feature", "geometry": {"type": "Point", "coordinates": [110.13407, -1.89621]}, "properties": {"species": "pongo_pygmaeus", "date_acq": "2026-08-07T1813", "confidence": "n", "brightness": "310.48", "frp": "2.19", "daynight": "N"}}, {"type": "Feature", "geometry": {"type": "Point", "coordinates": [111.92503, -1.89608]}, "properties": {"species": "pongo_pygmaeus", "date_acq": "2026-08-07T1813", "confidence": "n", "brightness": "309.4", "frp": "1.12", "daynight": "N"}}, {"type": "Feature", "geometry": {"type": "Point", "coordinates": [110.13063, -1.89566]}, "properties": {"species": "pongo_pygmaeus", "date_acq": "2026-08-07T1813", "confidence": "n", "brightness": "343.34", "frp": "2.19", "daynight": "N"}}, {"type": "Feature", "geometry": {"type": "Point", "coordinates": [110.15179, -1.89562]}, "properties": {"species": "pongo_pygmaeus", "date_acq": "2026-08-07T1813", "confidence": "n", "brightness": "327.52", "frp": "2.19", "daynight": "N"}}, {"type": "Feature", "geometry": {"type": "Point", "coordinates": [110.14147, -1.89398]}, "properties": {"species": "pongo_pygmaeus", "date_acq": "2026-08-07T1813", "confidence": "n", "brightness": "312.23", "frp": "1.31", "daynight": "N"}}, {"type": "Feature", "geometry": {"type": "Point", "coordinates": [110.13803, -1.89344]}, "properties": {"species": "pongo_pygmaeus", "date_acq": "2026-08-07T1813", "confidence": "n", "brightness": "314.63", "frp": "1.31", "daynight": "N"}}, {"type": "Feature", "geometry": {"type": "Point", "coordinates": [111.92556, -1.89265]}, "properties": {"species": "pongo_pygmaeus", "date_acq": "2026-08-07T1813", "confidence": "n", "brightness": "303.65", "frp": "0.7", "daynight": "N"}}, {"type": "Feature", "geometry": {"type": "Point", "coordinates": [110.15231, -1.8923]}, "properties": {"species": "pongo_pygmaeus", "date_acq": "2026-08-07T1813", "confidence": "n", "brightness": "305.35", "frp": "2.19", "daynight": "N"}}, {"type": "Feature", "geometry": {"type": "Point", "coordinates": [111.92186, -1.89207]}, "properties": {"species": "pongo_pygmaeus", "date_acq": "2026-08-07T1813", "confidence": "n", "brightness": "307.76", "frp": "0.85", "daynight": "N"}}, {"type": "Feature", "geometry": {"type": "Point", "coordinates": [110.14887, -1.89176]}, "properties": {"species": "pongo_pygmaeus", "date_acq": "2026-08-07T1813", "confidence": "n", "brightness": "306.51", "frp": "1.88", "daynight": "N"}}, {"type": "Feature", "geometry": {"type": "Point", "coordinates": [110.13855, -1.89012]}, "properties": {"species": "pongo_pygmaeus", "date_acq": "2026-08-07T1813", "confidence": "n", "brightness": "320.17", "frp": "1.31", "daynight": "N"}}, {"type": "Feature", "geometry": {"type": "Point", "coordinates": [110.15627, -1.88953]}, "properties": {"species": "pongo_pygmaeus", "date_acq": "2026-08-07T1813", "confidence": "n", "brightness": "345.7", "frp": "13.35", "daynight": "N"}}, {"type": "Feature", "geometry": {"type": "Point", "coordinates": [110.15283, -1.88899]}, "properties": {"species": "pongo_pygmaeus", "date_acq": "2026-08-07T1813", "confidence": "n", "brightness": "351.27", "frp": "13.35", "daynight": "N"}}, {"type": "Feature", "geometry": {"type": "Point", "coordinates": [110.14939, -1.88844]}, "properties": {"species": "pongo_pygmaeus", "date_acq": "2026-08-07T1813", "confidence": "n", "brightness": "332.34", "frp": "32.61", "daynight": "N"}}, {"type": "Feature", "geometry": {"type": "Point", "coordinates": [110.14594, -1.8879]}, "properties": {"species": "pongo_pygmaeus", "date_acq": "2026-08-07T1813", "confidence": "n", "brightness": "320.26", "frp": "32.61", "daynight": "N"}}, {"type": "Feature", "geometry": {"type": "Point", "coordinates": [110.13563, -1.88626]}, "properties": {"species": "pongo_pygmaeus", "date_acq": "2026-08-07T1813", "confidence": "n", "brightness": "306.43", "frp": "1.28", "daynight": "N"}}, {"type": "Feature", "geometry": {"type": "Point", "coordinates": [110.15678, -1.88622]}, "properties": {"species": "pongo_pygmaeus", "date_acq": "2026-08-07T1813", "confidence": "n", "brightness": "355.75", "frp": "13.35", "daynight": "N"}}, {"type": "Feature", "geometry": {"type": "Point", "coordinates": [110.15335, -1.88567]}, "properties": {"species": "pongo_pygmaeus", "date_acq": "2026-08-07T1813", "confidence": "h", "brightness": "367", "frp": "13.35", "daynight": "N"}}, {"type": "Feature", "geometry": {"type": "Point", "coordinates": [110.14991, -1.88513]}, "properties": {"species": "pongo_pygmaeus", "date_acq": "2026-08-07T1813", "confidence": "n", "brightness": "351.91", "frp": "32.61", "daynight": "N"}}, {"type": "Feature", "geometry": {"type": "Point", "coordinates": [110.14646, -1.88458]}, "properties": {"species": "pongo_pygmaeus", "date_acq": "2026-08-07T1813", "confidence": "n", "brightness": "321.36", "frp": "32.61", "daynight": "N"}}, {"type": "Feature", "geometry": {"type": "Point", "coordinates": [110.1573, -1.8829]}, "properties": {"species": "pongo_pygmaeus", "date_acq": "2026-08-07T1813", "confidence": "n", "brightness": "330.08", "frp": "6.41", "daynight": "N"}}, {"type": "Feature", "geometry": {"type": "Point", "coordinates": [110.15387, -1.88236]}, "properties": {"species": "pongo_pygmaeus", "date_acq": "2026-08-07T1813", "confidence": "n", "brightness": "351.46", "frp": "6.41", "daynight": "N"}}, {"type": "Feature", "geometry": {"type": "Point", "coordinates": [110.15043, -1.88181]}, "properties": {"species": "pongo_pygmaeus", "date_acq": "2026-08-07T1813", "confidence": "n", "brightness": "344.2", "frp": "6.31", "daynight": "N"}}, {"type": "Feature", "geometry": {"type": "Point", "coordinates": [110.13322, -1.87909]}, "properties": {"species": "pongo_pygmaeus", "date_acq": "2026-08-07T1813", "confidence": "n", "brightness": "313.92", "frp": "1.03", "daynight": "N"}}, {"type": "Feature", "geometry": {"type": "Point", "coordinates": [110.15438, -1.87904]}, "properties": {"species": "pongo_pygmaeus", "date_acq": "2026-08-07T1813", "confidence": "n", "brightness": "308.85", "frp": "6.41", "daynight": "N"}}, {"type": "Feature", "geometry": {"type": "Point", "coordinates": [111.27874, -1.87785]}, "properties": {"species": "pongo_pygmaeus", "date_acq": "2026-08-07T1813", "confidence": "n", "brightness": "311", "frp": "1.11", "daynight": "N"}}, {"type": "Feature", "geometry": {"type": "Point", "coordinates": [110.17022, -1.86796]}, "properties": {"species": "pongo_pygmaeus", "date_acq": "2026-08-07T1813", "confidence": "n", "brightness": "320.82", "frp": "2.08", "daynight": "N"}}, {"type": "Feature", "geometry": {"type": "Point", "coordinates": [110.16678, -1.86742]}, "properties": {"species": "pongo_pygmaeus", "date_acq": "2026-08-07T1813", "confidence": "n", "brightness": "345.96", "frp": "6.74", "daynight": "N"}}, {"type": "Feature", "geometry": {"type": "Point", "coordinates": [110.17074, -1.86465]}, "properties": {"species": "pongo_pygmaeus", "date_acq": "2026-08-07T1813", "confidence": "n", "brightness": "330.27", "frp": "3.58", "daynight": "N"}}, {"type": "Feature", "geometry": {"type": "Point", "coordinates": [110.1673, -1.8641]}, "properties": {"species": "pongo_pygmaeus", "date_acq": "2026-08-07T1813", "confidence": "n", "brightness": "345.28", "frp": "9.19", "daynight": "N"}}, {"type": "Feature", "geometry": {"type": "Point", "coordinates": [111.3486, -1.85092]}, "properties": {"species": "pongo_pygmaeus", "date_acq": "2026-08-07T1813", "confidence": "n", "brightness": "308.65", "frp": "1.01", "daynight": "N"}}, {"type": "Feature", "geometry": {"type": "Point", "coordinates": [114.23267, -1.83791]}, "properties": {"species": "pongo_pygmaeus", "date_acq": "2026-08-07T1813", "confidence": "n", "brightness": "324.6", "frp": "3.52", "daynight": "N"}}, {"type": "Feature", "geometry": {"type": "Point", "coordinates": [114.23491, -1.83642]}, "properties": {"species": "pongo_pygmaeus", "date_acq": "2026-08-07T1813", "confidence": "n", "brightness": "329.57", "frp": "7.5", "daynight": "N"}}, {"type": "Feature", "geometry": {"type": "Point", "coordinates": [114.23326, -1.83407]}, "properties": {"species": "pongo_pygmaeus", "date_acq": "2026-08-07T1813", "confidence": "n", "brightness": "330.47", "frp": "4.31", "daynight": "N"}}, {"type": "Feature", "geometry": {"type": "Point", "coordinates": [111.56101, -1.7827]}, "properties": {"species": "pongo_pygmaeus", "date_acq": "2026-08-07T1813", "confidence": "n", "brightness": "303.41", "frp": "0.89", "daynight": "N"}}, {"type": "Feature", "geometry": {"type": "Point", "coordinates": [114.43198, -1.73407]}, "properties": {"species": "pongo_pygmaeus", "date_acq": "2026-08-07T1813", "confidence": "n", "brightness": "306.14", "frp": "1.47", "daynight": "N"}}, {"type": "Feature", "geometry": {"type": "Point", "coordinates": [111.06635, -1.72881]}, "properties": {"species": "pongo_pygmaeus", "date_acq": "2026-08-07T1813", "confidence": "n", "brightness": "322.62", "frp": "1.3", "daynight": "N"}}, {"type": "Feature", "geometry": {"type": "Point", "coordinates": [111.0628, -1.72825]}, "properties": {"species": "pongo_pygmaeus", "date_acq": "2026-08-07T1813", "confidence": "n", "brightness": "308.76", "frp": "1.44", "daynight": "N"}}, {"type": "Feature", "geometry": {"type": "Point", "coordinates": [111.06678, -1.72545]}, "properties": {"species": "pongo_pygmaeus", "date_acq": "2026-08-07T1813", "confidence": "n", "brightness": "317.96", "frp": "1.3", "daynight": "N"}}, {"type": "Feature", "geometry": {"type": "Point", "coordinates": [111.0632, -1.72488]}, "properties": {"species": "pongo_pygmaeus", "date_acq": "2026-08-07T1813", "confidence": "n", "brightness": "309.44", "frp": "1.44", "daynight": "N"}}, {"type": "Feature", "geometry": {"type": "Point", "coordinates": [110.25, -1.72176]}, "properties": {"species": "pongo_pygmaeus", "date_acq": "2026-08-07T1813", "confidence": "n", "brightness": "327.06", "frp": "11.46", "daynight": "N"}}, {"type": "Feature", "geometry": {"type": "Point", "coordinates": [110.24655, -1.72122]}, "properties": {"species": "pongo_pygmaeus", "date_acq": "2026-08-07T1813", "confidence": "n", "brightness": "304.89", "frp": "1.93", "daynight": "N"}}, {"type": "Feature", "geometry": {"type": "Point", "coordinates": [110.14816, -1.71921]}, "properties": {"species": "pongo_pygmaeus", "date_acq": "2026-08-07T1813", "confidence": "n", "brightness": "305.07", "frp": "1.79", "daynight": "N"}}, {"type": "Feature", "geometry": {"type": "Point", "coordinates": [110.25396, -1.71899]}, "properties": {"species": "pongo_pygmaeus", "date_acq": "2026-08-07T1813", "confidence": "n", "brightness": "342.38", "frp": "11.46", "daynight": "N"}}, {"type": "Feature", "geometry": {"type": "Point", "coordinates": [110.25052, -1.71845]}, "properties": {"species": "pongo_pygmaeus", "date_acq": "2026-08-07T1813", "confidence": "n", "brightness": "343.86", "frp": "11.46", "daynight": "N"}}, {"type": "Feature", "geometry": {"type": "Point", "coordinates": [110.14867, -1.7159]}, "properties": {"species": "pongo_pygmaeus", "date_acq": "2026-08-07T1813", "confidence": "n", "brightness": "331.62", "frp": "1.79", "daynight": "N"}}, {"type": "Feature", "geometry": {"type": "Point", "coordinates": [110.25448, -1.71568]}, "properties": {"species": "pongo_pygmaeus", "date_acq": "2026-08-07T1813", "confidence": "n", "brightness": "344.24", "frp": "7.71", "daynight": "N"}}, {"type": "Feature", "geometry": {"type": "Point", "coordinates": [110.25104, -1.71513]}, "properties": {"species": "pongo_pygmaeus", "date_acq": "2026-08-07T1813", "confidence": "n", "brightness": "332.16", "frp": "7.71", "daynight": "N"}}, {"type": "Feature", "geometry": {"type": "Point", "coordinates": [111.48624, -1.71476]}, "properties": {"species": "pongo_pygmaeus", "date_acq": "2026-08-07T1813", "confidence": "n", "brightness": "306.1", "frp": "0.35", "daynight": "N"}}, {"type": "Feature", "geometry": {"type": "Point", "coordinates": [110.15951, -1.71422]}, "properties": {"species": "pongo_pygmaeus", "date_acq": "2026-08-07T1813", "confidence": "n", "brightness": "343.44", "frp": "4.9", "daynight": "N"}}, {"type": "Feature", "geometry": {"type": "Point", "coordinates": [110.14919, -1.71258]}, "properties": {"species": "pongo_pygmaeus", "date_acq": "2026-08-07T1813", "confidence": "n", "brightness": "307.82", "frp": "0.96", "daynight": "N"}}, {"type": "Feature", "geometry": {"type": "Point", "coordinates": [110.17035, -1.71254]}, "properties": {"species": "pongo_pygmaeus", "date_acq": "2026-08-07T1813", "confidence": "n", "brightness": "309.74", "frp": "1.88", "daynight": "N"}}, {"type": "Feature", "geometry": {"type": "Point", "coordinates": [110.19151, -1.7125]}, "properties": {"species": "pongo_pygmaeus", "date_acq": "2026-08-07T1813", "confidence": "n", "brightness": "306.33", "frp": "0.6", "daynight": "N"}}, {"type": "Feature", "geometry": {"type": "Point", "coordinates": [110.16691, -1.71199]}, "properties": {"species": "pongo_pygmaeus", "date_acq": "2026-08-07T1813", "confidence": "n", "brightness": "332.87", "frp": "1.88", "daynight": "N"}}, {"type": "Feature", "geometry": {"type": "Point", "coordinates": [110.16347, -1.71145]}, "properties": {"species": "pongo_pygmaeus", "date_acq": "2026-08-07T1813", "confidence": "n", "brightness": "303.85", "frp": "4.9", "daynight": "N"}}, {"type": "Feature", "geometry": {"type": "Point", "coordinates": [110.16003, -1.7109]}, "properties": {"species": "pongo_pygmaeus", "date_acq": "2026-08-07T1813", "confidence": "n", "brightness": "341.88", "frp": "4.9", "daynight": "N"}}, {"type": "Feature", "geometry": {"type": "Point", "coordinates": [110.15659, -1.71036]}, "properties": {"species": "pongo_pygmaeus", "date_acq": "2026-08-07T1813", "confidence": "n", "brightness": "305.2", "frp": "2.99", "daynight": "N"}}, {"type": "Feature", "geometry": {"type": "Point", "coordinates": [110.1497, -1.70927]}, "properties": {"species": "pongo_pygmaeus", "date_acq": "2026-08-07T1813", "confidence": "n", "brightness": "312.83", "frp": "0.96", "daynight": "N"}}, {"type": "Feature", "geometry": {"type": "Point", "coordinates": [110.19202, -1.70918]}, "properties": {"species": "pongo_pygmaeus", "date_acq": "2026-08-07T1813", "confidence": "n", "brightness": "304.74", "frp": "0.6", "daynight": "N"}}, {"type": "Feature", "geometry": {"type": "Point", "coordinates": [110.16743, -1.70868]}, "properties": {"species": "pongo_pygmaeus", "date_acq": "2026-08-07T1813", "confidence": "n", "brightness": "331.17", "frp": "2.46", "daynight": "N"}}, {"type": "Feature", "geometry": {"type": "Point", "coordinates": [110.16399, -1.70813]}, "properties": {"species": "pongo_pygmaeus", "date_acq": "2026-08-07T1813", "confidence": "n", "brightness": "313.36", "frp": "4.08", "daynight": "N"}}, {"type": "Feature", "geometry": {"type": "Point", "coordinates": [110.16055, -1.70759]}, "properties": {"species": "pongo_pygmaeus", "date_acq": "2026-08-07T1813", "confidence": "n", "brightness": "312.12", "frp": "4.08", "daynight": "N"}}, {"type": "Feature", "geometry": {"type": "Point", "coordinates": [110.1571, -1.70704]}, "properties": {"species": "pongo_pygmaeus", "date_acq": "2026-08-07T1813", "confidence": "n", "brightness": "314.95", "frp": "3.39", "daynight": "N"}}, {"type": "Feature", "geometry": {"type": "Point", "coordinates": [113.55409, -1.70693]}, "properties": {"species": "pongo_pygmaeus", "date_acq": "2026-08-07T1813", "confidence": "n", "brightness": "306.34", "frp": "0.48", "daynight": "N"}}, {"type": "Feature", "geometry": {"type": "Point", "coordinates": [110.15366, -1.7065]}, "properties": {"species": "pongo_pygmaeus", "date_acq": "2026-08-07T1813", "confidence": "n", "brightness": "310.04", "frp": "3.39", "daynight": "N"}}, {"type": "Feature", "geometry": {"type": "Point", "coordinates": [110.15022, -1.70595]}, "properties": {"species": "pongo_pygmaeus", "date_acq": "2026-08-07T1813", "confidence": "n", "brightness": "312.02", "frp": "3.36", "daynight": "N"}}, {"type": "Feature", "geometry": {"type": "Point", "coordinates": [110.14678, -1.70541]}, "properties": {"species": "pongo_pygmaeus", "date_acq": "2026-08-07T1813", "confidence": "n", "brightness": "333.99", "frp": "3.36", "daynight": "N"}}, {"type": "Feature", "geometry": {"type": "Point", "coordinates": [110.25259, -1.70519]}, "properties": {"species": "pongo_pygmaeus", "date_acq": "2026-08-07T1813", "confidence": "n", "brightness": "307.87", "frp": "1.29", "daynight": "N"}}, {"type": "Feature", "geometry": {"type": "Point", "coordinates": [110.16106, -1.70427]}, "properties": {"species": "pongo_pygmaeus", "date_acq": "2026-08-07T1813", "confidence": "n", "brightness": "343.7", "frp": "4.08", "daynight": "N"}}, {"type": "Feature", "geometry": {"type": "Point", "coordinates": [110.18222, -1.70423]}, "properties": {"species": "pongo_pygmaeus", "date_acq": "2026-08-07T1813", "confidence": "n", "brightness": "333.09", "frp": "2.84", "daynight": "N"}}, {"type": "Feature", "geometry": {"type": "Point", "coordinates": [110.15762, -1.70373]}, "properties": {"species": "pongo_pygmaeus", "date_acq": "2026-08-07T1813", "confidence": "n", "brightness": "347.73", "frp": "3.39", "daynight": "N"}}, {"type": "Feature", "geometry": {"type": "Point", "coordinates": [110.17879, -1.70369]}, "properties": {"species": "pongo_pygmaeus", "date_acq": "2026-08-07T1813", "confidence": "n", "brightness": "308.24", "frp": "1.88", "daynight": "N"}}, {"type": "Feature", "geometry": {"type": "Point", "coordinates": [110.15418, -1.70318]}, "properties": {"species": "pongo_pygmaeus", "date_acq": "2026-08-07T1813", "confidence": "n", "brightness": "314.28", "frp": "3.39", "daynight": "N"}}, {"type": "Feature", "geometry": {"type": "Point", "coordinates": [110.15074, -1.70264]}, "properties": {"species": "pongo_pygmaeus", "date_acq": "2026-08-07T1813", "confidence": "n", "brightness": "311.58", "frp": "3.36", "daynight": "N"}}, {"type": "Feature", "geometry": {"type": "Point", "coordinates": [110.1473, -1.70209]}, "properties": {"species": "pongo_pygmaeus", "date_acq": "2026-08-07T1813", "confidence": "n", "brightness": "346.67", "frp": "3.36", "daynight": "N"}}, {"type": "Feature", "geometry": {"type": "Point", "coordinates": [110.2748, -1.69851]}, "properties": {"species": "pongo_pygmaeus", "date_acq": "2026-08-07T1813", "confidence": "n", "brightness": "305.99", "frp": "1.09", "daynight": "N"}}, {"type": "Feature", "geometry": {"type": "Point", "coordinates": [115.05853, -1.65844]}, "properties": {"species": "pongo_pygmaeus", "date_acq": "2026-08-07T1813", "confidence": "n", "brightness": "303.38", "frp": "0.6", "daynight": "N"}}, {"type": "Feature", "geometry": {"type": "Point", "coordinates": [110.85685, -1.62164]}, "properties": {"species": "pongo_pygmaeus", "date_acq": "2026-08-07T1813", "confidence": "n", "brightness": "305.23", "frp": "1.09", "daynight": "N"}}, {"type": "Feature", "geometry": {"type": "Point", "coordinates": [110.06696, -1.60794]}, "properties": {"species": "pongo_pygmaeus", "date_acq": "2026-08-07T1813", "confidence": "n", "brightness": "329.94", "frp": "2.85", "daynight": "N"}}, {"type": "Feature", "geometry": {"type": "Point", "coordinates": [110.79135, -1.5635]}, "properties": {"species": "pongo_pygmaeus", "date_acq": "2026-08-07T1813", "confidence": "n", "brightness": "306.2", "frp": "1.3", "daynight": "N"}}, {"type": "Feature", "geometry": {"type": "Point", "coordinates": [110.79533, -1.56072]}, "properties": {"species": "pongo_pygmaeus", "date_acq": "2026-08-07T1813", "confidence": "n", "brightness": "324.61", "frp": "1.3", "daynight": "N"}}, {"type": "Feature", "geometry": {"type": "Point", "coordinates": [110.79186, -1.56017]}, "properties": {"species": "pongo_pygmaeus", "date_acq": "2026-08-07T1813", "confidence": "n", "brightness": "312.71", "frp": "1.3", "daynight": "N"}}, {"type": "Feature", "geometry": {"type": "Point", "coordinates": [110.81374, -1.5568]}, "properties": {"species": "pongo_pygmaeus", "date_acq": "2026-08-07T1813", "confidence": "n", "brightness": "308.08", "frp": "1.34", "daynight": "N"}}, {"type": "Feature", "geometry": {"type": "Point", "coordinates": [114.40781, -1.55053]}, "properties": {"species": "pongo_pygmaeus", "date_acq": "2026-08-07T1813", "confidence": "n", "brightness": "327.09", "frp": "2.95", "daynight": "N"}}, {"type": "Feature", "geometry": {"type": "Point", "coordinates": [114.36375, -1.43613]}, "properties": {"species": "pongo_pygmaeus", "date_acq": "2026-08-07T1813", "confidence": "n", "brightness": "305.21", "frp": "0.84", "daynight": "N"}}, {"type": "Feature", "geometry": {"type": "Point", "coordinates": [114.34724, -1.40412]}, "properties": {"species": "pongo_pygmaeus", "date_acq": "2026-08-07T1813", "confidence": "n", "brightness": "331.58", "frp": "6", "daynight": "N"}}, {"type": "Feature", "geometry": {"type": "Point", "coordinates": [114.28052, -1.39744]}, "properties": {"species": "pongo_pygmaeus", "date_acq": "2026-08-07T1813", "confidence": "n", "brightness": "304.1", "frp": "1.33", "daynight": "N"}}, {"type": "Feature", "geometry": {"type": "Point", "coordinates": [114.27528, -1.36915]}, "properties": {"species": "pongo_pygmaeus", "date_acq": "2026-08-07T1813", "confidence": "n", "brightness": "304.31", "frp": "0.79", "daynight": "N"}}, {"type": "Feature", "geometry": {"type": "Point", "coordinates": [110.11198, -1.36433]}, "properties": {"species": "pongo_pygmaeus", "date_acq": "2026-08-07T1813", "confidence": "h", "brightness": "367", "frp": "8.77", "daynight": "N"}}, {"type": "Feature", "geometry": {"type": "Point", "coordinates": [110.10855, -1.36379]}, "properties": {"species": "pongo_pygmaeus", "date_acq": "2026-08-07T1813", "confidence": "n", "brightness": "337.47", "frp": "8.77", "daynight": "N"}}, {"type": "Feature", "geometry": {"type": "Point", "coordinates": [110.10511, -1.36324]}, "properties": {"species": "pongo_pygmaeus", "date_acq": "2026-08-07T1813", "confidence": "n", "brightness": "313.36", "frp": "1.74", "daynight": "N"}}, {"type": "Feature", "geometry": {"type": "Point", "coordinates": [110.1125, -1.36102]}, "properties": {"species": "pongo_pygmaeus", "date_acq": "2026-08-07T1813", "confidence": "n", "brightness": "322.94", "frp": "2.44", "daynight": "N"}}, {"type": "Feature", "geometry": {"type": "Point", "coordinates": [110.10906, -1.36048]}, "properties": {"species": "pongo_pygmaeus", "date_acq": "2026-08-07T1813", "confidence": "n", "brightness": "328.85", "frp": "2.44", "daynight": "N"}}, {"type": "Feature", "geometry": {"type": "Point", "coordinates": [110.10563, -1.35993]}, "properties": {"species": "pongo_pygmaeus", "date_acq": "2026-08-07T1813", "confidence": "n", "brightness": "306.21", "frp": "1.23", "daynight": "N"}}, {"type": "Feature", "geometry": {"type": "Point", "coordinates": [114.2123, -1.31239]}, "properties": {"species": "pongo_pygmaeus", "date_acq": "2026-08-07T1813", "confidence": "n", "brightness": "307.42", "frp": "1.4", "daynight": "N"}}, {"type": "Feature", "geometry": {"type": "Point", "coordinates": [110.06872, -1.30314]}, "properties": {"species": "pongo_pygmaeus", "date_acq": "2026-08-07T1813", "confidence": "n", "brightness": "312.11", "frp": "1.62", "daynight": "N"}}, {"type": "Feature", "geometry": {"type": "Point", "coordinates": [114.19104, -1.27932]}, "properties": {"species": "pongo_pygmaeus", "date_acq": "2026-08-07T1813", "confidence": "n", "brightness": "312.37", "frp": "1.12", "daynight": "N"}}, {"type": "Feature", "geometry": {"type": "Point", "coordinates": [114.18642, -1.27858]}, "properties": {"species": "pongo_pygmaeus", "date_acq": "2026-08-07T1813", "confidence": "n", "brightness": "308.38", "frp": "1.12", "daynight": "N"}}, {"type": "Feature", "geometry": {"type": "Point", "coordinates": [114.19164, -1.27552]}, "properties": {"species": "pongo_pygmaeus", "date_acq": "2026-08-07T1813", "confidence": "n", "brightness": "307.5", "frp": "1.12", "daynight": "N"}}, {"type": "Feature", "geometry": {"type": "Point", "coordinates": [114.18703, -1.27478]}, "properties": {"species": "pongo_pygmaeus", "date_acq": "2026-08-07T1813", "confidence": "n", "brightness": "304.34", "frp": "1.12", "daynight": "N"}}, {"type": "Feature", "geometry": {"type": "Point", "coordinates": [113.75223, -1.11448]}, "properties": {"species": "pongo_pygmaeus", "date_acq": "2026-08-07T1813", "confidence": "n", "brightness": "304.24", "frp": "1.36", "daynight": "N"}}, {"type": "Feature", "geometry": {"type": "Point", "coordinates": [116.64619, 0.1619]}, "properties": {"species": "pongo_pygmaeus", "date_acq": "2026-08-07T1813", "confidence": "n", "brightness": "316.01", "frp": "1.94", "daynight": "N"}}, {"type": "Feature", "geometry": {"type": "Point", "coordinates": [116.63839, 0.16256]}, "properties": {"species": "pongo_pygmaeus", "date_acq": "2026-08-07T1813", "confidence": "n", "brightness": "333.33", "frp": "4.86", "daynight": "N"}}, {"type": "Feature", "geometry": {"type": "Point", "coordinates": [116.63419, 0.16321]}, "properties": {"species": "pongo_pygmaeus", "date_acq": "2026-08-07T1813", "confidence": "n", "brightness": "327.77", "frp": "3.31", "daynight": "N"}}, {"type": "Feature", "geometry": {"type": "Point", "coordinates": [116.63782, 0.16326]}, "properties": {"species": "pongo_pygmaeus", "date_acq": "2026-08-07T1813", "confidence": "n", "brightness": "340.9", "frp": "4.76", "daynight": "N"}}, {"type": "Feature", "geometry": {"type": "Point", "coordinates": [116.63364, 0.16394]}, "properties": {"species": "pongo_pygmaeus", "date_acq": "2026-08-07T1813", "confidence": "n", "brightness": "323.14", "frp": "5.14", "daynight": "N"}}, {"type": "Feature", "geometry": {"type": "Point", "coordinates": [116.64748, 0.16563]}, "properties": {"species": "pongo_pygmaeus", "date_acq": "2026-08-07T1813", "confidence": "n", "brightness": "304.41", "frp": "3.02", "daynight": "N"}}, {"type": "Feature", "geometry": {"type": "Point", "coordinates": [116.64687, 0.16627]}, "properties": {"species": "pongo_pygmaeus", "date_acq": "2026-08-07T1813", "confidence": "n", "brightness": "304.97", "frp": "1.94", "daynight": "N"}}, {"type": "Feature", "geometry": {"type": "Point", "coordinates": [116.6349, 0.16758]}, "properties": {"species": "pongo_pygmaeus", "date_acq": "2026-08-07T1813", "confidence": "n", "brightness": "308.87", "frp": "3.31", "daynight": "N"}}, {"type": "Feature", "geometry": {"type": "Point", "coordinates": [117.29055, 0.8295]}, "properties": {"species": "pongo_pygmaeus", "date_acq": "2026-08-07T1813", "confidence": "n", "brightness": "307.31", "frp": "1.16", "daynight": "N"}}, {"type": "Feature", "geometry": {"type": "Point", "coordinates": [117.14651, 1.05715]}, "properties": {"species": "pongo_pygmaeus", "date_acq": "2026-08-07T1813", "confidence": "n", "brightness": "304.31", "frp": "0.99", "daynight": "N"}}, {"type": "Feature", "geometry": {"type": "Point", "coordinates": [117.23838, 1.48924]}, "properties": {"species": "pongo_pygmaeus", "date_acq": "2026-08-07T1813", "confidence": "n", "brightness": "304.24", "frp": "1.11", "daynight": "N"}}, {"type": "Feature", "geometry": {"type": "Point", "coordinates": [115.05688, -1.66109]}, "properties": {"species": "pongo_pygmaeus", "date_acq": "2026-08-08T514", "confidence": "n", "brightness": "346.21", "frp": "5.3", "daynight": "D"}}, {"type": "Feature", "geometry": {"type": "Point", "coordinates": [115.06131, -1.66044]}, "properties": {"species": "pongo_pygmaeus", "date_acq": "2026-08-08T514", "confidence": "n", "brightness": "341.03", "frp": "7.61", "daynight": "D"}}, {"type": "Feature", "geometry": {"type": "Point", "coordinates": [115.05753, -1.6586]}, "properties": {"species": "pongo_pygmaeus", "date_acq": "2026-08-08T514", "confidence": "h", "brightness": "367", "frp": "9.88", "daynight": "D"}}, {"type": "Feature", "geometry": {"type": "Point", "coordinates": [115.06197, -1.65792]}, "properties": {"species": "pongo_pygmaeus", "date_acq": "2026-08-08T514", "confidence": "n", "brightness": "334.67", "frp": "16.62", "daynight": "D"}}, {"type": "Feature", "geometry": {"type": "Point", "coordinates": [115.05656, -1.65261]}, "properties": {"species": "pongo_pygmaeus", "date_acq": "2026-08-08T514", "confidence": "n", "brightness": "331.77", "frp": "9.88", "daynight": "D"}}, {"type": "Feature", "geometry": {"type": "Point", "coordinates": [114.21413, -1.3123]}, "properties": {"species": "pongo_pygmaeus", "date_acq": "2026-08-08T514", "confidence": "n", "brightness": "328.58", "frp": "4.28", "daynight": "D"}}, {"type": "Feature", "geometry": {"type": "Point", "coordinates": [116.64492, 0.15786]}, "properties": {"species": "pongo_pygmaeus", "date_acq": "2026-08-08T514", "confidence": "n", "brightness": "346.41", "frp": "5.12", "daynight": "D"}}, {"type": "Feature", "geometry": {"type": "Point", "coordinates": [116.64454, 0.1588]}, "properties": {"species": "pongo_pygmaeus", "date_acq": "2026-08-08T514", "confidence": "n", "brightness": "355.19", "frp": "6.15", "daynight": "D"}}, {"type": "Feature", "geometry": {"type": "Point", "coordinates": [116.63776, 0.16209]}, "properties": {"species": "pongo_pygmaeus", "date_acq": "2026-08-08T514", "confidence": "n", "brightness": "340.55", "frp": "4.93", "daynight": "D"}}, {"type": "Feature", "geometry": {"type": "Point", "coordinates": [116.63735, 0.16309]}, "properties": {"species": "pongo_pygmaeus", "date_acq": "2026-08-08T514", "confidence": "n", "brightness": "347.17", "frp": "7.73", "daynight": "D"}}, {"type": "Feature", "geometry": {"type": "Point", "coordinates": [116.64413, 0.16311]}, "properties": {"species": "pongo_pygmaeus", "date_acq": "2026-08-08T514", "confidence": "n", "brightness": "354.56", "frp": "5.12", "daynight": "D"}}, {"type": "Feature", "geometry": {"type": "Point", "coordinates": [114.68259, 0.21028]}, "properties": {"species": "pongo_pygmaeus", "date_acq": "2026-08-08T514", "confidence": "n", "brightness": "327.62", "frp": "4.42", "daynight": "D"}}, {"type": "Feature", "geometry": {"type": "Point", "coordinates": [117.2544, 0.53717]}, "properties": {"species": "pongo_pygmaeus", "date_acq": "2026-08-08T514", "confidence": "n", "brightness": "342.7", "frp": "5.76", "daynight": "D"}}, {"type": "Feature", "geometry": {"type": "Point", "coordinates": [117.29169, 0.82934]}, "properties": {"species": "pongo_pygmaeus", "date_acq": "2026-08-08T514", "confidence": "n", "brightness": "337.96", "frp": "6.97", "daynight": "D"}}, {"type": "Feature", "geometry": {"type": "Point", "coordinates": [117.2272, 0.96683]}, "properties": {"species": "pongo_pygmaeus", "date_acq": "2026-08-08T514", "confidence": "n", "brightness": "326.94", "frp": "4.9", "daynight": "D"}}, {"type": "Feature", "geometry": {"type": "Point", "coordinates": [111.96092, 0.97252]}, "properties": {"species": "pongo_pygmaeus", "date_acq": "2026-08-08T514", "confidence": "n", "brightness": "329.76", "frp": "5.05", "daynight": "D"}}, {"type": "Feature", "geometry": {"type": "Point", "coordinates": [117.15929, 1.05864]}, "properties": {"species": "pongo_pygmaeus", "date_acq": "2026-08-08T514", "confidence": "n", "brightness": "345.18", "frp": "10.32", "daynight": "D"}}, {"type": "Feature", "geometry": {"type": "Point", "coordinates": [117.2056, 1.36206]}, "properties": {"species": "pongo_pygmaeus", "date_acq": "2026-08-08T514", "confidence": "n", "brightness": "339.2", "frp": "6.66", "daynight": "D"}}, {"type": "Feature", "geometry": {"type": "Point", "coordinates": [117.20083, 1.74517]}, "properties": {"species": "pongo_pygmaeus", "date_acq": "2026-08-08T514", "confidence": "n", "brightness": "351.39", "frp": "12.71", "daynight": "D"}}, {"type": "Feature", "geometry": {"type": "Point", "coordinates": [117.19692, 1.74882]}, "properties": {"species": "pongo_pygmaeus", "date_acq": "2026-08-08T514", "confidence": "n", "brightness": "330.82", "frp": "10.41", "daynight": "D"}}, {"type": "Feature", "geometry": {"type": "Point", "coordinates": [117.20271, 1.74972]}, "properties": {"species": "pongo_pygmaeus", "date_acq": "2026-08-08T514", "confidence": "n", "brightness": "340.65", "frp": "22.46", "daynight": "D"}}, {"type": "Feature", "geometry": {"type": "Point", "coordinates": [117.20002, 1.7501]}, "properties": {"species": "pongo_pygmaeus", "date_acq": "2026-08-08T514", "confidence": "n", "brightness": "349.66", "frp": "12.9", "daynight": "D"}}, {"type": "Feature", "geometry": {"type": "Point", "coordinates": [116.62106, 5.51627]}, "properties": {"species": "pongo_pygmaeus", "date_acq": "2026-08-08T516", "confidence": "n", "brightness": "330.29", "frp": "4.29", "daynight": "D"}}, {"type": "Feature", "geometry": {"type": "Point", "coordinates": [111.97546, -3.12996]}, "properties": {"species": "pongo_pygmaeus", "date_acq": "2026-08-08T654", "confidence": "l", "brightness": "357.91", "frp": "17.3", "daynight": "D"}}, {"type": "Feature", "geometry": {"type": "Point", "coordinates": [111.97548, -3.12936]}, "properties": {"species": "pongo_pygmaeus", "date_acq": "2026-08-08T654", "confidence": "h", "brightness": "367", "frp": "25.71", "daynight": "D"}}, {"type": "Feature", "geometry": {"type": "Point", "coordinates": [111.96985, -3.12405]}, "properties": {"species": "pongo_pygmaeus", "date_acq": "2026-08-08T654", "confidence": "n", "brightness": "328.49", "frp": "10.38", "daynight": "D"}}, {"type": "Feature", "geometry": {"type": "Point", "coordinates": [111.97443, -3.12384]}, "properties": {"species": "pongo_pygmaeus", "date_acq": "2026-08-08T654", "confidence": "n", "brightness": "342.97", "frp": "8.27", "daynight": "D"}}, {"type": "Feature", "geometry": {"type": "Point", "coordinates": [111.42645, -2.40022]}, "properties": {"species": "pongo_pygmaeus", "date_acq": "2026-08-08T654", "confidence": "n", "brightness": "345.86", "frp": "6.4", "daynight": "D"}}, {"type": "Feature", "geometry": {"type": "Point", "coordinates": [110.27496, -2.25418]}, "properties": {"species": "pongo_pygmaeus", "date_acq": "2026-08-08T654", "confidence": "n", "brightness": "335.12", "frp": "5.25", "daynight": "D"}}, {"type": "Feature", "geometry": {"type": "Point", "coordinates": [110.28217, -2.25298]}, "properties": {"species": "pongo_pygmaeus", "date_acq": "2026-08-08T654", "confidence": "n", "brightness": "346.35", "frp": "4.86", "daynight": "D"}}, {"type": "Feature", "geometry": {"type": "Point", "coordinates": [110.22187, -2.0445]}, "properties": {"species": "pongo_pygmaeus", "date_acq": "2026-08-08T654", "confidence": "h", "brightness": "367", "frp": "10.99", "daynight": "D"}}, {"type": "Feature", "geometry": {"type": "Point", "coordinates": [110.22056, -2.04364]}, "properties": {"species": "pongo_pygmaeus", "date_acq": "2026-08-08T654", "confidence": "n", "brightness": "350.29", "frp": "9.06", "daynight": "D"}}, {"type": "Feature", "geometry": {"type": "Point", "coordinates": [110.22421, -2.04303]}, "properties": {"species": "pongo_pygmaeus", "date_acq": "2026-08-08T654", "confidence": "n", "brightness": "336.14", "frp": "7.8", "daynight": "D"}}, {"type": "Feature", "geometry": {"type": "Point", "coordinates": [110.20412, -1.97899]}, "properties": {"species": "pongo_pygmaeus", "date_acq": "2026-08-08T654", "confidence": "n", "brightness": "347.1", "frp": "4.82", "daynight": "D"}}, {"type": "Feature", "geometry": {"type": "Point", "coordinates": [110.20776, -1.9784]}, "properties": {"species": "pongo_pygmaeus", "date_acq": "2026-08-08T654", "confidence": "n", "brightness": "347.87", "frp": "13.73", "daynight": "D"}}, {"type": "Feature", "geometry": {"type": "Point", "coordinates": [110.2223, -1.97603]}, "properties": {"species": "pongo_pygmaeus", "date_acq": "2026-08-08T654", "confidence": "n", "brightness": "348.66", "frp": "9.32", "daynight": "D"}}, {"type": "Feature", "geometry": {"type": "Point", "coordinates": [110.19965, -1.97402]}, "properties": {"species": "pongo_pygmaeus", "date_acq": "2026-08-08T654", "confidence": "n", "brightness": "348.07", "frp": "4.82", "daynight": "D"}}, {"type": "Feature", "geometry": {"type": "Point", "coordinates": [110.20325, -1.97343]}, "properties": {"species": "pongo_pygmaeus", "date_acq": "2026-08-08T654", "confidence": "n", "brightness": "335.26", "frp": "4.82", "daynight": "D"}}, {"type": "Feature", "geometry": {"type": "Point", "coordinates": [110.98457, -1.97057]}, "properties": {"species": "pongo_pygmaeus", "date_acq": "2026-08-08T654", "confidence": "h", "brightness": "367", "frp": "8.01", "daynight": "D"}}, {"type": "Feature", "geometry": {"type": "Point", "coordinates": [110.19875, -1.96847]}, "properties": {"species": "pongo_pygmaeus", "date_acq": "2026-08-08T654", "confidence": "n", "brightness": "334.71", "frp": "8.51", "daynight": "D"}}, {"type": "Feature", "geometry": {"type": "Point", "coordinates": [110.19067, -1.9641]}, "properties": {"species": "pongo_pygmaeus", "date_acq": "2026-08-08T654", "confidence": "h", "brightness": "367", "frp": "10.74", "daynight": "D"}}, {"type": "Feature", "geometry": {"type": "Point", "coordinates": [110.19426, -1.96351]}, "properties": {"species": "pongo_pygmaeus", "date_acq": "2026-08-08T654", "confidence": "n", "brightness": "347.07", "frp": "10.74", "daynight": "D"}}, {"type": "Feature", "geometry": {"type": "Point", "coordinates": [110.18982, -1.95854]}, "properties": {"species": "pongo_pygmaeus", "date_acq": "2026-08-08T654", "confidence": "h", "brightness": "367", "frp": "18.65", "daynight": "D"}}, {"type": "Feature", "geometry": {"type": "Point", "coordinates": [110.15327, -1.90337]}, "properties": {"species": "pongo_pygmaeus", "date_acq": "2026-08-08T654", "confidence": "n", "brightness": "355.23", "frp": "14.85", "daynight": "D"}}, {"type": "Feature", "geometry": {"type": "Point", "coordinates": [110.15688, -1.90279]}, "properties": {"species": "pongo_pygmaeus", "date_acq": "2026-08-08T654", "confidence": "n", "brightness": "353.65", "frp": "20.55", "daynight": "D"}}, {"type": "Feature", "geometry": {"type": "Point", "coordinates": [110.16048, -1.90221]}, "properties": {"species": "pongo_pygmaeus", "date_acq": "2026-08-08T654", "confidence": "n", "brightness": "351.29", "frp": "20.55", "daynight": "D"}}, {"type": "Feature", "geometry": {"type": "Point", "coordinates": [110.15601, -1.89724]}, "properties": {"species": "pongo_pygmaeus", "date_acq": "2026-08-08T654", "confidence": "n", "brightness": "349.44", "frp": "20.55", "daynight": "D"}}, {"type": "Feature", "geometry": {"type": "Point", "coordinates": [110.15963, -1.89666]}, "properties": {"species": "pongo_pygmaeus", "date_acq": "2026-08-08T654", "confidence": "h", "brightness": "367", "frp": "20.55", "daynight": "D"}}, {"type": "Feature", "geometry": {"type": "Point", "coordinates": [110.12996, -1.89577]}, "properties": {"species": "pongo_pygmaeus", "date_acq": "2026-08-08T654", "confidence": "h", "brightness": "367", "frp": "13.05", "daynight": "D"}}, {"type": "Feature", "geometry": {"type": "Point", "coordinates": [110.13354, -1.89519]}, "properties": {"species": "pongo_pygmaeus", "date_acq": "2026-08-08T654", "confidence": "n", "brightness": "350.82", "frp": "10.22", "daynight": "D"}}, {"type": "Feature", "geometry": {"type": "Point", "coordinates": [110.13712, -1.89461]}, "properties": {"species": "pongo_pygmaeus", "date_acq": "2026-08-08T654", "confidence": "n", "brightness": "345.35", "frp": "10.22", "daynight": "D"}}, {"type": "Feature", "geometry": {"type": "Point", "coordinates": [110.14072, -1.89403]}, "properties": {"species": "pongo_pygmaeus", "date_acq": "2026-08-08T654", "confidence": "n", "brightness": "344.47", "frp": "8.19", "daynight": "D"}}, {"type": "Feature", "geometry": {"type": "Point", "coordinates": [110.1363, -1.88907]}, "properties": {"species": "pongo_pygmaeus", "date_acq": "2026-08-08T654", "confidence": "n", "brightness": "347.11", "frp": "10.22", "daynight": "D"}}, {"type": "Feature", "geometry": {"type": "Point", "coordinates": [110.1399, -1.88848]}, "properties": {"species": "pongo_pygmaeus", "date_acq": "2026-08-08T654", "confidence": "n", "brightness": "338.69", "frp": "8.19", "daynight": "D"}}, {"type": "Feature", "geometry": {"type": "Point", "coordinates": [110.14712, -1.88731]}, "properties": {"species": "pongo_pygmaeus", "date_acq": "2026-08-08T654", "confidence": "n", "brightness": "336.45", "frp": "9.71", "daynight": "D"}}, {"type": "Feature", "geometry": {"type": "Point", "coordinates": [110.15073, -1.88673]}, "properties": {"species": "pongo_pygmaeus", "date_acq": "2026-08-08T654", "confidence": "h", "brightness": "367", "frp": "9.71", "daynight": "D"}}, {"type": "Feature", "geometry": {"type": "Point", "coordinates": [110.15434, -1.88614]}, "properties": {"species": "pongo_pygmaeus", "date_acq": "2026-08-08T654", "confidence": "n", "brightness": "353.76", "frp": "9.67", "daynight": "D"}}, {"type": "Feature", "geometry": {"type": "Point", "coordinates": [110.15797, -1.88555]}, "properties": {"species": "pongo_pygmaeus", "date_acq": "2026-08-08T654", "confidence": "h", "brightness": "367", "frp": "9.67", "daynight": "D"}}, {"type": "Feature", "geometry": {"type": "Point", "coordinates": [110.14986, -1.88118]}, "properties": {"species": "pongo_pygmaeus", "date_acq": "2026-08-08T654", "confidence": "n", "brightness": "340.96", "frp": "6.36", "daynight": "D"}}, {"type": "Feature", "geometry": {"type": "Point", "coordinates": [110.15347, -1.88059]}, "properties": {"species": "pongo_pygmaeus", "date_acq": "2026-08-08T654", "confidence": "n", "brightness": "341.72", "frp": "47.07", "daynight": "D"}}, {"type": "Feature", "geometry": {"type": "Point", "coordinates": [110.1571, -1.88]}, "properties": {"species": "pongo_pygmaeus", "date_acq": "2026-08-08T654", "confidence": "h", "brightness": "367", "frp": "47.07", "daynight": "D"}}, {"type": "Feature", "geometry": {"type": "Point", "coordinates": [111.36668, -1.86512]}, "properties": {"species": "pongo_pygmaeus", "date_acq": "2026-08-08T654", "confidence": "n", "brightness": "341.78", "frp": "21.53", "daynight": "D"}}, {"type": "Feature", "geometry": {"type": "Point", "coordinates": [111.35596, -1.86464]}, "properties": {"species": "pongo_pygmaeus", "date_acq": "2026-08-08T654", "confidence": "n", "brightness": "353.75", "frp": "38.65", "daynight": "D"}}, {"type": "Feature", "geometry": {"type": "Point", "coordinates": [111.371, -1.8644]}, "properties": {"species": "pongo_pygmaeus", "date_acq": "2026-08-08T654", "confidence": "h", "brightness": "367", "frp": "21.53", "daynight": "D"}}, {"type": "Feature", "geometry": {"type": "Point", "coordinates": [111.36481, -1.86323]}, "properties": {"species": "pongo_pygmaeus", "date_acq": "2026-08-08T654", "confidence": "n", "brightness": "335.55", "frp": "37.73", "daynight": "D"}}, {"type": "Feature", "geometry": {"type": "Point", "coordinates": [111.36914, -1.86254]}, "properties": {"species": "pongo_pygmaeus", "date_acq": "2026-08-08T654", "confidence": "h", "brightness": "367", "frp": "29.85", "daynight": "D"}}, {"type": "Feature", "geometry": {"type": "Point", "coordinates": [111.37348, -1.86185]}, "properties": {"species": "pongo_pygmaeus", "date_acq": "2026-08-08T654", "confidence": "h", "brightness": "367", "frp": "29.85", "daynight": "D"}}, {"type": "Feature", "geometry": {"type": "Point", "coordinates": [111.27609, -1.8618]}, "properties": {"species": "pongo_pygmaeus", "date_acq": "2026-08-08T654", "confidence": "h", "brightness": "367", "frp": "11.28", "daynight": "D"}}, {"type": "Feature", "geometry": {"type": "Point", "coordinates": [111.35693, -1.86059]}, "properties": {"species": "pongo_pygmaeus", "date_acq": "2026-08-08T654", "confidence": "n", "brightness": "352.14", "frp": "6.5", "daynight": "D"}}, {"type": "Feature", "geometry": {"type": "Point", "coordinates": [111.36137, -1.85985]}, "properties": {"species": "pongo_pygmaeus", "date_acq": "2026-08-08T654", "confidence": "n", "brightness": "334.66", "frp": "6.5", "daynight": "D"}}, {"type": "Feature", "geometry": {"type": "Point", "coordinates": [111.3657, -1.85912]}, "properties": {"species": "pongo_pygmaeus", "date_acq": "2026-08-08T654", "confidence": "n", "brightness": "352.75", "frp": "13.39", "daynight": "D"}}, {"type": "Feature", "geometry": {"type": "Point", "coordinates": [111.27841, -1.8586]}, "properties": {"species": "pongo_pygmaeus", "date_acq": "2026-08-08T654", "confidence": "n", "brightness": "332.86", "frp": "8.91", "daynight": "D"}}, {"type": "Feature", "geometry": {"type": "Point", "coordinates": [111.37001, -1.85841]}, "properties": {"species": "pongo_pygmaeus", "date_acq": "2026-08-08T654", "confidence": "h", "brightness": "367", "frp": "13.39", "daynight": "D"}}, {"type": "Feature", "geometry": {"type": "Point", "coordinates": [111.35599, -1.85459]}, "properties": {"species": "pongo_pygmaeus", "date_acq": "2026-08-08T654", "confidence": "n", "brightness": "332.59", "frp": "6.5", "daynight": "D"}}, {"type": "Feature", "geometry": {"type": "Point", "coordinates": [111.34963, -1.85335]}, "properties": {"species": "pongo_pygmaeus", "date_acq": "2026-08-08T654", "confidence": "h", "brightness": "367", "frp": "46.63", "daynight": "D"}}, {"type": "Feature", "geometry": {"type": "Point", "coordinates": [111.35405, -1.85264]}, "properties": {"species": "pongo_pygmaeus", "date_acq": "2026-08-08T654", "confidence": "n", "brightness": "341.44", "frp": "46.63", "daynight": "D"}}, {"type": "Feature", "geometry": {"type": "Point", "coordinates": [111.34623, -1.85006]}, "properties": {"species": "pongo_pygmaeus", "date_acq": "2026-08-08T654", "confidence": "n", "brightness": "336.16", "frp": "60.32", "daynight": "D"}}, {"type": "Feature", "geometry": {"type": "Point", "coordinates": [111.35062, -1.84933]}, "properties": {"species": "pongo_pygmaeus", "date_acq": "2026-08-08T654", "confidence": "n", "brightness": "353.03", "frp": "60.32", "daynight": "D"}}, {"type": "Feature", "geometry": {"type": "Point", "coordinates": [111.35307, -1.84665]}, "properties": {"species": "pongo_pygmaeus", "date_acq": "2026-08-08T654", "confidence": "h", "brightness": "367", "frp": "46.63", "daynight": "D"}}, {"type": "Feature", "geometry": {"type": "Point", "coordinates": [111.34385, -1.81738]}, "properties": {"species": "pongo_pygmaeus", "date_acq": "2026-08-08T654", "confidence": "h", "brightness": "367", "frp": "19.86", "daynight": "D"}}, {"type": "Feature", "geometry": {"type": "Point", "coordinates": [111.56253, -1.78189]}, "properties": {"species": "pongo_pygmaeus", "date_acq": "2026-08-08T654", "confidence": "n", "brightness": "343.64", "frp": "12.98", "daynight": "D"}}, {"type": "Feature", "geometry": {"type": "Point", "coordinates": [111.55249, -1.77729]}, "properties": {"species": "pongo_pygmaeus", "date_acq": "2026-08-08T654", "confidence": "h", "brightness": "367", "frp": "15.81", "daynight": "D"}}, {"type": "Feature", "geometry": {"type": "Point", "coordinates": [111.54714, -1.77192]}, "properties": {"species": "pongo_pygmaeus", "date_acq": "2026-08-08T654", "confidence": "n", "brightness": "343.42", "frp": "58.94", "daynight": "D"}}, {"type": "Feature", "geometry": {"type": "Point", "coordinates": [111.55164, -1.77119]}, "properties": {"species": "pongo_pygmaeus", "date_acq": "2026-08-08T654", "confidence": "h", "brightness": "367", "frp": "58.94", "daynight": "D"}}, {"type": "Feature", "geometry": {"type": "Point", "coordinates": [110.21985, -1.75704]}, "properties": {"species": "pongo_pygmaeus", "date_acq": "2026-08-08T654", "confidence": "n", "brightness": "356.36", "frp": "7.59", "daynight": "D"}}, {"type": "Feature", "geometry": {"type": "Point", "coordinates": [110.19073, -1.73893]}, "properties": {"species": "pongo_pygmaeus", "date_acq": "2026-08-08T654", "confidence": "n", "brightness": "332.86", "frp": "5.38", "daynight": "D"}}, {"type": "Feature", "geometry": {"type": "Point", "coordinates": [110.1437, -1.73692]}, "properties": {"species": "pongo_pygmaeus", "date_acq": "2026-08-08T654", "confidence": "n", "brightness": "337.62", "frp": "4.57", "daynight": "D"}}, {"type": "Feature", "geometry": {"type": "Point", "coordinates": [110.14163, -1.7356]}, "properties": {"species": "pongo_pygmaeus", "date_acq": "2026-08-08T654", "confidence": "n", "brightness": "332.44", "frp": "4.59", "daynight": "D"}}, {"type": "Feature", "geometry": {"type": "Point", "coordinates": [111.48812, -1.72561]}, "properties": {"species": "pongo_pygmaeus", "date_acq": "2026-08-08T654", "confidence": "n", "brightness": "332.22", "frp": "4.18", "daynight": "D"}}, {"type": "Feature", "geometry": {"type": "Point", "coordinates": [111.48756, -1.7252]}, "properties": {"species": "pongo_pygmaeus", "date_acq": "2026-08-08T654", "confidence": "n", "brightness": "337.46", "frp": "3.08", "daynight": "D"}}, {"type": "Feature", "geometry": {"type": "Point", "coordinates": [111.53037, -1.7248]}, "properties": {"species": "pongo_pygmaeus", "date_acq": "2026-08-08T654", "confidence": "n", "brightness": "350.33", "frp": "7.05", "daynight": "D"}}, {"type": "Feature", "geometry": {"type": "Point", "coordinates": [111.52991, -1.72467]}, "properties": {"species": "pongo_pygmaeus", "date_acq": "2026-08-08T654", "confidence": "n", "brightness": "351.42", "frp": "7.94", "daynight": "D"}}, {"type": "Feature", "geometry": {"type": "Point", "coordinates": [110.25227, -1.72308]}, "properties": {"species": "pongo_pygmaeus", "date_acq": "2026-08-08T654", "confidence": "n", "brightness": "355.48", "frp": "9.79", "daynight": "D"}}, {"type": "Feature", "geometry": {"type": "Point", "coordinates": [110.25596, -1.72247]}, "properties": {"species": "pongo_pygmaeus", "date_acq": "2026-08-08T654", "confidence": "n", "brightness": "334.93", "frp": "18.02", "daynight": "D"}}, {"type": "Feature", "geometry": {"type": "Point", "coordinates": [110.25012, -1.72018]}, "properties": {"species": "pongo_pygmaeus", "date_acq": "2026-08-08T654", "confidence": "n", "brightness": "348.75", "frp": "13.93", "daynight": "D"}}, {"type": "Feature", "geometry": {"type": "Point", "coordinates": [110.25379, -1.7196]}, "properties": {"species": "pongo_pygmaeus", "date_acq": "2026-08-08T654", "confidence": "h", "brightness": "367", "frp": "14.4", "daynight": "D"}}, {"type": "Feature", "geometry": {"type": "Point", "coordinates": [110.25749, -1.71902]}, "properties": {"species": "pongo_pygmaeus", "date_acq": "2026-08-08T654", "confidence": "h", "brightness": "367", "frp": "14.4", "daynight": "D"}}, {"type": "Feature", "geometry": {"type": "Point", "coordinates": [110.15205, -1.71852]}, "properties": {"species": "pongo_pygmaeus", "date_acq": "2026-08-08T654", "confidence": "n", "brightness": "349.45", "frp": "7.29", "daynight": "D"}}, {"type": "Feature", "geometry": {"type": "Point", "coordinates": [110.15568, -1.71794]}, "properties": {"species": "pongo_pygmaeus", "date_acq": "2026-08-08T654", "confidence": "n", "brightness": "333.86", "frp": "6.85", "daynight": "D"}}, {"type": "Feature", "geometry": {"type": "Point", "coordinates": [110.14631, -1.71773]}, "properties": {"species": "pongo_pygmaeus", "date_acq": "2026-08-08T654", "confidence": "n", "brightness": "331.72", "frp": "3.34", "daynight": "D"}}, {"type": "Feature", "geometry": {"type": "Point", "coordinates": [110.25146, -1.71747]}, "properties": {"species": "pongo_pygmaeus", "date_acq": "2026-08-08T654", "confidence": "n", "brightness": "339.99", "frp": "9.79", "daynight": "D"}}, {"type": "Feature", "geometry": {"type": "Point", "coordinates": [110.14995, -1.71713]}, "properties": {"species": "pongo_pygmaeus", "date_acq": "2026-08-08T654", "confidence": "n", "brightness": "344.17", "frp": "6.2", "daynight": "D"}}, {"type": "Feature", "geometry": {"type": "Point", "coordinates": [110.25513, -1.71686]}, "properties": {"species": "pongo_pygmaeus", "date_acq": "2026-08-08T654", "confidence": "n", "brightness": "351.36", "frp": "18.02", "daynight": "D"}}, {"type": "Feature", "geometry": {"type": "Point", "coordinates": [110.1536, -1.71652]}, "properties": {"species": "pongo_pygmaeus", "date_acq": "2026-08-08T654", "confidence": "n", "brightness": "348.86", "frp": "6.2", "daynight": "D"}}, {"type": "Feature", "geometry": {"type": "Point", "coordinates": [110.2588, -1.71626]}, "properties": {"species": "pongo_pygmaeus", "date_acq": "2026-08-08T654", "confidence": "h", "brightness": "367", "frp": "18.02", "daynight": "D"}}, {"type": "Feature", "geometry": {"type": "Point", "coordinates": [110.16086, -1.71532]}, "properties": {"species": "pongo_pygmaeus", "date_acq": "2026-08-08T654", "confidence": "n", "brightness": "345.26", "frp": "7.8", "daynight": "D"}}, {"type": "Feature", "geometry": {"type": "Point", "coordinates": [110.253, -1.71399]}, "properties": {"species": "pongo_pygmaeus", "date_acq": "2026-08-08T654", "confidence": "n", "brightness": "341.84", "frp": "14.4", "daynight": "D"}}, {"type": "Feature", "geometry": {"type": "Point", "coordinates": [110.14748, -1.71354]}, "properties": {"species": "pongo_pygmaeus", "date_acq": "2026-08-08T654", "confidence": "h", "brightness": "367", "frp": "8.33", "daynight": "D"}}, {"type": "Feature", "geometry": {"type": "Point", "coordinates": [110.25666, -1.71341]}, "properties": {"species": "pongo_pygmaeus", "date_acq": "2026-08-08T654", "confidence": "h", "brightness": "367", "frp": "14.4", "daynight": "D"}}, {"type": "Feature", "geometry": {"type": "Point", "coordinates": [110.1454, -1.71218]}, "properties": {"species": "pongo_pygmaeus", "date_acq": "2026-08-08T654", "confidence": "n", "brightness": "333.77", "frp": "3.34", "daynight": "D"}}, {"type": "Feature", "geometry": {"type": "Point", "coordinates": [110.15842, -1.7118]}, "properties": {"species": "pongo_pygmaeus", "date_acq": "2026-08-08T654", "confidence": "n", "brightness": "349.17", "frp": "8.72", "daynight": "D"}}, {"type": "Feature", "geometry": {"type": "Point", "coordinates": [110.14906, -1.71157]}, "properties": {"species": "pongo_pygmaeus", "date_acq": "2026-08-08T654", "confidence": "n", "brightness": "334.07", "frp": "6.2", "daynight": "D"}}, {"type": "Feature", "geometry": {"type": "Point", "coordinates": [110.16209, -1.71122]}, "properties": {"species": "pongo_pygmaeus", "date_acq": "2026-08-08T654", "confidence": "n", "brightness": "331.08", "frp": "25.39", "daynight": "D"}}, {"type": "Feature", "geometry": {"type": "Point", "coordinates": [110.16575, -1.71064]}, "properties": {"species": "pongo_pygmaeus", "date_acq": "2026-08-08T654", "confidence": "n", "brightness": "356.29", "frp": "25.39", "daynight": "D"}}, {"type": "Feature", "geometry": {"type": "Point", "coordinates": [110.16002, -1.70975]}, "properties": {"species": "pongo_pygmaeus", "date_acq": "2026-08-08T654", "confidence": "n", "brightness": "351.49", "frp": "7.8", "daynight": "D"}}, {"type": "Feature", "geometry": {"type": "Point", "coordinates": [110.16366, -1.70914]}, "properties": {"species": "pongo_pygmaeus", "date_acq": "2026-08-08T654", "confidence": "n", "brightness": "354.68", "frp": "16.49", "daynight": "D"}}, {"type": "Feature", "geometry": {"type": "Point", "coordinates": [110.16731, -1.70853]}, "properties": {"species": "pongo_pygmaeus", "date_acq": "2026-08-08T654", "confidence": "h", "brightness": "367", "frp": "16.49", "daynight": "D"}}, {"type": "Feature", "geometry": {"type": "Point", "coordinates": [110.15026, -1.7074]}, "properties": {"species": "pongo_pygmaeus", "date_acq": "2026-08-08T654", "confidence": "n", "brightness": "344.62", "frp": "8.33", "daynight": "D"}}, {"type": "Feature", "geometry": {"type": "Point", "coordinates": [110.15392, -1.70682]}, "properties": {"species": "pongo_pygmaeus", "date_acq": "2026-08-08T654", "confidence": "n", "brightness": "341.02", "frp": "8.72", "daynight": "D"}}, {"type": "Feature", "geometry": {"type": "Point", "coordinates": [110.16123, -1.70565]}, "properties": {"species": "pongo_pygmaeus", "date_acq": "2026-08-08T654", "confidence": "n", "brightness": "341.24", "frp": "25.39", "daynight": "D"}}, {"type": "Feature", "geometry": {"type": "Point", "coordinates": [110.16489, -1.70507]}, "properties": {"species": "pongo_pygmaeus", "date_acq": "2026-08-08T654", "confidence": "h", "brightness": "367", "frp": "25.39", "daynight": "D"}}, {"type": "Feature", "geometry": {"type": "Point", "coordinates": [110.18318, -1.70216]}, "properties": {"species": "pongo_pygmaeus", "date_acq": "2026-08-08T654", "confidence": "h", "brightness": "367", "frp": "14.2", "daynight": "D"}}, {"type": "Feature", "geometry": {"type": "Point", "coordinates": [110.25268, -1.70005]}, "properties": {"species": "pongo_pygmaeus", "date_acq": "2026-08-08T654", "confidence": "n", "brightness": "336.37", "frp": "3.54", "daynight": "D"}}, {"type": "Feature", "geometry": {"type": "Point", "coordinates": [110.27853, -1.69574]}, "properties": {"species": "pongo_pygmaeus", "date_acq": "2026-08-08T654", "confidence": "n", "brightness": "336.72", "frp": "1.86", "daynight": "D"}}, {"type": "Feature", "geometry": {"type": "Point", "coordinates": [110.68905, -1.65695]}, "properties": {"species": "pongo_pygmaeus", "date_acq": "2026-08-08T654", "confidence": "n", "brightness": "333.25", "frp": "4.79", "daynight": "D"}}, {"type": "Feature", "geometry": {"type": "Point", "coordinates": [110.27309, -1.64759]}, "properties": {"species": "pongo_pygmaeus", "date_acq": "2026-08-08T654", "confidence": "n", "brightness": "335.19", "frp": "5.1", "daynight": "D"}}, {"type": "Feature", "geometry": {"type": "Point", "coordinates": [110.27221, -1.64198]}, "properties": {"species": "pongo_pygmaeus", "date_acq": "2026-08-08T654", "confidence": "n", "brightness": "340.36", "frp": "5.1", "daynight": "D"}}, {"type": "Feature", "geometry": {"type": "Point", "coordinates": [110.06886, -1.60755]}, "properties": {"species": "pongo_pygmaeus", "date_acq": "2026-08-08T654", "confidence": "n", "brightness": "348.69", "frp": "8.66", "daynight": "D"}}, {"type": "Feature", "geometry": {"type": "Point", "coordinates": [110.8074, -1.60168]}, "properties": {"species": "pongo_pygmaeus", "date_acq": "2026-08-08T654", "confidence": "n", "brightness": "334.38", "frp": "4.25", "daynight": "D"}}, {"type": "Feature", "geometry": {"type": "Point", "coordinates": [110.80537, -1.59699]}, "properties": {"species": "pongo_pygmaeus", "date_acq": "2026-08-08T654", "confidence": "n", "brightness": "351.33", "frp": "6.88", "daynight": "D"}}, {"type": "Feature", "geometry": {"type": "Point", "coordinates": [110.79176, -1.56343]}, "properties": {"species": "pongo_pygmaeus", "date_acq": "2026-08-08T654", "confidence": "h", "brightness": "367", "frp": "10.69", "daynight": "D"}}, {"type": "Feature", "geometry": {"type": "Point", "coordinates": [110.79578, -1.56277]}, "properties": {"species": "pongo_pygmaeus", "date_acq": "2026-08-08T654", "confidence": "n", "brightness": "348.7", "frp": "10.69", "daynight": "D"}}, {"type": "Feature", "geometry": {"type": "Point", "coordinates": [110.81596, -1.55949]}, "properties": {"species": "pongo_pygmaeus", "date_acq": "2026-08-08T654", "confidence": "h", "brightness": "367", "frp": "58.98", "daynight": "D"}}, {"type": "Feature", "geometry": {"type": "Point", "coordinates": [114.27998, -1.36815]}, "properties": {"species": "pongo_pygmaeus", "date_acq": "2026-08-08T654", "confidence": "n", "brightness": "333.28", "frp": "7.46", "daynight": "D"}}, {"type": "Feature", "geometry": {"type": "Point", "coordinates": [110.10349, -1.36557]}, "properties": {"species": "pongo_pygmaeus", "date_acq": "2026-08-08T654", "confidence": "h", "brightness": "367", "frp": "6.61", "daynight": "D"}}, {"type": "Feature", "geometry": {"type": "Point", "coordinates": [110.10714, -1.36499]}, "properties": {"species": "pongo_pygmaeus", "date_acq": "2026-08-08T654", "confidence": "h", "brightness": "367", "frp": "9.71", "daynight": "D"}}, {"type": "Feature", "geometry": {"type": "Point", "coordinates": [110.11079, -1.3644]}, "properties": {"species": "pongo_pygmaeus", "date_acq": "2026-08-08T654", "confidence": "h", "brightness": "367", "frp": "9.71", "daynight": "D"}}, {"type": "Feature", "geometry": {"type": "Point", "coordinates": [110.09902, -1.36058]}, "properties": {"species": "pongo_pygmaeus", "date_acq": "2026-08-08T654", "confidence": "n", "brightness": "330.18", "frp": "6.61", "daynight": "D"}}, {"type": "Feature", "geometry": {"type": "Point", "coordinates": [110.10632, -1.3594]}, "properties": {"species": "pongo_pygmaeus", "date_acq": "2026-08-08T654", "confidence": "n", "brightness": "330.7", "frp": "9.71", "daynight": "D"}}, {"type": "Feature", "geometry": {"type": "Point", "coordinates": [110.11, -1.35881]}, "properties": {"species": "pongo_pygmaeus", "date_acq": "2026-08-08T654", "confidence": "n", "brightness": "346.87", "frp": "9.71", "daynight": "D"}}, {"type": "Feature", "geometry": {"type": "Point", "coordinates": [110.10375, -1.34268]}, "properties": {"species": "pongo_pygmaeus", "date_acq": "2026-08-08T654", "confidence": "n", "brightness": "340.96", "frp": "42.54", "daynight": "D"}}, {"type": "Feature", "geometry": {"type": "Point", "coordinates": [110.10741, -1.34209]}, "properties": {"species": "pongo_pygmaeus", "date_acq": "2026-08-08T654", "confidence": "h", "brightness": "367", "frp": "42.54", "daynight": "D"}}, {"type": "Feature", "geometry": {"type": "Point", "coordinates": [110.09026, -1.32773]}, "properties": {"species": "pongo_pygmaeus", "date_acq": "2026-08-08T654", "confidence": "n", "brightness": "353.16", "frp": "8.45", "daynight": "D"}}, {"type": "Feature", "geometry": {"type": "Point", "coordinates": [110.09385, -1.32714]}, "properties": {"species": "pongo_pygmaeus", "date_acq": "2026-08-08T654", "confidence": "n", "brightness": "353.83", "frp": "6.8", "daynight": "D"}}, {"type": "Feature", "geometry": {"type": "Point", "coordinates": [110.0975, -1.32655]}, "properties": {"species": "pongo_pygmaeus", "date_acq": "2026-08-08T654", "confidence": "n", "brightness": "336.64", "frp": "6.8", "daynight": "D"}}, {"type": "Feature", "geometry": {"type": "Point", "coordinates": [110.08143, -1.30823]}, "properties": {"species": "pongo_pygmaeus", "date_acq": "2026-08-08T654", "confidence": "h", "brightness": "367", "frp": "16.58", "daynight": "D"}}, {"type": "Feature", "geometry": {"type": "Point", "coordinates": [110.07587, -1.30725]}, "properties": {"species": "pongo_pygmaeus", "date_acq": "2026-08-08T654", "confidence": "n", "brightness": "340.32", "frp": "8.53", "daynight": "D"}}, {"type": "Feature", "geometry": {"type": "Point", "coordinates": [110.08875, -1.30708]}, "properties": {"species": "pongo_pygmaeus", "date_acq": "2026-08-08T654", "confidence": "n", "brightness": "334.75", "frp": "3.35", "daynight": "D"}}, {"type": "Feature", "geometry": {"type": "Point", "coordinates": [110.07949, -1.30665]}, "properties": {"species": "pongo_pygmaeus", "date_acq": "2026-08-08T654", "confidence": "n", "brightness": "355.73", "frp": "8.53", "daynight": "D"}}, {"type": "Feature", "geometry": {"type": "Point", "coordinates": [110.08312, -1.30605]}, "properties": {"species": "pongo_pygmaeus", "date_acq": "2026-08-08T654", "confidence": "n", "brightness": "347.56", "frp": "14.13", "daynight": "D"}}, {"type": "Feature", "geometry": {"type": "Point", "coordinates": [110.06968, -1.30437]}, "properties": {"species": "pongo_pygmaeus", "date_acq": "2026-08-08T654", "confidence": "n", "brightness": "337.51", "frp": "6.05", "daynight": "D"}}, {"type": "Feature", "geometry": {"type": "Point", "coordinates": [110.07327, -1.3038]}, "properties": {"species": "pongo_pygmaeus", "date_acq": "2026-08-08T654", "confidence": "n", "brightness": "336.03", "frp": "8.81", "daynight": "D"}}, {"type": "Feature", "geometry": {"type": "Point", "coordinates": [110.07138, -1.30228]}, "properties": {"species": "pongo_pygmaeus", "date_acq": "2026-08-08T654", "confidence": "n", "brightness": "341.44", "frp": "7.5", "daynight": "D"}}, {"type": "Feature", "geometry": {"type": "Point", "coordinates": [110.07499, -1.30169]}, "properties": {"species": "pongo_pygmaeus", "date_acq": "2026-08-08T654", "confidence": "n", "brightness": "335.34", "frp": "9.01", "daynight": "D"}}, {"type": "Feature", "geometry": {"type": "Point", "coordinates": [110.07607, -1.29766]}, "properties": {"species": "pongo_pygmaeus", "date_acq": "2026-08-08T654", "confidence": "n", "brightness": "338.37", "frp": "6", "daynight": "D"}}, {"type": "Feature", "geometry": {"type": "Point", "coordinates": [113.75217, -1.11335]}, "properties": {"species": "pongo_pygmaeus", "date_acq": "2026-08-08T654", "confidence": "n", "brightness": "335.23", "frp": "9.57", "daynight": "D"}}, {"type": "Feature", "geometry": {"type": "Point", "coordinates": [111.02388, -0.79164]}, "properties": {"species": "pongo_pygmaeus", "date_acq": "2026-08-08T654", "confidence": "h", "brightness": "367", "frp": "11.96", "daynight": "D"}}, {"type": "Feature", "geometry": {"type": "Point", "coordinates": [111.38924, -0.76467]}, "properties": {"species": "pongo_pygmaeus", "date_acq": "2026-08-08T654", "confidence": "n", "brightness": "348.41", "frp": "7.4", "daynight": "D"}}, {"type": "Feature", "geometry": {"type": "Point", "coordinates": [111.63019, -0.52703]}, "properties": {"species": "pongo_pygmaeus", "date_acq": "2026-08-08T654", "confidence": "n", "brightness": "342.84", "frp": "5.28", "daynight": "D"}}, {"type": "Feature", "geometry": {"type": "Point", "coordinates": [111.63562, -0.52618]}, "properties": {"species": "pongo_pygmaeus", "date_acq": "2026-08-08T654", "confidence": "n", "brightness": "332.97", "frp": "5.28", "daynight": "D"}}, {"type": "Feature", "geometry": {"type": "Point", "coordinates": [111.63406, -0.52445]}, "properties": {"species": "pongo_pygmaeus", "date_acq": "2026-08-08T654", "confidence": "n", "brightness": "355.18", "frp": "10.14", "daynight": "D"}}, {"type": "Feature", "geometry": {"type": "Point", "coordinates": [113.14626, 0.02626]}, "properties": {"species": "pongo_pygmaeus", "date_acq": "2026-08-08T654", "confidence": "h", "brightness": "367", "frp": "19.65", "daynight": "D"}}, {"type": "Feature", "geometry": {"type": "Point", "coordinates": [113.14976, 0.02714]}, "properties": {"species": "pongo_pygmaeus", "date_acq": "2026-08-08T654", "confidence": "h", "brightness": "367", "frp": "26.78", "daynight": "D"}}, {"type": "Feature", "geometry": {"type": "Point", "coordinates": [111.95895, 0.97409]}, "properties": {"species": "pongo_pygmaeus", "date_acq": "2026-08-08T657", "confidence": "n", "brightness": "337.42", "frp": "5.33", "daynight": "D"}}, {"type": "Feature", "geometry": {"type": "Point", "coordinates": [111.96445, 0.97494]}, "properties": {"species": "pongo_pygmaeus", "date_acq": "2026-08-08T657", "confidence": "n", "brightness": "331.42", "frp": "5.33", "daynight": "D"}}, {"type": "Feature", "geometry": {"type": "Point", "coordinates": [117.15932, 1.0585]}, "properties": {"species": "pongo_pygmaeus", "date_acq": "2026-08-08T1754", "confidence": "n", "brightness": "305.31", "frp": "0.66", "daynight": "N"}}, {"type": "Feature", "geometry": {"type": "Point", "coordinates": [117.11161, 1.09097]}, "properties": {"species": "pongo_pygmaeus", "date_acq": "2026-08-08T1754", "confidence": "n", "brightness": "301.95", "frp": "0.52", "daynight": "N"}}, {"type": "Feature", "geometry": {"type": "Point", "coordinates": [112.88047, -3.12999]}, "properties": {"species": "pongo_pygmaeus", "date_acq": "2026-08-08T1756", "confidence": "n", "brightness": "319.94", "frp": "1.65", "daynight": "N"}}, {"type": "Feature", "geometry": {"type": "Point", "coordinates": [112.88101, -3.12659]}, "properties": {"species": "pongo_pygmaeus", "date_acq": "2026-08-08T1756", "confidence": "n", "brightness": "328.88", "frp": "2.67", "daynight": "N"}}, {"type": "Feature", "geometry": {"type": "Point", "coordinates": [112.28468, -2.94674]}, "properties": {"species": "pongo_pygmaeus", "date_acq": "2026-08-08T1756", "confidence": "n", "brightness": "318.48", "frp": "2.56", "daynight": "N"}}, {"type": "Feature", "geometry": {"type": "Point", "coordinates": [112.28524, -2.94327]}, "properties": {"species": "pongo_pygmaeus", "date_acq": "2026-08-08T1756", "confidence": "n", "brightness": "305.99", "frp": "1.01", "daynight": "N"}}, {"type": "Feature", "geometry": {"type": "Point", "coordinates": [112.27383, -2.94143]}, "properties": {"species": "pongo_pygmaeus", "date_acq": "2026-08-08T1756", "confidence": "n", "brightness": "304.99", "frp": "1.15", "daynight": "N"}}, {"type": "Feature", "geometry": {"type": "Point", "coordinates": [111.64775, -2.48801]}, "properties": {"species": "pongo_pygmaeus", "date_acq": "2026-08-08T1756", "confidence": "n", "brightness": "313.06", "frp": "1.22", "daynight": "N"}}, {"type": "Feature", "geometry": {"type": "Point", "coordinates": [110.27415, -2.25525]}, "properties": {"species": "pongo_pygmaeus", "date_acq": "2026-08-08T1756", "confidence": "n", "brightness": "306.02", "frp": "1.97", "daynight": "N"}}, {"type": "Feature", "geometry": {"type": "Point", "coordinates": [110.28452, -2.25291]}, "properties": {"species": "pongo_pygmaeus", "date_acq": "2026-08-08T1756", "confidence": "n", "brightness": "308.33", "frp": "1.24", "daynight": "N"}}, {"type": "Feature", "geometry": {"type": "Point", "coordinates": [113.78641, -2.18862]}, "properties": {"species": "pongo_pygmaeus", "date_acq": "2026-08-08T1756", "confidence": "n", "brightness": "318.11", "frp": "1.41", "daynight": "N"}}, {"type": "Feature", "geometry": {"type": "Point", "coordinates": [114.95544, -2.07696]}, "properties": {"species": "pongo_pygmaeus", "date_acq": "2026-08-08T1756", "confidence": "n", "brightness": "315.62", "frp": "0.97", "daynight": "N"}}, {"type": "Feature", "geometry": {"type": "Point", "coordinates": [111.27064, -2.05857]}, "properties": {"species": "pongo_pygmaeus", "date_acq": "2026-08-08T1756", "confidence": "n", "brightness": "310.45", "frp": "1.1", "daynight": "N"}}, {"type": "Feature", "geometry": {"type": "Point", "coordinates": [114.13917, -2.03507]}, "properties": {"species": "pongo_pygmaeus", "date_acq": "2026-08-08T1756", "confidence": "n", "brightness": "336.1", "frp": "11.15", "daynight": "N"}}, {"type": "Feature", "geometry": {"type": "Point", "coordinates": [114.1357, -2.03452]}, "properties": {"species": "pongo_pygmaeus", "date_acq": "2026-08-08T1756", "confidence": "n", "brightness": "330.1", "frp": "11.15", "daynight": "N"}}, {"type": "Feature", "geometry": {"type": "Point", "coordinates": [114.14316, -2.0323]}, "properties": {"species": "pongo_pygmaeus", "date_acq": "2026-08-08T1756", "confidence": "n", "brightness": "323.03", "frp": "2.22", "daynight": "N"}}, {"type": "Feature", "geometry": {"type": "Point", "coordinates": [114.13674, -2.02787]}, "properties": {"species": "pongo_pygmaeus", "date_acq": "2026-08-08T1756", "confidence": "n", "brightness": "330.89", "frp": "7.98", "daynight": "N"}}, {"type": "Feature", "geometry": {"type": "Point", "coordinates": [111.27851, -1.99334]}, "properties": {"species": "pongo_pygmaeus", "date_acq": "2026-08-08T1756", "confidence": "n", "brightness": "301", "frp": "1.23", "daynight": "N"}}, {"type": "Feature", "geometry": {"type": "Point", "coordinates": [111.27473, -1.98898]}, "properties": {"species": "pongo_pygmaeus", "date_acq": "2026-08-08T1756", "confidence": "n", "brightness": "314.5", "frp": "1.83", "daynight": "N"}}, {"type": "Feature", "geometry": {"type": "Point", "coordinates": [110.20731, -1.98034]}, "properties": {"species": "pongo_pygmaeus", "date_acq": "2026-08-08T1756", "confidence": "n", "brightness": "303.63", "frp": "1.73", "daynight": "N"}}, {"type": "Feature", "geometry": {"type": "Point", "coordinates": [110.22341, -1.9749]}, "properties": {"species": "pongo_pygmaeus", "date_acq": "2026-08-08T1756", "confidence": "n", "brightness": "349.95", "frp": "11.55", "daynight": "N"}}, {"type": "Feature", "geometry": {"type": "Point", "coordinates": [110.21848, -1.9741]}, "properties": {"species": "pongo_pygmaeus", "date_acq": "2026-08-08T1756", "confidence": "n", "brightness": "320.08", "frp": "3.33", "daynight": "N"}}, {"type": "Feature", "geometry": {"type": "Point", "coordinates": [112.06001, -1.93926]}, "properties": {"species": "pongo_pygmaeus", "date_acq": "2026-08-08T1756", "confidence": "n", "brightness": "304.6", "frp": "0.83", "daynight": "N"}}, {"type": "Feature", "geometry": {"type": "Point", "coordinates": [111.95187, -1.92549]}, "properties": {"species": "pongo_pygmaeus", "date_acq": "2026-08-08T1756", "confidence": "n", "brightness": "315.4", "frp": "2.18", "daynight": "N"}}, {"type": "Feature", "geometry": {"type": "Point", "coordinates": [111.94788, -1.92485]}, "properties": {"species": "pongo_pygmaeus", "date_acq": "2026-08-08T1756", "confidence": "n", "brightness": "327.41", "frp": "2.18", "daynight": "N"}}, {"type": "Feature", "geometry": {"type": "Point", "coordinates": [110.16029, -1.90484]}, "properties": {"species": "pongo_pygmaeus", "date_acq": "2026-08-08T1756", "confidence": "n", "brightness": "313.61", "frp": "20.57", "daynight": "N"}}, {"type": "Feature", "geometry": {"type": "Point", "coordinates": [110.15528, -1.90405]}, "properties": {"species": "pongo_pygmaeus", "date_acq": "2026-08-08T1756", "confidence": "n", "brightness": "323.89", "frp": "4.16", "daynight": "N"}}, {"type": "Feature", "geometry": {"type": "Point", "coordinates": [110.15027, -1.90325]}, "properties": {"species": "pongo_pygmaeus", "date_acq": "2026-08-08T1756", "confidence": "n", "brightness": "308.88", "frp": "4.16", "daynight": "N"}}, {"type": "Feature", "geometry": {"type": "Point", "coordinates": [110.16093, -1.9009]}, "properties": {"species": "pongo_pygmaeus", "date_acq": "2026-08-08T1756", "confidence": "n", "brightness": "347.59", "frp": "20.57", "daynight": "N"}}, {"type": "Feature", "geometry": {"type": "Point", "coordinates": [110.15591, -1.90011]}, "properties": {"species": "pongo_pygmaeus", "date_acq": "2026-08-08T1756", "confidence": "n", "brightness": "314.12", "frp": "4.16", "daynight": "N"}}, {"type": "Feature", "geometry": {"type": "Point", "coordinates": [110.14088, -1.89772]}, "properties": {"species": "pongo_pygmaeus", "date_acq": "2026-08-08T1756", "confidence": "n", "brightness": "304.75", "frp": "0.89", "daynight": "N"}}, {"type": "Feature", "geometry": {"type": "Point", "coordinates": [110.16155, -1.89697]}, "properties": {"species": "pongo_pygmaeus", "date_acq": "2026-08-08T1756", "confidence": "n", "brightness": "331.84", "frp": "3.87", "daynight": "N"}}, {"type": "Feature", "geometry": {"type": "Point", "coordinates": [110.15655, -1.89617]}, "properties": {"species": "pongo_pygmaeus", "date_acq": "2026-08-08T1756", "confidence": "n", "brightness": "307.92", "frp": "1.87", "daynight": "N"}}, {"type": "Feature", "geometry": {"type": "Point", "coordinates": [110.13084, -1.89612]}, "properties": {"species": "pongo_pygmaeus", "date_acq": "2026-08-08T1756", "confidence": "n", "brightness": "314.67", "frp": "3.9", "daynight": "N"}}, {"type": "Feature", "geometry": {"type": "Point", "coordinates": [110.15155, -1.89537]}, "properties": {"species": "pongo_pygmaeus", "date_acq": "2026-08-08T1756", "confidence": "n", "brightness": "312.31", "frp": "1.87", "daynight": "N"}}, {"type": "Feature", "geometry": {"type": "Point", "coordinates": [110.14151, -1.89377]}, "properties": {"species": "pongo_pygmaeus", "date_acq": "2026-08-08T1756", "confidence": "n", "brightness": "307.07", "frp": "3.31", "daynight": "N"}}, {"type": "Feature", "geometry": {"type": "Point", "coordinates": [110.1365, -1.89297]}, "properties": {"species": "pongo_pygmaeus", "date_acq": "2026-08-08T1756", "confidence": "n", "brightness": "307.28", "frp": "2.23", "daynight": "N"}}, {"type": "Feature", "geometry": {"type": "Point", "coordinates": [110.15217, -1.89143]}, "properties": {"species": "pongo_pygmaeus", "date_acq": "2026-08-08T1756", "confidence": "n", "brightness": "308.06", "frp": "1.87", "daynight": "N"}}, {"type": "Feature", "geometry": {"type": "Point", "coordinates": [110.13713, -1.88903]}, "properties": {"species": "pongo_pygmaeus", "date_acq": "2026-08-08T1756", "confidence": "n", "brightness": "314.58", "frp": "2.23", "daynight": "N"}}, {"type": "Feature", "geometry": {"type": "Point", "coordinates": [110.1578, -1.88829]}, "properties": {"species": "pongo_pygmaeus", "date_acq": "2026-08-08T1756", "confidence": "n", "brightness": "321.15", "frp": "4.5", "daynight": "N"}}, {"type": "Feature", "geometry": {"type": "Point", "coordinates": [110.15279, -1.88749]}, "properties": {"species": "pongo_pygmaeus", "date_acq": "2026-08-08T1756", "confidence": "n", "brightness": "319.07", "frp": "4.5", "daynight": "N"}}, {"type": "Feature", "geometry": {"type": "Point", "coordinates": [110.14779, -1.88669]}, "properties": {"species": "pongo_pygmaeus", "date_acq": "2026-08-08T1756", "confidence": "n", "brightness": "335.99", "frp": "4.95", "daynight": "N"}}, {"type": "Feature", "geometry": {"type": "Point", "coordinates": [110.15842, -1.88435]}, "properties": {"species": "pongo_pygmaeus", "date_acq": "2026-08-08T1756", "confidence": "n", "brightness": "340.35", "frp": "4.5", "daynight": "N"}}, {"type": "Feature", "geometry": {"type": "Point", "coordinates": [110.15343, -1.88355]}, "properties": {"species": "pongo_pygmaeus", "date_acq": "2026-08-08T1756", "confidence": "n", "brightness": "317.05", "frp": "4.5", "daynight": "N"}}, {"type": "Feature", "geometry": {"type": "Point", "coordinates": [110.14842, -1.88275]}, "properties": {"species": "pongo_pygmaeus", "date_acq": "2026-08-08T1756", "confidence": "n", "brightness": "323.61", "frp": "4.95", "daynight": "N"}}, {"type": "Feature", "geometry": {"type": "Point", "coordinates": [110.15905, -1.88041]}, "properties": {"species": "pongo_pygmaeus", "date_acq": "2026-08-08T1756", "confidence": "n", "brightness": "349.27", "frp": "13.96", "daynight": "N"}}, {"type": "Feature", "geometry": {"type": "Point", "coordinates": [110.15407, -1.87961]}, "properties": {"species": "pongo_pygmaeus", "date_acq": "2026-08-08T1756", "confidence": "n", "brightness": "339.51", "frp": "13.96", "daynight": "N"}}, {"type": "Feature", "geometry": {"type": "Point", "coordinates": [110.15969, -1.87647]}, "properties": {"species": "pongo_pygmaeus", "date_acq": "2026-08-08T1756", "confidence": "n", "brightness": "348.22", "frp": "13.96", "daynight": "N"}}, {"type": "Feature", "geometry": {"type": "Point", "coordinates": [110.15471, -1.87567]}, "properties": {"species": "pongo_pygmaeus", "date_acq": "2026-08-08T1756", "confidence": "n", "brightness": "330.84", "frp": "13.96", "daynight": "N"}}, {"type": "Feature", "geometry": {"type": "Point", "coordinates": [110.13964, -1.87325]}, "properties": {"species": "pongo_pygmaeus", "date_acq": "2026-08-08T1756", "confidence": "n", "brightness": "310.97", "frp": "1.78", "daynight": "N"}}, {"type": "Feature", "geometry": {"type": "Point", "coordinates": [110.15534, -1.87173]}, "properties": {"species": "pongo_pygmaeus", "date_acq": "2026-08-08T1756", "confidence": "n", "brightness": "329.17", "frp": "4.53", "daynight": "N"}}, {"type": "Feature", "geometry": {"type": "Point", "coordinates": [110.17154, -1.86626]}, "properties": {"species": "pongo_pygmaeus", "date_acq": "2026-08-08T1756", "confidence": "n", "brightness": "306.83", "frp": "2.77", "daynight": "N"}}, {"type": "Feature", "geometry": {"type": "Point", "coordinates": [110.16656, -1.86546]}, "properties": {"species": "pongo_pygmaeus", "date_acq": "2026-08-08T1756", "confidence": "n", "brightness": "323.59", "frp": "2.77", "daynight": "N"}}, {"type": "Feature", "geometry": {"type": "Point", "coordinates": [111.36302, -1.86447]}, "properties": {"species": "pongo_pygmaeus", "date_acq": "2026-08-08T1756", "confidence": "n", "brightness": "347.63", "frp": "4.9", "daynight": "N"}}, {"type": "Feature", "geometry": {"type": "Point", "coordinates": [111.35448, -1.8631]}, "properties": {"species": "pongo_pygmaeus", "date_acq": "2026-08-08T1756", "confidence": "n", "brightness": "307.2", "frp": "2.75", "daynight": "N"}}, {"type": "Feature", "geometry": {"type": "Point", "coordinates": [111.36793, -1.86149]}, "properties": {"species": "pongo_pygmaeus", "date_acq": "2026-08-08T1756", "confidence": "n", "brightness": "309.94", "frp": "4.9", "daynight": "N"}}, {"type": "Feature", "geometry": {"type": "Point", "coordinates": [111.36363, -1.8608]}, "properties": {"species": "pongo_pygmaeus", "date_acq": "2026-08-08T1756", "confidence": "n", "brightness": "310.6", "frp": "4.9", "daynight": "N"}}, {"type": "Feature", "geometry": {"type": "Point", "coordinates": [111.35936, -1.86012]}, "properties": {"species": "pongo_pygmaeus", "date_acq": "2026-08-08T1756", "confidence": "n", "brightness": "332.17", "frp": "2.75", "daynight": "N"}}, {"type": "Feature", "geometry": {"type": "Point", "coordinates": [111.35508, -1.85943]}, "properties": {"species": "pongo_pygmaeus", "date_acq": "2026-08-08T1756", "confidence": "n", "brightness": "304.98", "frp": "2.75", "daynight": "N"}}, {"type": "Feature", "geometry": {"type": "Point", "coordinates": [111.36852, -1.85782]}, "properties": {"species": "pongo_pygmaeus", "date_acq": "2026-08-08T1756", "confidence": "n", "brightness": "333.4", "frp": "4.15", "daynight": "N"}}, {"type": "Feature", "geometry": {"type": "Point", "coordinates": [111.35197, -1.85141]}, "properties": {"species": "pongo_pygmaeus", "date_acq": "2026-08-08T1756", "confidence": "n", "brightness": "320.91", "frp": "1.97", "daynight": "N"}}, {"type": "Feature", "geometry": {"type": "Point", "coordinates": [111.34769, -1.85072]}, "properties": {"species": "pongo_pygmaeus", "date_acq": "2026-08-08T1756", "confidence": "n", "brightness": "303.88", "frp": "1.97", "daynight": "N"}}, {"type": "Feature", "geometry": {"type": "Point", "coordinates": [111.35256, -1.84774]}, "properties": {"species": "pongo_pygmaeus", "date_acq": "2026-08-08T1756", "confidence": "n", "brightness": "301.58", "frp": "0.97", "daynight": "N"}}, {"type": "Feature", "geometry": {"type": "Point", "coordinates": [114.23409, -1.8369]}, "properties": {"species": "pongo_pygmaeus", "date_acq": "2026-08-08T1756", "confidence": "n", "brightness": "310.82", "frp": "0.93", "daynight": "N"}}, {"type": "Feature", "geometry": {"type": "Point", "coordinates": [110.24429, -1.82574]}, "properties": {"species": "pongo_pygmaeus", "date_acq": "2026-08-08T1756", "confidence": "n", "brightness": "312.71", "frp": "1.35", "daynight": "N"}}, {"type": "Feature", "geometry": {"type": "Point", "coordinates": [114.09441, -1.82147]}, "properties": {"species": "pongo_pygmaeus", "date_acq": "2026-08-08T1756", "confidence": "n", "brightness": "324.44", "frp": "2.17", "daynight": "N"}}, {"type": "Feature", "geometry": {"type": "Point", "coordinates": [111.55028, -1.77517]}, "properties": {"species": "pongo_pygmaeus", "date_acq": "2026-08-08T1756", "confidence": "n", "brightness": "334.9", "frp": "4.13", "daynight": "N"}}, {"type": "Feature", "geometry": {"type": "Point", "coordinates": [111.55085, -1.77153]}, "properties": {"species": "pongo_pygmaeus", "date_acq": "2026-08-08T1756", "confidence": "n", "brightness": "338.13", "frp": "3.62", "daynight": "N"}}, {"type": "Feature", "geometry": {"type": "Point", "coordinates": [114.43475, -1.73367]}, "properties": {"species": "pongo_pygmaeus", "date_acq": "2026-08-08T1756", "confidence": "n", "brightness": "321.07", "frp": "1.88", "daynight": "N"}}, {"type": "Feature", "geometry": {"type": "Point", "coordinates": [110.25439, -1.72383]}, "properties": {"species": "pongo_pygmaeus", "date_acq": "2026-08-08T1756", "confidence": "n", "brightness": "322.95", "frp": "3.11", "daynight": "N"}}, {"type": "Feature", "geometry": {"type": "Point", "coordinates": [111.53259, -1.72379]}, "properties": {"species": "pongo_pygmaeus", "date_acq": "2026-08-08T1756", "confidence": "n", "brightness": "329.5", "frp": "3.03", "daynight": "N"}}, {"type": "Feature", "geometry": {"type": "Point", "coordinates": [110.25261, -1.72315]}, "properties": {"species": "pongo_pygmaeus", "date_acq": "2026-08-08T1756", "confidence": "n", "brightness": "342.73", "frp": "6.8", "daynight": "N"}}, {"type": "Feature", "geometry": {"type": "Point", "coordinates": [111.5284, -1.72311]}, "properties": {"species": "pongo_pygmaeus", "date_acq": "2026-08-08T1756", "confidence": "n", "brightness": "308.81", "frp": "1.69", "daynight": "N"}}, {"type": "Feature", "geometry": {"type": "Point", "coordinates": [110.24943, -1.72304]}, "properties": {"species": "pongo_pygmaeus", "date_acq": "2026-08-08T1756", "confidence": "n", "brightness": "339.3", "frp": "8.49", "daynight": "N"}}, {"type": "Feature", "geometry": {"type": "Point", "coordinates": [110.24763, -1.72233]}, "properties": {"species": "pongo_pygmaeus", "date_acq": "2026-08-08T1756", "confidence": "n", "brightness": "318.92", "frp": "6.8", "daynight": "N"}}, {"type": "Feature", "geometry": {"type": "Point", "coordinates": [110.25999, -1.72068]}, "properties": {"species": "pongo_pygmaeus", "date_acq": "2026-08-08T1756", "confidence": "n", "brightness": "322.86", "frp": "20.92", "daynight": "N"}}, {"type": "Feature", "geometry": {"type": "Point", "coordinates": [110.25819, -1.72004]}, "properties": {"species": "pongo_pygmaeus", "date_acq": "2026-08-08T1756", "confidence": "n", "brightness": "350.59", "frp": "54.96", "daynight": "N"}}, {"type": "Feature", "geometry": {"type": "Point", "coordinates": [110.17826, -1.71994]}, "properties": {"species": "pongo_pygmaeus", "date_acq": "2026-08-08T1756", "confidence": "n", "brightness": "304.85", "frp": "0.54", "daynight": "N"}}, {"type": "Feature", "geometry": {"type": "Point", "coordinates": [110.25503, -1.7199]}, "properties": {"species": "pongo_pygmaeus", "date_acq": "2026-08-08T1756", "confidence": "n", "brightness": "350.32", "frp": "20.92", "daynight": "N"}}, {"type": "Feature", "geometry": {"type": "Point", "coordinates": [110.25323, -1.71922]}, "properties": {"species": "pongo_pygmaeus", "date_acq": "2026-08-08T1756", "confidence": "n", "brightness": "333.05", "frp": "6.8", "daynight": "N"}}, {"type": "Feature", "geometry": {"type": "Point", "coordinates": [110.25005, -1.71912]}, "properties": {"species": "pongo_pygmaeus", "date_acq": "2026-08-08T1756", "confidence": "n", "brightness": "307.93", "frp": "2.19", "daynight": "N"}}, {"type": "Feature", "geometry": {"type": "Point", "coordinates": [110.14591, -1.71775]}, "properties": {"species": "pongo_pygmaeus", "date_acq": "2026-08-08T1756", "confidence": "n", "brightness": "308.51", "frp": "1.89", "daynight": "N"}}, {"type": "Feature", "geometry": {"type": "Point", "coordinates": [110.26062, -1.71676]}, "properties": {"species": "pongo_pygmaeus", "date_acq": "2026-08-08T1756", "confidence": "n", "brightness": "329.22", "frp": "20.92", "daynight": "N"}}, {"type": "Feature", "geometry": {"type": "Point", "coordinates": [110.16161, -1.71628]}, "properties": {"species": "pongo_pygmaeus", "date_acq": "2026-08-08T1756", "confidence": "n", "brightness": "312.31", "frp": "3.13", "daynight": "N"}}, {"type": "Feature", "geometry": {"type": "Point", "coordinates": [110.25565, -1.71598]}, "properties": {"species": "pongo_pygmaeus", "date_acq": "2026-08-08T1756", "confidence": "n", "brightness": "349.2", "frp": "20.92", "daynight": "N"}}, {"type": "Feature", "geometry": {"type": "Point", "coordinates": [110.14813, -1.71522]}, "properties": {"species": "pongo_pygmaeus", "date_acq": "2026-08-08T1756", "confidence": "n", "brightness": "318.45", "frp": "2.75", "daynight": "N"}}, {"type": "Feature", "geometry": {"type": "Point", "coordinates": [110.25066, -1.71519]}, "properties": {"species": "pongo_pygmaeus", "date_acq": "2026-08-08T1756", "confidence": "n", "brightness": "307.8", "frp": "2.19", "daynight": "N"}}, {"type": "Feature", "geometry": {"type": "Point", "coordinates": [110.14656, -1.71381]}, "properties": {"species": "pongo_pygmaeus", "date_acq": "2026-08-08T1756", "confidence": "n", "brightness": "310.27", "frp": "1.49", "daynight": "N"}}, {"type": "Feature", "geometry": {"type": "Point", "coordinates": [110.16386, -1.71364]}, "properties": {"species": "pongo_pygmaeus", "date_acq": "2026-08-08T1756", "confidence": "n", "brightness": "305.56", "frp": "3.48", "daynight": "N"}}, {"type": "Feature", "geometry": {"type": "Point", "coordinates": [110.16725, -1.71315]}, "properties": {"species": "pongo_pygmaeus", "date_acq": "2026-08-08T1756", "confidence": "n", "brightness": "309.65", "frp": "1.95", "daynight": "N"}}, {"type": "Feature", "geometry": {"type": "Point", "coordinates": [110.15884, -1.71285]}, "properties": {"species": "pongo_pygmaeus", "date_acq": "2026-08-08T1756", "confidence": "n", "brightness": "324.89", "frp": "4.55", "daynight": "N"}}, {"type": "Feature", "geometry": {"type": "Point", "coordinates": [110.16224, -1.71233]}, "properties": {"species": "pongo_pygmaeus", "date_acq": "2026-08-08T1756", "confidence": "n", "brightness": "320.65", "frp": "3.13", "daynight": "N"}}, {"type": "Feature", "geometry": {"type": "Point", "coordinates": [110.14878, -1.71127]}, "properties": {"species": "pongo_pygmaeus", "date_acq": "2026-08-08T1756", "confidence": "n", "brightness": "313.63", "frp": "1.43", "daynight": "N"}}, {"type": "Feature", "geometry": {"type": "Point", "coordinates": [110.1522, -1.71068]}, "properties": {"species": "pongo_pygmaeus", "date_acq": "2026-08-08T1756", "confidence": "n", "brightness": "316.24", "frp": "1.49", "daynight": "N"}}, {"type": "Feature", "geometry": {"type": "Point", "coordinates": [110.16951, -1.71048]}, "properties": {"species": "pongo_pygmaeus", "date_acq": "2026-08-08T1756", "confidence": "n", "brightness": "304.39", "frp": "3.48", "daynight": "N"}}, {"type": "Feature", "geometry": {"type": "Point", "coordinates": [110.14719, -1.70986]}, "properties": {"species": "pongo_pygmaeus", "date_acq": "2026-08-08T1756", "confidence": "n", "brightness": "304.48", "frp": "1.49", "daynight": "N"}}, {"type": "Feature", "geometry": {"type": "Point", "coordinates": [110.16449, -1.70969]}, "properties": {"species": "pongo_pygmaeus", "date_acq": "2026-08-08T1756", "confidence": "n", "brightness": "335.9", "frp": "3.48", "daynight": "N"}}, {"type": "Feature", "geometry": {"type": "Point", "coordinates": [110.16788, -1.70921]}, "properties": {"species": "pongo_pygmaeus", "date_acq": "2026-08-08T1756", "confidence": "n", "brightness": "310.52", "frp": "2.4", "daynight": "N"}}, {"type": "Feature", "geometry": {"type": "Point", "coordinates": [110.15946, -1.7089]}, "properties": {"species": "pongo_pygmaeus", "date_acq": "2026-08-08T1756", "confidence": "n", "brightness": "325.77", "frp": "4.55", "daynight": "N"}}, {"type": "Feature", "geometry": {"type": "Point", "coordinates": [110.16286, -1.70838]}, "properties": {"species": "pongo_pygmaeus", "date_acq": "2026-08-08T1756", "confidence": "n", "brightness": "344.64", "frp": "12.33", "daynight": "N"}}, {"type": "Feature", "geometry": {"type": "Point", "coordinates": [110.18354, -1.70774]}, "properties": {"species": "pongo_pygmaeus", "date_acq": "2026-08-08T1756", "confidence": "n", "brightness": "304.58", "frp": "1.22", "daynight": "N"}}, {"type": "Feature", "geometry": {"type": "Point", "coordinates": [110.14941, -1.70732]}, "properties": {"species": "pongo_pygmaeus", "date_acq": "2026-08-08T1756", "confidence": "n", "brightness": "309.41", "frp": "1.43", "daynight": "N"}}, {"type": "Feature", "geometry": {"type": "Point", "coordinates": [110.17014, -1.70653]}, "properties": {"species": "pongo_pygmaeus", "date_acq": "2026-08-08T1756", "confidence": "n", "brightness": "305.27", "frp": "1.12", "daynight": "N"}}, {"type": "Feature", "geometry": {"type": "Point", "coordinates": [110.14782, -1.7059]}, "properties": {"species": "pongo_pygmaeus", "date_acq": "2026-08-08T1756", "confidence": "n", "brightness": "305.91", "frp": "1.84", "daynight": "N"}}, {"type": "Feature", "geometry": {"type": "Point", "coordinates": [110.18082, -1.70417]}, "properties": {"species": "pongo_pygmaeus", "date_acq": "2026-08-08T1756", "confidence": "n", "brightness": "306.58", "frp": "1.6", "daynight": "N"}}, {"type": "Feature", "geometry": {"type": "Point", "coordinates": [110.18145, -1.70023]}, "properties": {"species": "pongo_pygmaeus", "date_acq": "2026-08-08T1756", "confidence": "n", "brightness": "333.91", "frp": "22.26", "daynight": "N"}}, {"type": "Feature", "geometry": {"type": "Point", "coordinates": [113.4077, -1.69104]}, "properties": {"species": "pongo_pygmaeus", "date_acq": "2026-08-08T1756", "confidence": "n", "brightness": "306.98", "frp": "0.62", "daynight": "N"}}, {"type": "Feature", "geometry": {"type": "Point", "coordinates": [113.40742, -1.69015]}, "properties": {"species": "pongo_pygmaeus", "date_acq": "2026-08-08T1756", "confidence": "n", "brightness": "304.7", "frp": "0.48", "daynight": "N"}}, {"type": "Feature", "geometry": {"type": "Point", "coordinates": [115.06026, -1.65665]}, "properties": {"species": "pongo_pygmaeus", "date_acq": "2026-08-08T1756", "confidence": "n", "brightness": "306.31", "frp": "1.67", "daynight": "N"}}, {"type": "Feature", "geometry": {"type": "Point", "coordinates": [114.57587, -1.62066]}, "properties": {"species": "pongo_pygmaeus", "date_acq": "2026-08-08T1756", "confidence": "n", "brightness": "304.39", "frp": "0.55", "daynight": "N"}}, {"type": "Feature", "geometry": {"type": "Point", "coordinates": [110.79694, -1.56187]}, "properties": {"species": "pongo_pygmaeus", "date_acq": "2026-08-08T1756", "confidence": "n", "brightness": "310.71", "frp": "1.59", "daynight": "N"}}, {"type": "Feature", "geometry": {"type": "Point", "coordinates": [110.79232, -1.56114]}, "properties": {"species": "pongo_pygmaeus", "date_acq": "2026-08-08T1756", "confidence": "n", "brightness": "312.51", "frp": "1.97", "daynight": "N"}}, {"type": "Feature", "geometry": {"type": "Point", "coordinates": [110.81142, -1.56028]}, "properties": {"species": "pongo_pygmaeus", "date_acq": "2026-08-08T1756", "confidence": "n", "brightness": "314.99", "frp": "1.74", "daynight": "N"}}, {"type": "Feature", "geometry": {"type": "Point", "coordinates": [110.79758, -1.55807]}, "properties": {"species": "pongo_pygmaeus", "date_acq": "2026-08-08T1756", "confidence": "n", "brightness": "313.51", "frp": "1.2", "daynight": "N"}}, {"type": "Feature", "geometry": {"type": "Point", "coordinates": [112.51254, -1.52791]}, "properties": {"species": "pongo_pygmaeus", "date_acq": "2026-08-08T1756", "confidence": "n", "brightness": "311.31", "frp": "1.14", "daynight": "N"}}, {"type": "Feature", "geometry": {"type": "Point", "coordinates": [110.17685, -1.46731]}, "properties": {"species": "pongo_pygmaeus", "date_acq": "2026-08-08T1756", "confidence": "n", "brightness": "309.91", "frp": "3.85", "daynight": "N"}}, {"type": "Feature", "geometry": {"type": "Point", "coordinates": [114.35313, -1.41887]}, "properties": {"species": "pongo_pygmaeus", "date_acq": "2026-08-08T1756", "confidence": "n", "brightness": "307.72", "frp": "0.65", "daynight": "N"}}, {"type": "Feature", "geometry": {"type": "Point", "coordinates": [114.29657, -1.39375]}, "properties": {"species": "pongo_pygmaeus", "date_acq": "2026-08-08T1756", "confidence": "n", "brightness": "307.32", "frp": "0.51", "daynight": "N"}}, {"type": "Feature", "geometry": {"type": "Point", "coordinates": [114.27926, -1.39101]}, "properties": {"species": "pongo_pygmaeus", "date_acq": "2026-08-08T1756", "confidence": "n", "brightness": "307.04", "frp": "0.95", "daynight": "N"}}, {"type": "Feature", "geometry": {"type": "Point", "coordinates": [114.28428, -1.38159]}, "properties": {"species": "pongo_pygmaeus", "date_acq": "2026-08-08T1756", "confidence": "n", "brightness": "305.55", "frp": "0.78", "daynight": "N"}}, {"type": "Feature", "geometry": {"type": "Point", "coordinates": [114.27736, -1.38049]}, "properties": {"species": "pongo_pygmaeus", "date_acq": "2026-08-08T1756", "confidence": "n", "brightness": "331.16", "frp": "2.46", "daynight": "N"}}, {"type": "Feature", "geometry": {"type": "Point", "coordinates": [114.27788, -1.37716]}, "properties": {"species": "pongo_pygmaeus", "date_acq": "2026-08-08T1756", "confidence": "n", "brightness": "310.21", "frp": "2.46", "daynight": "N"}}, {"type": "Feature", "geometry": {"type": "Point", "coordinates": [114.27893, -1.37052]}, "properties": {"species": "pongo_pygmaeus", "date_acq": "2026-08-08T1756", "confidence": "n", "brightness": "307.12", "frp": "1.09", "daynight": "N"}}, {"type": "Feature", "geometry": {"type": "Point", "coordinates": [114.28291, -1.36774]}, "properties": {"species": "pongo_pygmaeus", "date_acq": "2026-08-08T1756", "confidence": "n", "brightness": "307.66", "frp": "0.98", "daynight": "N"}}, {"type": "Feature", "geometry": {"type": "Point", "coordinates": [114.27945, -1.36719]}, "properties": {"species": "pongo_pygmaeus", "date_acq": "2026-08-08T1756", "confidence": "n", "brightness": "338.02", "frp": "3.92", "daynight": "N"}}, {"type": "Feature", "geometry": {"type": "Point", "coordinates": [110.1114, -1.36548]}, "properties": {"species": "pongo_pygmaeus", "date_acq": "2026-08-08T1756", "confidence": "n", "brightness": "332.04", "frp": "2.53", "daynight": "N"}}, {"type": "Feature", "geometry": {"type": "Point", "coordinates": [110.10629, -1.36468]}, "properties": {"species": "pongo_pygmaeus", "date_acq": "2026-08-08T1756", "confidence": "n", "brightness": "310.6", "frp": "2.53", "daynight": "N"}}, {"type": "Feature", "geometry": {"type": "Point", "coordinates": [110.09599, -1.36305]}, "properties": {"species": "pongo_pygmaeus", "date_acq": "2026-08-08T1756", "confidence": "n", "brightness": "319.81", "frp": "2.36", "daynight": "N"}}, {"type": "Feature", "geometry": {"type": "Point", "coordinates": [110.11204, -1.3615]}, "properties": {"species": "pongo_pygmaeus", "date_acq": "2026-08-08T1756", "confidence": "n", "brightness": "310.69", "frp": "2.53", "daynight": "N"}}, {"type": "Feature", "geometry": {"type": "Point", "coordinates": [110.10691, -1.36069]}, "properties": {"species": "pongo_pygmaeus", "date_acq": "2026-08-08T1756", "confidence": "n", "brightness": "308.34", "frp": "2.53", "daynight": "N"}}, {"type": "Feature", "geometry": {"type": "Point", "coordinates": [110.09663, -1.35907]}, "properties": {"species": "pongo_pygmaeus", "date_acq": "2026-08-08T1756", "confidence": "n", "brightness": "314.07", "frp": "2.36", "daynight": "N"}}, {"type": "Feature", "geometry": {"type": "Point", "coordinates": [114.25989, -1.33342]}, "properties": {"species": "pongo_pygmaeus", "date_acq": "2026-08-08T1756", "confidence": "n", "brightness": "314.06", "frp": "0.73", "daynight": "N"}}, {"type": "Feature", "geometry": {"type": "Point", "coordinates": [110.08894, -1.30878]}, "properties": {"species": "pongo_pygmaeus", "date_acq": "2026-08-08T1756", "confidence": "n", "brightness": "307.37", "frp": "2", "daynight": "N"}}, {"type": "Feature", "geometry": {"type": "Point", "coordinates": [114.20075, -1.27968]}, "properties": {"species": "pongo_pygmaeus", "date_acq": "2026-08-08T1756", "confidence": "n", "brightness": "317.54", "frp": "0.96", "daynight": "N"}}, {"type": "Feature", "geometry": {"type": "Point", "coordinates": [114.19729, -1.27912]}, "properties": {"species": "pongo_pygmaeus", "date_acq": "2026-08-08T1756", "confidence": "n", "brightness": "307.34", "frp": "0.96", "daynight": "N"}}, {"type": "Feature", "geometry": {"type": "Point", "coordinates": [114.19033, -1.27801]}, "properties": {"species": "pongo_pygmaeus", "date_acq": "2026-08-08T1756", "confidence": "n", "brightness": "315.56", "frp": "1.66", "daynight": "N"}}, {"type": "Feature", "geometry": {"type": "Point", "coordinates": [113.37879, -1.23503]}, "properties": {"species": "pongo_pygmaeus", "date_acq": "2026-08-08T1756", "confidence": "n", "brightness": "332.6", "frp": "2.24", "daynight": "N"}}, {"type": "Feature", "geometry": {"type": "Point", "coordinates": [109.92923, -0.55605]}, "properties": {"species": "pongo_pygmaeus", "date_acq": "2026-08-08T1756", "confidence": "n", "brightness": "304.36", "frp": "1.06", "daynight": "N"}}, {"type": "Feature", "geometry": {"type": "Point", "coordinates": [116.6366, 0.16307]}, "properties": {"species": "pongo_pygmaeus", "date_acq": "2026-08-08T1756", "confidence": "n", "brightness": "307.87", "frp": "0.98", "daynight": "N"}}, {"type": "Feature", "geometry": {"type": "Point", "coordinates": [111.9603, 0.97603]}, "properties": {"species": "pongo_pygmaeus", "date_acq": "2026-08-08T1756", "confidence": "n", "brightness": "302.8", "frp": "0.7", "daynight": "N"}}, {"type": "Feature", "geometry": {"type": "Point", "coordinates": [111.97072, -3.13589]}, "properties": {"species": "pongo_pygmaeus", "date_acq": "2026-08-09T635", "confidence": "n", "brightness": "329.61", "frp": "2.29", "daynight": "D"}}, {"type": "Feature", "geometry": {"type": "Point", "coordinates": [111.96568, -3.13215]}, "properties": {"species": "pongo_pygmaeus", "date_acq": "2026-08-09T635", "confidence": "n", "brightness": "330.78", "frp": "7.17", "daynight": "D"}}, {"type": "Feature", "geometry": {"type": "Point", "coordinates": [112.87908, -3.12603]}, "properties": {"species": "pongo_pygmaeus", "date_acq": "2026-08-09T635", "confidence": "n", "brightness": "335.2", "frp": "5.62", "daynight": "D"}}, {"type": "Feature", "geometry": {"type": "Point", "coordinates": [112.88409, -3.12523]}, "properties": {"species": "pongo_pygmaeus", "date_acq": "2026-08-09T635", "confidence": "n", "brightness": "329.64", "frp": "5.62", "daynight": "D"}}, {"type": "Feature", "geometry": {"type": "Point", "coordinates": [112.36791, -3.12337]}, "properties": {"species": "pongo_pygmaeus", "date_acq": "2026-08-09T635", "confidence": "n", "brightness": "341.05", "frp": "8.98", "daynight": "D"}}, {"type": "Feature", "geometry": {"type": "Point", "coordinates": [111.96862, -3.12256]}, "properties": {"species": "pongo_pygmaeus", "date_acq": "2026-08-09T635", "confidence": "n", "brightness": "331.89", "frp": "6.32", "daynight": "D"}}, {"type": "Feature", "geometry": {"type": "Point", "coordinates": [112.86662, -3.03484]}, "properties": {"species": "pongo_pygmaeus", "date_acq": "2026-08-09T635", "confidence": "n", "brightness": "329.36", "frp": "3.52", "daynight": "D"}}, {"type": "Feature", "geometry": {"type": "Point", "coordinates": [112.28343, -2.94079]}, "properties": {"species": "pongo_pygmaeus", "date_acq": "2026-08-09T635", "confidence": "n", "brightness": "343.72", "frp": "11.31", "daynight": "D"}}, {"type": "Feature", "geometry": {"type": "Point", "coordinates": [112.28802, -2.94004]}, "properties": {"species": "pongo_pygmaeus", "date_acq": "2026-08-09T635", "confidence": "n", "brightness": "340.36", "frp": "11.31", "daynight": "D"}}, {"type": "Feature", "geometry": {"type": "Point", "coordinates": [112.83453, -2.57634]}, "properties": {"species": "pongo_pygmaeus", "date_acq": "2026-08-09T635", "confidence": "n", "brightness": "340.19", "frp": "6.85", "daynight": "D"}}, {"type": "Feature", "geometry": {"type": "Point", "coordinates": [112.83965, -2.57552]}, "properties": {"species": "pongo_pygmaeus", "date_acq": "2026-08-09T635", "confidence": "n", "brightness": "328.97", "frp": "6.85", "daynight": "D"}}, {"type": "Feature", "geometry": {"type": "Point", "coordinates": [113.35342, -2.55486]}, "properties": {"species": "pongo_pygmaeus", "date_acq": "2026-08-09T635", "confidence": "n", "brightness": "329.49", "frp": "4.51", "daynight": "D"}}, {"type": "Feature", "geometry": {"type": "Point", "coordinates": [111.64703, -2.48852]}, "properties": {"species": "pongo_pygmaeus", "date_acq": "2026-08-09T635", "confidence": "n", "brightness": "328.46", "frp": "5.14", "daynight": "D"}}, {"type": "Feature", "geometry": {"type": "Point", "coordinates": [111.64213, -2.48478]}, "properties": {"species": "pongo_pygmaeus", "date_acq": "2026-08-09T635", "confidence": "n", "brightness": "330.31", "frp": "4.19", "daynight": "D"}}, {"type": "Feature", "geometry": {"type": "Point", "coordinates": [111.64635, -2.48412]}, "properties": {"species": "pongo_pygmaeus", "date_acq": "2026-08-09T635", "confidence": "n", "brightness": "330.62", "frp": "4.19", "daynight": "D"}}, {"type": "Feature", "geometry": {"type": "Point", "coordinates": [110.27816, -2.25307]}, "properties": {"species": "pongo_pygmaeus", "date_acq": "2026-08-09T635", "confidence": "n", "brightness": "345.53", "frp": "8.1", "daynight": "D"}}, {"type": "Feature", "geometry": {"type": "Point", "coordinates": [110.28163, -2.25253]}, "properties": {"species": "pongo_pygmaeus", "date_acq": "2026-08-09T635", "confidence": "n", "brightness": "330.56", "frp": "6.86", "daynight": "D"}}, {"type": "Feature", "geometry": {"type": "Point", "coordinates": [111.06734, -2.11292]}, "properties": {"species": "pongo_pygmaeus", "date_acq": "2026-08-09T635", "confidence": "n", "brightness": "337.95", "frp": "5.66", "daynight": "D"}}, {"type": "Feature", "geometry": {"type": "Point", "coordinates": [111.10395, -2.08973]}, "properties": {"species": "pongo_pygmaeus", "date_acq": "2026-08-09T635", "confidence": "n", "brightness": "335.02", "frp": "4.21", "daynight": "D"}}, {"type": "Feature", "geometry": {"type": "Point", "coordinates": [111.27853, -1.98956]}, "properties": {"species": "pongo_pygmaeus", "date_acq": "2026-08-09T635", "confidence": "n", "brightness": "351.63", "frp": "12.58", "daynight": "D"}}, {"type": "Feature", "geometry": {"type": "Point", "coordinates": [111.27391, -1.98585]}, "properties": {"species": "pongo_pygmaeus", "date_acq": "2026-08-09T635", "confidence": "n", "brightness": "355.46", "frp": "37.59", "daynight": "D"}}, {"type": "Feature", "geometry": {"type": "Point", "coordinates": [111.27789, -1.98523]}, "properties": {"species": "pongo_pygmaeus", "date_acq": "2026-08-09T635", "confidence": "n", "brightness": "338.48", "frp": "17.5", "daynight": "D"}}, {"type": "Feature", "geometry": {"type": "Point", "coordinates": [110.20292, -1.97916]}, "properties": {"species": "pongo_pygmaeus", "date_acq": "2026-08-09T635", "confidence": "n", "brightness": "332.11", "frp": "5.96", "daynight": "D"}}, {"type": "Feature", "geometry": {"type": "Point", "coordinates": [110.1567, -1.89901]}, "properties": {"species": "pongo_pygmaeus", "date_acq": "2026-08-09T635", "confidence": "n", "brightness": "331.49", "frp": "9.55", "daynight": "D"}}, {"type": "Feature", "geometry": {"type": "Point", "coordinates": [110.16101, -1.89832]}, "properties": {"species": "pongo_pygmaeus", "date_acq": "2026-08-09T635", "confidence": "n", "brightness": "331.83", "frp": "4.74", "daynight": "D"}}, {"type": "Feature", "geometry": {"type": "Point", "coordinates": [110.14971, -1.88778]}, "properties": {"species": "pongo_pygmaeus", "date_acq": "2026-08-09T635", "confidence": "n", "brightness": "331.2", "frp": "4.4", "daynight": "D"}}, {"type": "Feature", "geometry": {"type": "Point", "coordinates": [110.14909, -1.88377]}, "properties": {"species": "pongo_pygmaeus", "date_acq": "2026-08-09T635", "confidence": "n", "brightness": "330.57", "frp": "4.4", "daynight": "D"}}, {"type": "Feature", "geometry": {"type": "Point", "coordinates": [110.15427, -1.88295]}, "properties": {"species": "pongo_pygmaeus", "date_acq": "2026-08-09T635", "confidence": "n", "brightness": "334.17", "frp": "4.4", "daynight": "D"}}, {"type": "Feature", "geometry": {"type": "Point", "coordinates": [110.15859, -1.88226]}, "properties": {"species": "pongo_pygmaeus", "date_acq": "2026-08-09T635", "confidence": "n", "brightness": "342.04", "frp": "7.89", "daynight": "D"}}, {"type": "Feature", "geometry": {"type": "Point", "coordinates": [110.15365, -1.87894]}, "properties": {"species": "pongo_pygmaeus", "date_acq": "2026-08-09T635", "confidence": "n", "brightness": "350.52", "frp": "14.71", "daynight": "D"}}, {"type": "Feature", "geometry": {"type": "Point", "coordinates": [110.15798, -1.87825]}, "properties": {"species": "pongo_pygmaeus", "date_acq": "2026-08-09T635", "confidence": "n", "brightness": "353.85", "frp": "31.16", "daynight": "D"}}, {"type": "Feature", "geometry": {"type": "Point", "coordinates": [110.16146, -1.87769]}, "properties": {"species": "pongo_pygmaeus", "date_acq": "2026-08-09T635", "confidence": "n", "brightness": "349.45", "frp": "31.16", "daynight": "D"}}, {"type": "Feature", "geometry": {"type": "Point", "coordinates": [110.15736, -1.87423]}, "properties": {"species": "pongo_pygmaeus", "date_acq": "2026-08-09T635", "confidence": "n", "brightness": "332.49", "frp": "31.16", "daynight": "D"}}, {"type": "Feature", "geometry": {"type": "Point", "coordinates": [110.16083, -1.87368]}, "properties": {"species": "pongo_pygmaeus", "date_acq": "2026-08-09T635", "confidence": "n", "brightness": "355.06", "frp": "31.16", "daynight": "D"}}, {"type": "Feature", "geometry": {"type": "Point", "coordinates": [110.15675, -1.87022]}, "properties": {"species": "pongo_pygmaeus", "date_acq": "2026-08-09T635", "confidence": "n", "brightness": "339.27", "frp": "6.07", "daynight": "D"}}, {"type": "Feature", "geometry": {"type": "Point", "coordinates": [111.36469, -1.86427]}, "properties": {"species": "pongo_pygmaeus", "date_acq": "2026-08-09T635", "confidence": "n", "brightness": "331.96", "frp": "5.96", "daynight": "D"}}, {"type": "Feature", "geometry": {"type": "Point", "coordinates": [111.35571, -1.86122]}, "properties": {"species": "pongo_pygmaeus", "date_acq": "2026-08-09T635", "confidence": "n", "brightness": "355.15", "frp": "8.27", "daynight": "D"}}, {"type": "Feature", "geometry": {"type": "Point", "coordinates": [111.35023, -1.85317]}, "properties": {"species": "pongo_pygmaeus", "date_acq": "2026-08-09T635", "confidence": "n", "brightness": "327.47", "frp": "6.16", "daynight": "D"}}, {"type": "Feature", "geometry": {"type": "Point", "coordinates": [111.98668, -1.79068]}, "properties": {"species": "pongo_pygmaeus", "date_acq": "2026-08-09T635", "confidence": "n", "brightness": "341.13", "frp": "9.57", "daynight": "D"}}, {"type": "Feature", "geometry": {"type": "Point", "coordinates": [111.98743, -1.79035]}, "properties": {"species": "pongo_pygmaeus", "date_acq": "2026-08-09T635", "confidence": "n", "brightness": "343.16", "frp": "22.49", "daynight": "D"}}, {"type": "Feature", "geometry": {"type": "Point", "coordinates": [110.25159, -1.7263]}, "properties": {"species": "pongo_pygmaeus", "date_acq": "2026-08-09T635", "confidence": "n", "brightness": "345.57", "frp": "8.28", "daynight": "D"}}, {"type": "Feature", "geometry": {"type": "Point", "coordinates": [110.25511, -1.72576]}, "properties": {"species": "pongo_pygmaeus", "date_acq": "2026-08-09T635", "confidence": "n", "brightness": "355.29", "frp": "15.99", "daynight": "D"}}, {"type": "Feature", "geometry": {"type": "Point", "coordinates": [110.24746, -1.72279]}, "properties": {"species": "pongo_pygmaeus", "date_acq": "2026-08-09T635", "confidence": "n", "brightness": "349.15", "frp": "14.98", "daynight": "D"}}, {"type": "Feature", "geometry": {"type": "Point", "coordinates": [110.25098, -1.72225]}, "properties": {"species": "pongo_pygmaeus", "date_acq": "2026-08-09T635", "confidence": "n", "brightness": "356.26", "frp": "14.98", "daynight": "D"}}, {"type": "Feature", "geometry": {"type": "Point", "coordinates": [110.25449, -1.72171]}, "properties": {"species": "pongo_pygmaeus", "date_acq": "2026-08-09T635", "confidence": "n", "brightness": "353.68", "frp": "29.44", "daynight": "D"}}, {"type": "Feature", "geometry": {"type": "Point", "coordinates": [110.25801, -1.72117]}, "properties": {"species": "pongo_pygmaeus", "date_acq": "2026-08-09T635", "confidence": "n", "brightness": "355.51", "frp": "29.44", "daynight": "D"}}, {"type": "Feature", "geometry": {"type": "Point", "coordinates": [110.26154, -1.72062]}, "properties": {"species": "pongo_pygmaeus", "date_acq": "2026-08-09T635", "confidence": "n", "brightness": "350.51", "frp": "25.51", "daynight": "D"}}, {"type": "Feature", "geometry": {"type": "Point", "coordinates": [110.13268, -1.71993]}, "properties": {"species": "pongo_pygmaeus", "date_acq": "2026-08-09T635", "confidence": "n", "brightness": "343.25", "frp": "7.29", "daynight": "D"}}, {"type": "Feature", "geometry": {"type": "Point", "coordinates": [110.2574, -1.71711]}, "properties": {"species": "pongo_pygmaeus", "date_acq": "2026-08-09T635", "confidence": "n", "brightness": "348.08", "frp": "29.44", "daynight": "D"}}, {"type": "Feature", "geometry": {"type": "Point", "coordinates": [110.26092, -1.71657]}, "properties": {"species": "pongo_pygmaeus", "date_acq": "2026-08-09T635", "confidence": "n", "brightness": "347.02", "frp": "25.51", "daynight": "D"}}, {"type": "Feature", "geometry": {"type": "Point", "coordinates": [110.13205, -1.71592]}, "properties": {"species": "pongo_pygmaeus", "date_acq": "2026-08-09T635", "confidence": "n", "brightness": "342.15", "frp": "5.96", "daynight": "D"}}, {"type": "Feature", "geometry": {"type": "Point", "coordinates": [110.25678, -1.71306]}, "properties": {"species": "pongo_pygmaeus", "date_acq": "2026-08-09T635", "confidence": "n", "brightness": "336.73", "frp": "7.61", "daynight": "D"}}, {"type": "Feature", "geometry": {"type": "Point", "coordinates": [110.26031, -1.71252]}, "properties": {"species": "pongo_pygmaeus", "date_acq": "2026-08-09T635", "confidence": "n", "brightness": "344.17", "frp": "13.14", "daynight": "D"}}, {"type": "Feature", "geometry": {"type": "Point", "coordinates": [110.27317, -1.70222]}, "properties": {"species": "pongo_pygmaeus", "date_acq": "2026-08-09T635", "confidence": "n", "brightness": "329.74", "frp": "2.74", "daynight": "D"}}, {"type": "Feature", "geometry": {"type": "Point", "coordinates": [110.27612, -1.69761]}, "properties": {"species": "pongo_pygmaeus", "date_acq": "2026-08-09T635", "confidence": "n", "brightness": "336.84", "frp": "2.74", "daynight": "D"}}, {"type": "Feature", "geometry": {"type": "Point", "coordinates": [110.05231, -1.6956]}, "properties": {"species": "pongo_pygmaeus", "date_acq": "2026-08-09T635", "confidence": "n", "brightness": "344.02", "frp": "13.36", "daynight": "D"}}, {"type": "Feature", "geometry": {"type": "Point", "coordinates": [110.79291, -1.56111]}, "properties": {"species": "pongo_pygmaeus", "date_acq": "2026-08-09T635", "confidence": "n", "brightness": "348.15", "frp": "17.85", "daynight": "D"}}, {"type": "Feature", "geometry": {"type": "Point", "coordinates": [110.16929, -1.45744]}, "properties": {"species": "pongo_pygmaeus", "date_acq": "2026-08-09T635", "confidence": "n", "brightness": "344.93", "frp": "9.94", "daynight": "D"}}, {"type": "Feature", "geometry": {"type": "Point", "coordinates": [110.17281, -1.45689]}, "properties": {"species": "pongo_pygmaeus", "date_acq": "2026-08-09T635", "confidence": "h", "brightness": "367", "frp": "9.94", "daynight": "D"}}, {"type": "Feature", "geometry": {"type": "Point", "coordinates": [110.16866, -1.4534]}, "properties": {"species": "pongo_pygmaeus", "date_acq": "2026-08-09T635", "confidence": "n", "brightness": "351.65", "frp": "32.01", "daynight": "D"}}, {"type": "Feature", "geometry": {"type": "Point", "coordinates": [110.17219, -1.45284]}, "properties": {"species": "pongo_pygmaeus", "date_acq": "2026-08-09T635", "confidence": "n", "brightness": "356.55", "frp": "32.01", "daynight": "D"}}, {"type": "Feature", "geometry": {"type": "Point", "coordinates": [110.16804, -1.44936]}, "properties": {"species": "pongo_pygmaeus", "date_acq": "2026-08-09T635", "confidence": "l", "brightness": "335.11", "frp": "32.01", "daynight": "D"}}, {"type": "Feature", "geometry": {"type": "Point", "coordinates": [111.87408, -1.38299]}, "properties": {"species": "pongo_pygmaeus", "date_acq": "2026-08-09T635", "confidence": "n", "brightness": "336.95", "frp": "7.3", "daynight": "D"}}, {"type": "Feature", "geometry": {"type": "Point", "coordinates": [111.87499, -1.38263]}, "properties": {"species": "pongo_pygmaeus", "date_acq": "2026-08-09T635", "confidence": "n", "brightness": "340.2", "frp": "6.83", "daynight": "D"}}, {"type": "Feature", "geometry": {"type": "Point", "coordinates": [110.10436, -1.36838]}, "properties": {"species": "pongo_pygmaeus", "date_acq": "2026-08-09T635", "confidence": "n", "brightness": "352.45", "frp": "10.73", "daynight": "D"}}, {"type": "Feature", "geometry": {"type": "Point", "coordinates": [110.10786, -1.36783]}, "properties": {"species": "pongo_pygmaeus", "date_acq": "2026-08-09T635", "confidence": "n", "brightness": "343", "frp": "10.73", "daynight": "D"}}, {"type": "Feature", "geometry": {"type": "Point", "coordinates": [110.1003, -1.36489]}, "properties": {"species": "pongo_pygmaeus", "date_acq": "2026-08-09T635", "confidence": "n", "brightness": "335.72", "frp": "3.1", "daynight": "D"}}, {"type": "Feature", "geometry": {"type": "Point", "coordinates": [110.10724, -1.3638]}, "properties": {"species": "pongo_pygmaeus", "date_acq": "2026-08-09T635", "confidence": "n", "brightness": "338.95", "frp": "9.93", "daynight": "D"}}, {"type": "Feature", "geometry": {"type": "Point", "coordinates": [110.11073, -1.36325]}, "properties": {"species": "pongo_pygmaeus", "date_acq": "2026-08-09T635", "confidence": "n", "brightness": "354.09", "frp": "7.77", "daynight": "D"}}, {"type": "Feature", "geometry": {"type": "Point", "coordinates": [110.09622, -1.36141]}, "properties": {"species": "pongo_pygmaeus", "date_acq": "2026-08-09T635", "confidence": "n", "brightness": "341.7", "frp": "3.1", "daynight": "D"}}, {"type": "Feature", "geometry": {"type": "Point", "coordinates": [110.09969, -1.36086]}, "properties": {"species": "pongo_pygmaeus", "date_acq": "2026-08-09T635", "confidence": "n", "brightness": "329.08", "frp": "3.1", "daynight": "D"}}, {"type": "Feature", "geometry": {"type": "Point", "coordinates": [110.11015, -1.35921]}, "properties": {"species": "pongo_pygmaeus", "date_acq": "2026-08-09T635", "confidence": "n", "brightness": "341.83", "frp": "7.77", "daynight": "D"}}, {"type": "Feature", "geometry": {"type": "Point", "coordinates": [110.09562, -1.35738]}, "properties": {"species": "pongo_pygmaeus", "date_acq": "2026-08-09T635", "confidence": "n", "brightness": "346.89", "frp": "8.93", "daynight": "D"}}, {"type": "Feature", "geometry": {"type": "Point", "coordinates": [110.1042, -1.34363]}, "properties": {"species": "pongo_pygmaeus", "date_acq": "2026-08-09T635", "confidence": "n", "brightness": "336.82", "frp": "2.96", "daynight": "D"}}, {"type": "Feature", "geometry": {"type": "Point", "coordinates": [110.09947, -1.33613]}, "properties": {"species": "pongo_pygmaeus", "date_acq": "2026-08-09T635", "confidence": "l", "brightness": "330.81", "frp": "3.02", "daynight": "D"}}, {"type": "Feature", "geometry": {"type": "Point", "coordinates": [110.08848, -1.33375]}, "properties": {"species": "pongo_pygmaeus", "date_acq": "2026-08-09T635", "confidence": "n", "brightness": "343.79", "frp": "8.5", "daynight": "D"}}, {"type": "Feature", "geometry": {"type": "Point", "coordinates": [110.08748, -1.33309]}, "properties": {"species": "pongo_pygmaeus", "date_acq": "2026-08-09T635", "confidence": "n", "brightness": "335.4", "frp": "4.4", "daynight": "D"}}, {"type": "Feature", "geometry": {"type": "Point", "coordinates": [110.09886, -1.3321]}, "properties": {"species": "pongo_pygmaeus", "date_acq": "2026-08-09T635", "confidence": "n", "brightness": "331.5", "frp": "3.03", "daynight": "D"}}, {"type": "Feature", "geometry": {"type": "Point", "coordinates": [110.10233, -1.33154]}, "properties": {"species": "pongo_pygmaeus", "date_acq": "2026-08-09T635", "confidence": "n", "brightness": "343.89", "frp": "3.03", "daynight": "D"}}, {"type": "Feature", "geometry": {"type": "Point", "coordinates": [110.10134, -1.33097]}, "properties": {"species": "pongo_pygmaeus", "date_acq": "2026-08-09T635", "confidence": "n", "brightness": "340.99", "frp": "7.04", "daynight": "D"}}, {"type": "Feature", "geometry": {"type": "Point", "coordinates": [110.09477, -1.32862]}, "properties": {"species": "pongo_pygmaeus", "date_acq": "2026-08-09T635", "confidence": "n", "brightness": "347.27", "frp": "8.53", "daynight": "D"}}, {"type": "Feature", "geometry": {"type": "Point", "coordinates": [110.09377, -1.328]}, "properties": {"species": "pongo_pygmaeus", "date_acq": "2026-08-09T635", "confidence": "n", "brightness": "354.62", "frp": "10.19", "daynight": "D"}}, {"type": "Feature", "geometry": {"type": "Point", "coordinates": [110.08971, -1.3245]}, "properties": {"species": "pongo_pygmaeus", "date_acq": "2026-08-09T635", "confidence": "l", "brightness": "330.78", "frp": "9.61", "daynight": "D"}}, {"type": "Feature", "geometry": {"type": "Point", "coordinates": [110.09256, -1.31994]}, "properties": {"species": "pongo_pygmaeus", "date_acq": "2026-08-09T635", "confidence": "n", "brightness": "344.36", "frp": "9.61", "daynight": "D"}}, {"type": "Feature", "geometry": {"type": "Point", "coordinates": [110.08088, -1.31348]}, "properties": {"species": "pongo_pygmaeus", "date_acq": "2026-08-09T635", "confidence": "n", "brightness": "344.11", "frp": "5.93", "daynight": "D"}}, {"type": "Feature", "geometry": {"type": "Point", "coordinates": [110.08783, -1.31241]}, "properties": {"species": "pongo_pygmaeus", "date_acq": "2026-08-09T635", "confidence": "n", "brightness": "336.49", "frp": "12.47", "daynight": "D"}}, {"type": "Feature", "geometry": {"type": "Point", "coordinates": [110.09131, -1.31188]}, "properties": {"species": "pongo_pygmaeus", "date_acq": "2026-08-09T635", "confidence": "n", "brightness": "342.09", "frp": "12.47", "daynight": "D"}}, {"type": "Feature", "geometry": {"type": "Point", "coordinates": [110.0872, -1.30839]}, "properties": {"species": "pongo_pygmaeus", "date_acq": "2026-08-09T635", "confidence": "n", "brightness": "350.02", "frp": "8.82", "daynight": "D"}}, {"type": "Feature", "geometry": {"type": "Point", "coordinates": [110.09068, -1.30785]}, "properties": {"species": "pongo_pygmaeus", "date_acq": "2026-08-09T635", "confidence": "n", "brightness": "342.57", "frp": "8.82", "daynight": "D"}}, {"type": "Feature", "geometry": {"type": "Point", "coordinates": [111.32239, -1.13573]}, "properties": {"species": "pongo_pygmaeus", "date_acq": "2026-08-09T635", "confidence": "n", "brightness": "335.92", "frp": "4.24", "daynight": "D"}}, {"type": "Feature", "geometry": {"type": "Point", "coordinates": [111.32281, -1.13563]}, "properties": {"species": "pongo_pygmaeus", "date_acq": "2026-08-09T635", "confidence": "n", "brightness": "337.4", "frp": "4.96", "daynight": "D"}}, {"type": "Feature", "geometry": {"type": "Point", "coordinates": [110.65765, -1.01349]}, "properties": {"species": "pongo_pygmaeus", "date_acq": "2026-08-09T635", "confidence": "n", "brightness": "330.69", "frp": "7.85", "daynight": "D"}}, {"type": "Feature", "geometry": {"type": "Point", "coordinates": [111.39353, -0.86428]}, "properties": {"species": "pongo_pygmaeus", "date_acq": "2026-08-09T635", "confidence": "n", "brightness": "332.98", "frp": "4.74", "daynight": "D"}}, {"type": "Feature", "geometry": {"type": "Point", "coordinates": [111.08247, -0.74326]}, "properties": {"species": "pongo_pygmaeus", "date_acq": "2026-08-09T635", "confidence": "n", "brightness": "342.96", "frp": "14.2", "daynight": "D"}}, {"type": "Feature", "geometry": {"type": "Point", "coordinates": [111.08275, -0.74192]}, "properties": {"species": "pongo_pygmaeus", "date_acq": "2026-08-09T635", "confidence": "n", "brightness": "353.13", "frp": "12.11", "daynight": "D"}}, {"type": "Feature", "geometry": {"type": "Point", "coordinates": [112.26138, -0.71412]}, "properties": {"species": "pongo_pygmaeus", "date_acq": "2026-08-09T635", "confidence": "n", "brightness": "340.64", "frp": "6.35", "daynight": "D"}}, {"type": "Feature", "geometry": {"type": "Point", "coordinates": [111.36821, -0.70199]}, "properties": {"species": "pongo_pygmaeus", "date_acq": "2026-08-09T635", "confidence": "n", "brightness": "342.39", "frp": "28.35", "daynight": "D"}}, {"type": "Feature", "geometry": {"type": "Point", "coordinates": [109.93332, -0.28756]}, "properties": {"species": "pongo_pygmaeus", "date_acq": "2026-08-09T635", "confidence": "n", "brightness": "340.92", "frp": "5.4", "daynight": "D"}}, {"type": "Feature", "geometry": {"type": "Point", "coordinates": [112.97646, -0.27976]}, "properties": {"species": "pongo_pygmaeus", "date_acq": "2026-08-09T635", "confidence": "n", "brightness": "357.9", "frp": "22.26", "daynight": "D"}}, {"type": "Feature", "geometry": {"type": "Point", "coordinates": [111.85886, 0.65464]}, "properties": {"species": "pongo_pygmaeus", "date_acq": "2026-08-09T635", "confidence": "n", "brightness": "342.68", "frp": "13.56", "daynight": "D"}}, {"type": "Feature", "geometry": {"type": "Point", "coordinates": [111.85657, 0.65698]}, "properties": {"species": "pongo_pygmaeus", "date_acq": "2026-08-09T635", "confidence": "n", "brightness": "338.77", "frp": "14.17", "daynight": "D"}}, {"type": "Feature", "geometry": {"type": "Point", "coordinates": [111.86142, 0.65775]}, "properties": {"species": "pongo_pygmaeus", "date_acq": "2026-08-09T635", "confidence": "n", "brightness": "343.32", "frp": "14.17", "daynight": "D"}}, {"type": "Feature", "geometry": {"type": "Point", "coordinates": [111.85816, 0.65932]}, "properties": {"species": "pongo_pygmaeus", "date_acq": "2026-08-09T635", "confidence": "n", "brightness": "348.35", "frp": "13.56", "daynight": "D"}}, {"type": "Feature", "geometry": {"type": "Point", "coordinates": [111.85053, 0.67735]}, "properties": {"species": "pongo_pygmaeus", "date_acq": "2026-08-09T635", "confidence": "n", "brightness": "354.33", "frp": "26.58", "daynight": "D"}}, {"type": "Feature", "geometry": {"type": "Point", "coordinates": [111.84985, 0.68204]}, "properties": {"species": "pongo_pygmaeus", "date_acq": "2026-08-09T635", "confidence": "n", "brightness": "335.43", "frp": "4.69", "daynight": "D"}}, {"type": "Feature", "geometry": {"type": "Point", "coordinates": [111.8905, 0.85783]}, "properties": {"species": "pongo_pygmaeus", "date_acq": "2026-08-09T635", "confidence": "n", "brightness": "331.57", "frp": "4.93", "daynight": "D"}}, {"type": "Feature", "geometry": {"type": "Point", "coordinates": [112.82485, 0.92707]}, "properties": {"species": "pongo_pygmaeus", "date_acq": "2026-08-09T635", "confidence": "n", "brightness": "331.94", "frp": "5.11", "daynight": "D"}}, {"type": "Feature", "geometry": {"type": "Point", "coordinates": [111.95782, 0.976]}, "properties": {"species": "pongo_pygmaeus", "date_acq": "2026-08-09T635", "confidence": "n", "brightness": "335.34", "frp": "10.15", "daynight": "D"}}, {"type": "Feature", "geometry": {"type": "Point", "coordinates": [114.13697, -2.03564]}, "properties": {"species": "pongo_pygmaeus", "date_acq": "2026-08-09T1737", "confidence": "n", "brightness": "314.03", "frp": "1.99", "daynight": "N"}}, {"type": "Feature", "geometry": {"type": "Point", "coordinates": [114.14133, -2.03211]}, "properties": {"species": "pongo_pygmaeus", "date_acq": "2026-08-09T1737", "confidence": "n", "brightness": "319.41", "frp": "6.91", "daynight": "N"}}, {"type": "Feature", "geometry": {"type": "Point", "coordinates": [114.13393, -2.0309]}, "properties": {"species": "pongo_pygmaeus", "date_acq": "2026-08-09T1737", "confidence": "n", "brightness": "314.69", "frp": "5.69", "daynight": "N"}}, {"type": "Feature", "geometry": {"type": "Point", "coordinates": [113.37776, -1.70975]}, "properties": {"species": "pongo_pygmaeus", "date_acq": "2026-08-09T1737", "confidence": "n", "brightness": "324.72", "frp": "2.36", "daynight": "N"}}, {"type": "Feature", "geometry": {"type": "Point", "coordinates": [113.37354, -1.70907]}, "properties": {"species": "pongo_pygmaeus", "date_acq": "2026-08-09T1737", "confidence": "n", "brightness": "306.78", "frp": "2.54", "daynight": "N"}}, {"type": "Feature", "geometry": {"type": "Point", "coordinates": [113.46834, -1.70655]}, "properties": {"species": "pongo_pygmaeus", "date_acq": "2026-08-09T1737", "confidence": "n", "brightness": "304.83", "frp": "1.1", "daynight": "N"}}, {"type": "Feature", "geometry": {"type": "Point", "coordinates": [110.16727, -1.45948]}, "properties": {"species": "pongo_pygmaeus", "date_acq": "2026-08-09T1737", "confidence": "n", "brightness": "312.14", "frp": "2.07", "daynight": "N"}}, {"type": "Feature", "geometry": {"type": "Point", "coordinates": [110.1717, -1.45456]}, "properties": {"species": "pongo_pygmaeus", "date_acq": "2026-08-09T1737", "confidence": "n", "brightness": "306.34", "frp": "2.46", "daynight": "N"}}, {"type": "Feature", "geometry": {"type": "Point", "coordinates": [110.16817, -1.454]}, "properties": {"species": "pongo_pygmaeus", "date_acq": "2026-08-09T1737", "confidence": "n", "brightness": "321.19", "frp": "2.07", "daynight": "N"}}, {"type": "Feature", "geometry": {"type": "Point", "coordinates": [110.16466, -1.45344]}, "properties": {"species": "pongo_pygmaeus", "date_acq": "2026-08-09T1737", "confidence": "n", "brightness": "304.49", "frp": "2.07", "daynight": "N"}}, {"type": "Feature", "geometry": {"type": "Point", "coordinates": [110.16203, -1.44739]}, "properties": {"species": "pongo_pygmaeus", "date_acq": "2026-08-09T1737", "confidence": "n", "brightness": "303.96", "frp": "0.93", "daynight": "N"}}, {"type": "Feature", "geometry": {"type": "Point", "coordinates": [110.17198, -1.43212]}, "properties": {"species": "pongo_pygmaeus", "date_acq": "2026-08-09T1737", "confidence": "n", "brightness": "310.57", "frp": "1.54", "daynight": "N"}}, {"type": "Feature", "geometry": {"type": "Point", "coordinates": [114.29046, -1.39559]}, "properties": {"species": "pongo_pygmaeus", "date_acq": "2026-08-09T1737", "confidence": "n", "brightness": "303.28", "frp": "0.54", "daynight": "N"}}, {"type": "Feature", "geometry": {"type": "Point", "coordinates": [114.26956, -1.3837]}, "properties": {"species": "pongo_pygmaeus", "date_acq": "2026-08-09T1737", "confidence": "n", "brightness": "307.48", "frp": "0.84", "daynight": "N"}}, {"type": "Feature", "geometry": {"type": "Point", "coordinates": [114.27965, -1.36836]}, "properties": {"species": "pongo_pygmaeus", "date_acq": "2026-08-09T1737", "confidence": "n", "brightness": "309.68", "frp": "0.83", "daynight": "N"}}, {"type": "Feature", "geometry": {"type": "Point", "coordinates": [114.27953, -1.36635]}, "properties": {"species": "pongo_pygmaeus", "date_acq": "2026-08-09T1737", "confidence": "n", "brightness": "307.54", "frp": "0.68", "daynight": "N"}}, {"type": "Feature", "geometry": {"type": "Point", "coordinates": [110.10982, -1.36559]}, "properties": {"species": "pongo_pygmaeus", "date_acq": "2026-08-09T1737", "confidence": "n", "brightness": "303.78", "frp": "1.5", "daynight": "N"}}, {"type": "Feature", "geometry": {"type": "Point", "coordinates": [110.09539, -1.36321]}, "properties": {"species": "pongo_pygmaeus", "date_acq": "2026-08-09T1737", "confidence": "n", "brightness": "305.37", "frp": "0.82", "daynight": "N"}}, {"type": "Feature", "geometry": {"type": "Point", "coordinates": [110.0888, -1.33406]}, "properties": {"species": "pongo_pygmaeus", "date_acq": "2026-08-09T1737", "confidence": "n", "brightness": "313.14", "frp": "1.58", "daynight": "N"}}, {"type": "Feature", "geometry": {"type": "Point", "coordinates": [110.08915, -1.33386]}, "properties": {"species": "pongo_pygmaeus", "date_acq": "2026-08-09T1737", "confidence": "n", "brightness": "312.31", "frp": "1.51", "daynight": "N"}}, {"type": "Feature", "geometry": {"type": "Point", "coordinates": [114.26628, -1.33028]}, "properties": {"species": "pongo_pygmaeus", "date_acq": "2026-08-09T1737", "confidence": "n", "brightness": "304.37", "frp": "0.61", "daynight": "N"}}, {"type": "Feature", "geometry": {"type": "Point", "coordinates": [114.26694, -1.32614]}, "properties": {"species": "pongo_pygmaeus", "date_acq": "2026-08-09T1737", "confidence": "n", "brightness": "307.02", "frp": "0.61", "daynight": "N"}}, {"type": "Feature", "geometry": {"type": "Point", "coordinates": [110.08898, -1.31144]}, "properties": {"species": "pongo_pygmaeus", "date_acq": "2026-08-09T1737", "confidence": "n", "brightness": "304.46", "frp": "0.88", "daynight": "N"}}, {"type": "Feature", "geometry": {"type": "Point", "coordinates": [114.27332, -1.31016]}, "properties": {"species": "pongo_pygmaeus", "date_acq": "2026-08-09T1737", "confidence": "n", "brightness": "324.59", "frp": "1.42", "daynight": "N"}}, {"type": "Feature", "geometry": {"type": "Point", "coordinates": [114.26097, -1.29116]}, "properties": {"species": "pongo_pygmaeus", "date_acq": "2026-08-09T1737", "confidence": "n", "brightness": "304.24", "frp": "0.24", "daynight": "N"}}, {"type": "Feature", "geometry": {"type": "Point", "coordinates": [114.19804, -1.27669]}, "properties": {"species": "pongo_pygmaeus", "date_acq": "2026-08-09T1737", "confidence": "n", "brightness": "307.69", "frp": "0.75", "daynight": "N"}}, {"type": "Feature", "geometry": {"type": "Point", "coordinates": [114.19868, -1.27252]}, "properties": {"species": "pongo_pygmaeus", "date_acq": "2026-08-09T1737", "confidence": "n", "brightness": "303.79", "frp": "0.75", "daynight": "N"}}, {"type": "Feature", "geometry": {"type": "Point", "coordinates": [113.39065, -1.23592]}, "properties": {"species": "pongo_pygmaeus", "date_acq": "2026-08-09T1737", "confidence": "n", "brightness": "302.52", "frp": "0.87", "daynight": "N"}}, {"type": "Feature", "geometry": {"type": "Point", "coordinates": [116.64589, 0.15591]}, "properties": {"species": "pongo_pygmaeus", "date_acq": "2026-08-09T1737", "confidence": "n", "brightness": "312.95", "frp": "2.06", "daynight": "N"}}, {"type": "Feature", "geometry": {"type": "Point", "coordinates": [116.64164, 0.15659]}, "properties": {"species": "pongo_pygmaeus", "date_acq": "2026-08-09T1737", "confidence": "n", "brightness": "317.12", "frp": "2.06", "daynight": "N"}}, {"type": "Feature", "geometry": {"type": "Point", "coordinates": [116.64646, 0.15957]}, "properties": {"species": "pongo_pygmaeus", "date_acq": "2026-08-09T1737", "confidence": "n", "brightness": "306.66", "frp": "1", "daynight": "N"}}, {"type": "Feature", "geometry": {"type": "Point", "coordinates": [116.63795, 0.16092]}, "properties": {"species": "pongo_pygmaeus", "date_acq": "2026-08-09T1737", "confidence": "n", "brightness": "317.03", "frp": "2.46", "daynight": "N"}}, {"type": "Feature", "geometry": {"type": "Point", "coordinates": [116.64703, 0.16322]}, "properties": {"species": "pongo_pygmaeus", "date_acq": "2026-08-09T1737", "confidence": "n", "brightness": "306.15", "frp": "1", "daynight": "N"}}, {"type": "Feature", "geometry": {"type": "Point", "coordinates": [116.63428, 0.16525]}, "properties": {"species": "pongo_pygmaeus", "date_acq": "2026-08-09T1737", "confidence": "n", "brightness": "307.13", "frp": "2.46", "daynight": "N"}}, {"type": "Feature", "geometry": {"type": "Point", "coordinates": [111.86021, 0.65746]}, "properties": {"species": "pongo_pygmaeus", "date_acq": "2026-08-09T1737", "confidence": "n", "brightness": "295.35", "frp": "0.42", "daynight": "N"}}, {"type": "Feature", "geometry": {"type": "Point", "coordinates": [117.17895, 1.69449]}, "properties": {"species": "pongo_pygmaeus", "date_acq": "2026-08-09T1737", "confidence": "n", "brightness": "301.96", "frp": "0.55", "daynight": "N"}}, {"type": "Feature", "geometry": {"type": "Point", "coordinates": [112.87885, -3.12885]}, "properties": {"species": "pongo_pygmaeus", "date_acq": "2026-08-09T1739", "confidence": "n", "brightness": "302.88", "frp": "1.94", "daynight": "N"}}, {"type": "Feature", "geometry": {"type": "Point", "coordinates": [112.87959, -3.12443]}, "properties": {"species": "pongo_pygmaeus", "date_acq": "2026-08-09T1739", "confidence": "n", "brightness": "319.39", "frp": "1.94", "daynight": "N"}}, {"type": "Feature", "geometry": {"type": "Point", "coordinates": [112.20818, -2.37181]}, "properties": {"species": "pongo_pygmaeus", "date_acq": "2026-08-09T1739", "confidence": "n", "brightness": "323.78", "frp": "3.23", "daynight": "N"}}, {"type": "Feature", "geometry": {"type": "Point", "coordinates": [112.81742, -2.35004]}, "properties": {"species": "pongo_pygmaeus", "date_acq": "2026-08-09T1739", "confidence": "h", "brightness": "367", "frp": "18.99", "daynight": "N"}}, {"type": "Feature", "geometry": {"type": "Point", "coordinates": [110.20829, -2.32226]}, "properties": {"species": "pongo_pygmaeus", "date_acq": "2026-08-09T1739", "confidence": "n", "brightness": "308.23", "frp": "7.26", "daynight": "N"}}, {"type": "Feature", "geometry": {"type": "Point", "coordinates": [110.20599, -2.31807]}, "properties": {"species": "pongo_pygmaeus", "date_acq": "2026-08-09T1739", "confidence": "h", "brightness": "367", "frp": "15.44", "daynight": "N"}}, {"type": "Feature", "geometry": {"type": "Point", "coordinates": [110.20578, -2.31632]}, "properties": {"species": "pongo_pygmaeus", "date_acq": "2026-08-09T1739", "confidence": "n", "brightness": "339.89", "frp": "7.26", "daynight": "N"}}, {"type": "Feature", "geometry": {"type": "Point", "coordinates": [110.27868, -2.25649]}, "properties": {"species": "pongo_pygmaeus", "date_acq": "2026-08-09T1739", "confidence": "n", "brightness": "307.3", "frp": "1.59", "daynight": "N"}}, {"type": "Feature", "geometry": {"type": "Point", "coordinates": [110.27955, -2.25112]}, "properties": {"species": "pongo_pygmaeus", "date_acq": "2026-08-09T1739", "confidence": "n", "brightness": "310.17", "frp": "1.59", "daynight": "N"}}, {"type": "Feature", "geometry": {"type": "Point", "coordinates": [111.2798, -1.98836]}, "properties": {"species": "pongo_pygmaeus", "date_acq": "2026-08-09T1739", "confidence": "n", "brightness": "302.66", "frp": "1.37", "daynight": "N"}}, {"type": "Feature", "geometry": {"type": "Point", "coordinates": [111.27386, -1.98737]}, "properties": {"species": "pongo_pygmaeus", "date_acq": "2026-08-09T1739", "confidence": "n", "brightness": "317.65", "frp": "1.17", "daynight": "N"}}, {"type": "Feature", "geometry": {"type": "Point", "coordinates": [111.27468, -1.98233]}, "properties": {"species": "pongo_pygmaeus", "date_acq": "2026-08-09T1739", "confidence": "n", "brightness": "305.51", "frp": "0.51", "daynight": "N"}}, {"type": "Feature", "geometry": {"type": "Point", "coordinates": [110.22387, -1.97557]}, "properties": {"species": "pongo_pygmaeus", "date_acq": "2026-08-09T1739", "confidence": "n", "brightness": "295.92", "frp": "0.89", "daynight": "N"}}, {"type": "Feature", "geometry": {"type": "Point", "coordinates": [110.14993, -1.90764]}, "properties": {"species": "pongo_pygmaeus", "date_acq": "2026-08-09T1739", "confidence": "n", "brightness": "304.75", "frp": "1", "daynight": "N"}}, {"type": "Feature", "geometry": {"type": "Point", "coordinates": [110.15259, -1.8963]}, "properties": {"species": "pongo_pygmaeus", "date_acq": "2026-08-09T1739", "confidence": "n", "brightness": "296.67", "frp": "0.93", "daynight": "N"}}, {"type": "Feature", "geometry": {"type": "Point", "coordinates": [110.13857, -1.89406]}, "properties": {"species": "pongo_pygmaeus", "date_acq": "2026-08-09T1739", "confidence": "n", "brightness": "301.73", "frp": "1.61", "daynight": "N"}}, {"type": "Feature", "geometry": {"type": "Point", "coordinates": [110.15263, -1.89132]}, "properties": {"species": "pongo_pygmaeus", "date_acq": "2026-08-09T1739", "confidence": "n", "brightness": "304.95", "frp": "1.47", "daynight": "N"}}, {"type": "Feature", "geometry": {"type": "Point", "coordinates": [110.15349, -1.89085]}, "properties": {"species": "pongo_pygmaeus", "date_acq": "2026-08-09T1739", "confidence": "n", "brightness": "299.91", "frp": "0.93", "daynight": "N"}}, {"type": "Feature", "geometry": {"type": "Point", "coordinates": [110.14915, -1.89073]}, "properties": {"species": "pongo_pygmaeus", "date_acq": "2026-08-09T1739", "confidence": "n", "brightness": "307.55", "frp": "1.47", "daynight": "N"}}, {"type": "Feature", "geometry": {"type": "Point", "coordinates": [110.14999, -1.89029]}, "properties": {"species": "pongo_pygmaeus", "date_acq": "2026-08-09T1739", "confidence": "n", "brightness": "311.89", "frp": "0.93", "daynight": "N"}}, {"type": "Feature", "geometry": {"type": "Point", "coordinates": [110.14648, -1.88973]}, "properties": {"species": "pongo_pygmaeus", "date_acq": "2026-08-09T1739", "confidence": "n", "brightness": "309.72", "frp": "2.57", "daynight": "N"}}, {"type": "Feature", "geometry": {"type": "Point", "coordinates": [110.13866, -1.88897]}, "properties": {"species": "pongo_pygmaeus", "date_acq": "2026-08-09T1739", "confidence": "n", "brightness": "302.6", "frp": "0.84", "daynight": "N"}}, {"type": "Feature", "geometry": {"type": "Point", "coordinates": [110.157, -1.88646]}, "properties": {"species": "pongo_pygmaeus", "date_acq": "2026-08-09T1739", "confidence": "n", "brightness": "299.07", "frp": "1.15", "daynight": "N"}}, {"type": "Feature", "geometry": {"type": "Point", "coordinates": [110.15786, -1.88597]}, "properties": {"species": "pongo_pygmaeus", "date_acq": "2026-08-09T1739", "confidence": "n", "brightness": "300.26", "frp": "1.13", "daynight": "N"}}, {"type": "Feature", "geometry": {"type": "Point", "coordinates": [110.15438, -1.88541]}, "properties": {"species": "pongo_pygmaeus", "date_acq": "2026-08-09T1739", "confidence": "n", "brightness": "297.46", "frp": "1.01", "daynight": "N"}}, {"type": "Feature", "geometry": {"type": "Point", "coordinates": [110.15005, -1.88529]}, "properties": {"species": "pongo_pygmaeus", "date_acq": "2026-08-09T1739", "confidence": "n", "brightness": "311.89", "frp": "1.47", "daynight": "N"}}, {"type": "Feature", "geometry": {"type": "Point", "coordinates": [110.15089, -1.88485]}, "properties": {"species": "pongo_pygmaeus", "date_acq": "2026-08-09T1739", "confidence": "n", "brightness": "301.21", "frp": "1.01", "daynight": "N"}}, {"type": "Feature", "geometry": {"type": "Point", "coordinates": [110.14657, -1.8847]}, "properties": {"species": "pongo_pygmaeus", "date_acq": "2026-08-09T1739", "confidence": "n", "brightness": "307.93", "frp": "3.58", "daynight": "N"}}, {"type": "Feature", "geometry": {"type": "Point", "coordinates": [110.14741, -1.88429]}, "properties": {"species": "pongo_pygmaeus", "date_acq": "2026-08-09T1739", "confidence": "n", "brightness": "315.37", "frp": "2.39", "daynight": "N"}}, {"type": "Feature", "geometry": {"type": "Point", "coordinates": [110.15789, -1.88101]}, "properties": {"species": "pongo_pygmaeus", "date_acq": "2026-08-09T1739", "confidence": "n", "brightness": "306.6", "frp": "2.03", "daynight": "N"}}, {"type": "Feature", "geometry": {"type": "Point", "coordinates": [110.15876, -1.88052]}, "properties": {"species": "pongo_pygmaeus", "date_acq": "2026-08-09T1739", "confidence": "n", "brightness": "308.75", "frp": "1.13", "daynight": "N"}}, {"type": "Feature", "geometry": {"type": "Point", "coordinates": [110.15443, -1.88043]}, "properties": {"species": "pongo_pygmaeus", "date_acq": "2026-08-09T1739", "confidence": "n", "brightness": "314.02", "frp": "1.94", "daynight": "N"}}, {"type": "Feature", "geometry": {"type": "Point", "coordinates": [110.1553, -1.87997]}, "properties": {"species": "pongo_pygmaeus", "date_acq": "2026-08-09T1739", "confidence": "n", "brightness": "312.29", "frp": "1.01", "daynight": "N"}}, {"type": "Feature", "geometry": {"type": "Point", "coordinates": [110.15096, -1.87985]}, "properties": {"species": "pongo_pygmaeus", "date_acq": "2026-08-09T1739", "confidence": "n", "brightness": "303.14", "frp": "1.94", "daynight": "N"}}, {"type": "Feature", "geometry": {"type": "Point", "coordinates": [110.15182, -1.87941]}, "properties": {"species": "pongo_pygmaeus", "date_acq": "2026-08-09T1739", "confidence": "n", "brightness": "305.28", "frp": "1.01", "daynight": "N"}}, {"type": "Feature", "geometry": {"type": "Point", "coordinates": [110.16224, -1.87616]}, "properties": {"species": "pongo_pygmaeus", "date_acq": "2026-08-09T1739", "confidence": "n", "brightness": "310.59", "frp": "2.03", "daynight": "N"}}, {"type": "Feature", "geometry": {"type": "Point", "coordinates": [110.16313, -1.87564]}, "properties": {"species": "pongo_pygmaeus", "date_acq": "2026-08-09T1739", "confidence": "n", "brightness": "296.87", "frp": "1.64", "daynight": "N"}}, {"type": "Feature", "geometry": {"type": "Point", "coordinates": [110.15879, -1.87557]}, "properties": {"species": "pongo_pygmaeus", "date_acq": "2026-08-09T1739", "confidence": "n", "brightness": "326.53", "frp": "2.03", "daynight": "N"}}, {"type": "Feature", "geometry": {"type": "Point", "coordinates": [110.15968, -1.87508]}, "properties": {"species": "pongo_pygmaeus", "date_acq": "2026-08-09T1739", "confidence": "n", "brightness": "323.35", "frp": "1.64", "daynight": "N"}}, {"type": "Feature", "geometry": {"type": "Point", "coordinates": [110.15534, -1.87499]}, "properties": {"species": "pongo_pygmaeus", "date_acq": "2026-08-09T1739", "confidence": "n", "brightness": "316.35", "frp": "1.94", "daynight": "N"}}, {"type": "Feature", "geometry": {"type": "Point", "coordinates": [110.15622, -1.87452]}, "properties": {"species": "pongo_pygmaeus", "date_acq": "2026-08-09T1739", "confidence": "n", "brightness": "328.61", "frp": "4.06", "daynight": "N"}}, {"type": "Feature", "geometry": {"type": "Point", "coordinates": [111.27251, -1.87427]}, "properties": {"species": "pongo_pygmaeus", "date_acq": "2026-08-09T1739", "confidence": "n", "brightness": "304.44", "frp": "0.72", "daynight": "N"}}, {"type": "Feature", "geometry": {"type": "Point", "coordinates": [110.1684, -1.86531]}, "properties": {"species": "pongo_pygmaeus", "date_acq": "2026-08-09T1739", "confidence": "n", "brightness": "299.76", "frp": "0.51", "daynight": "N"}}, {"type": "Feature", "geometry": {"type": "Point", "coordinates": [111.35349, -1.86296]}, "properties": {"species": "pongo_pygmaeus", "date_acq": "2026-08-09T1739", "confidence": "n", "brightness": "304.09", "frp": "1.27", "daynight": "N"}}, {"type": "Feature", "geometry": {"type": "Point", "coordinates": [111.35882, -1.86281]}, "properties": {"species": "pongo_pygmaeus", "date_acq": "2026-08-09T1739", "confidence": "n", "brightness": "302.75", "frp": "2.45", "daynight": "N"}}, {"type": "Feature", "geometry": {"type": "Point", "coordinates": [111.55422, -1.77802]}, "properties": {"species": "pongo_pygmaeus", "date_acq": "2026-08-09T1739", "confidence": "n", "brightness": "306.54", "frp": "2.56", "daynight": "N"}}, {"type": "Feature", "geometry": {"type": "Point", "coordinates": [111.55581, -1.77745]}, "properties": {"species": "pongo_pygmaeus", "date_acq": "2026-08-09T1739", "confidence": "n", "brightness": "303.04", "frp": "1.91", "daynight": "N"}}, {"type": "Feature", "geometry": {"type": "Point", "coordinates": [111.52702, -1.74224]}, "properties": {"species": "pongo_pygmaeus", "date_acq": "2026-08-09T1739", "confidence": "n", "brightness": "307.02", "frp": "2.29", "daynight": "N"}}, {"type": "Feature", "geometry": {"type": "Point", "coordinates": [110.2556, -1.72759]}, "properties": {"species": "pongo_pygmaeus", "date_acq": "2026-08-09T1739", "confidence": "n", "brightness": "310.88", "frp": "4.26", "daynight": "N"}}, {"type": "Feature", "geometry": {"type": "Point", "coordinates": [110.25214, -1.72702]}, "properties": {"species": "pongo_pygmaeus", "date_acq": "2026-08-09T1739", "confidence": "n", "brightness": "322.87", "frp": "3.6", "daynight": "N"}}, {"type": "Feature", "geometry": {"type": "Point", "coordinates": [110.24868, -1.72645]}, "properties": {"species": "pongo_pygmaeus", "date_acq": "2026-08-09T1739", "confidence": "n", "brightness": "304.76", "frp": "3.6", "daynight": "N"}}, {"type": "Feature", "geometry": {"type": "Point", "coordinates": [110.25996, -1.72274]}, "properties": {"species": "pongo_pygmaeus", "date_acq": "2026-08-09T1739", "confidence": "n", "brightness": "336.23", "frp": "4.26", "daynight": "N"}}, {"type": "Feature", "geometry": {"type": "Point", "coordinates": [111.53039, -1.72238]}, "properties": {"species": "pongo_pygmaeus", "date_acq": "2026-08-09T1739", "confidence": "n", "brightness": "303.43", "frp": "0.92", "daynight": "N"}}, {"type": "Feature", "geometry": {"type": "Point", "coordinates": [110.25651, -1.72217]}, "properties": {"species": "pongo_pygmaeus", "date_acq": "2026-08-09T1739", "confidence": "n", "brightness": "351.35", "frp": "4.26", "daynight": "N"}}, {"type": "Feature", "geometry": {"type": "Point", "coordinates": [110.25306, -1.7216]}, "properties": {"species": "pongo_pygmaeus", "date_acq": "2026-08-09T1739", "confidence": "n", "brightness": "329.64", "frp": "3.6", "daynight": "N"}}, {"type": "Feature", "geometry": {"type": "Point", "coordinates": [110.26431, -1.7179]}, "properties": {"species": "pongo_pygmaeus", "date_acq": "2026-08-09T1739", "confidence": "n", "brightness": "297.25", "frp": "1.26", "daynight": "N"}}, {"type": "Feature", "geometry": {"type": "Point", "coordinates": [110.26086, -1.71732]}, "properties": {"species": "pongo_pygmaeus", "date_acq": "2026-08-09T1739", "confidence": "n", "brightness": "345.31", "frp": "3.43", "daynight": "N"}}, {"type": "Feature", "geometry": {"type": "Point", "coordinates": [110.2574, -1.71675]}, "properties": {"species": "pongo_pygmaeus", "date_acq": "2026-08-09T1739", "confidence": "n", "brightness": "317.38", "frp": "3.43", "daynight": "N"}}, {"type": "Feature", "geometry": {"type": "Point", "coordinates": [110.25391, -1.71617]}, "properties": {"species": "pongo_pygmaeus", "date_acq": "2026-08-09T1739", "confidence": "n", "brightness": "297.48", "frp": "0.36", "daynight": "N"}}, {"type": "Feature", "geometry": {"type": "Point", "coordinates": [110.25043, -1.7156]}, "properties": {"species": "pongo_pygmaeus", "date_acq": "2026-08-09T1739", "confidence": "n", "brightness": "297.1", "frp": "0.36", "daynight": "N"}}, {"type": "Feature", "geometry": {"type": "Point", "coordinates": [110.06352, -1.71284]}, "properties": {"species": "pongo_pygmaeus", "date_acq": "2026-08-09T1739", "confidence": "n", "brightness": "301.33", "frp": "0.92", "daynight": "N"}}, {"type": "Feature", "geometry": {"type": "Point", "coordinates": [110.06445, -1.70735]}, "properties": {"species": "pongo_pygmaeus", "date_acq": "2026-08-09T1739", "confidence": "n", "brightness": "306.01", "frp": "0.59", "daynight": "N"}}, {"type": "Feature", "geometry": {"type": "Point", "coordinates": [110.16663, -1.4593]}, "properties": {"species": "pongo_pygmaeus", "date_acq": "2026-08-09T1739", "confidence": "n", "brightness": "299.44", "frp": "1.65", "daynight": "N"}}, {"type": "Feature", "geometry": {"type": "Point", "coordinates": [110.17104, -1.45441]}, "properties": {"species": "pongo_pygmaeus", "date_acq": "2026-08-09T1739", "confidence": "n", "brightness": "313.17", "frp": "2.36", "daynight": "N"}}, {"type": "Feature", "geometry": {"type": "Point", "coordinates": [110.16753, -1.45382]}, "properties": {"species": "pongo_pygmaeus", "date_acq": "2026-08-09T1739", "confidence": "n", "brightness": "317.94", "frp": "3.75", "daynight": "N"}}, {"type": "Feature", "geometry": {"type": "Point", "coordinates": [110.16138, -1.44716]}, "properties": {"species": "pongo_pygmaeus", "date_acq": "2026-08-09T1739", "confidence": "n", "brightness": "308.22", "frp": "1.77", "daynight": "N"}}, {"type": "Feature", "geometry": {"type": "Point", "coordinates": [112.88248, -3.12367]}, "properties": {"species": "pongo_pygmaeus", "date_acq": "2026-08-10T616", "confidence": "n", "brightness": "349.06", "frp": "7.91", "daynight": "D"}}, {"type": "Feature", "geometry": {"type": "Point", "coordinates": [111.9625, -3.11991]}, "properties": {"species": "pongo_pygmaeus", "date_acq": "2026-08-10T616", "confidence": "n", "brightness": "347.1", "frp": "16.64", "daynight": "D"}}, {"type": "Feature", "geometry": {"type": "Point", "coordinates": [112.855, -3.02364]}, "properties": {"species": "pongo_pygmaeus", "date_acq": "2026-08-10T616", "confidence": "n", "brightness": "335.29", "frp": "3.67", "daynight": "D"}}, {"type": "Feature", "geometry": {"type": "Point", "coordinates": [112.85893, -3.02303]}, "properties": {"species": "pongo_pygmaeus", "date_acq": "2026-08-10T616", "confidence": "n", "brightness": "338.96", "frp": "3.67", "daynight": "D"}}, {"type": "Feature", "geometry": {"type": "Point", "coordinates": [112.85446, -3.02011]}, "properties": {"species": "pongo_pygmaeus", "date_acq": "2026-08-10T616", "confidence": "n", "brightness": "352.45", "frp": "47.97", "daynight": "D"}}, {"type": "Feature", "geometry": {"type": "Point", "coordinates": [112.42503, -2.94292]}, "properties": {"species": "pongo_pygmaeus", "date_acq": "2026-08-10T616", "confidence": "n", "brightness": "335.41", "frp": "6.61", "daynight": "D"}}, {"type": "Feature", "geometry": {"type": "Point", "coordinates": [112.2865, -2.94144]}, "properties": {"species": "pongo_pygmaeus", "date_acq": "2026-08-10T616", "confidence": "n", "brightness": "344.12", "frp": "13.48", "daynight": "D"}}, {"type": "Feature", "geometry": {"type": "Point", "coordinates": [112.28601, -2.9399]}, "properties": {"species": "pongo_pygmaeus", "date_acq": "2026-08-10T616", "confidence": "n", "brightness": "339.44", "frp": "8.04", "daynight": "D"}}, {"type": "Feature", "geometry": {"type": "Point", "coordinates": [112.28596, -2.93799]}, "properties": {"species": "pongo_pygmaeus", "date_acq": "2026-08-10T616", "confidence": "n", "brightness": "345.1", "frp": "13.48", "daynight": "D"}}, {"type": "Feature", "geometry": {"type": "Point", "coordinates": [113.37461, -2.59986]}, "properties": {"species": "pongo_pygmaeus", "date_acq": "2026-08-10T616", "confidence": "n", "brightness": "331.74", "frp": "3.75", "daynight": "D"}}, {"type": "Feature", "geometry": {"type": "Point", "coordinates": [113.37405, -2.59623]}, "properties": {"species": "pongo_pygmaeus", "date_acq": "2026-08-10T616", "confidence": "n", "brightness": "343.47", "frp": "3.75", "daynight": "D"}}, {"type": "Feature", "geometry": {"type": "Point", "coordinates": [112.16395, -2.49262]}, "properties": {"species": "pongo_pygmaeus", "date_acq": "2026-08-10T616", "confidence": "n", "brightness": "336.6", "frp": "5.89", "daynight": "D"}}, {"type": "Feature", "geometry": {"type": "Point", "coordinates": [112.63898, -2.41224]}, "properties": {"species": "pongo_pygmaeus", "date_acq": "2026-08-10T616", "confidence": "n", "brightness": "330.88", "frp": "1.74", "daynight": "D"}}, {"type": "Feature", "geometry": {"type": "Point", "coordinates": [111.41565, -2.38441]}, "properties": {"species": "pongo_pygmaeus", "date_acq": "2026-08-10T616", "confidence": "n", "brightness": "347.5", "frp": "5.97", "daynight": "D"}}, {"type": "Feature", "geometry": {"type": "Point", "coordinates": [112.21012, -2.37012]}, "properties": {"species": "pongo_pygmaeus", "date_acq": "2026-08-10T616", "confidence": "n", "brightness": "337.97", "frp": "4.32", "daynight": "D"}}, {"type": "Feature", "geometry": {"type": "Point", "coordinates": [110.20692, -2.31927]}, "properties": {"species": "pongo_pygmaeus", "date_acq": "2026-08-10T616", "confidence": "n", "brightness": "339.2", "frp": "64.93", "daynight": "D"}}, {"type": "Feature", "geometry": {"type": "Point", "coordinates": [110.20641, -2.31595]}, "properties": {"species": "pongo_pygmaeus", "date_acq": "2026-08-10T616", "confidence": "h", "brightness": "367", "frp": "64.93", "daynight": "D"}}, {"type": "Feature", "geometry": {"type": "Point", "coordinates": [110.27483, -2.255]}, "properties": {"species": "pongo_pygmaeus", "date_acq": "2026-08-10T616", "confidence": "n", "brightness": "335.2", "frp": "5.72", "daynight": "D"}}, {"type": "Feature", "geometry": {"type": "Point", "coordinates": [110.2783, -2.25447]}, "properties": {"species": "pongo_pygmaeus", "date_acq": "2026-08-10T616", "confidence": "h", "brightness": "367", "frp": "8.16", "daynight": "D"}}, {"type": "Feature", "geometry": {"type": "Point", "coordinates": [110.28175, -2.25395]}, "properties": {"species": "pongo_pygmaeus", "date_acq": "2026-08-10T616", "confidence": "n", "brightness": "350.89", "frp": "8.16", "daynight": "D"}}, {"type": "Feature", "geometry": {"type": "Point", "coordinates": [110.27779, -2.25115]}, "properties": {"species": "pongo_pygmaeus", "date_acq": "2026-08-10T616", "confidence": "n", "brightness": "343.39", "frp": "8.16", "daynight": "D"}}, {"type": "Feature", "geometry": {"type": "Point", "coordinates": [110.28124, -2.25062]}, "properties": {"species": "pongo_pygmaeus", "date_acq": "2026-08-10T616", "confidence": "n", "brightness": "355.22", "frp": "8.16", "daynight": "D"}}, {"type": "Feature", "geometry": {"type": "Point", "coordinates": [110.2847, -2.25009]}, "properties": {"species": "pongo_pygmaeus", "date_acq": "2026-08-10T616", "confidence": "n", "brightness": "336.7", "frp": "5.79", "daynight": "D"}}, {"type": "Feature", "geometry": {"type": "Point", "coordinates": [111.10073, -2.08753]}, "properties": {"species": "pongo_pygmaeus", "date_acq": "2026-08-10T616", "confidence": "n", "brightness": "345.08", "frp": "11.5", "daynight": "D"}}, {"type": "Feature", "geometry": {"type": "Point", "coordinates": [111.28412, -2.03173]}, "properties": {"species": "pongo_pygmaeus", "date_acq": "2026-08-10T616", "confidence": "n", "brightness": "336.2", "frp": "1.84", "daynight": "D"}}, {"type": "Feature", "geometry": {"type": "Point", "coordinates": [114.85793, -2.03063]}, "properties": {"species": "pongo_pygmaeus", "date_acq": "2026-08-10T616", "confidence": "n", "brightness": "335.35", "frp": "5.72", "daynight": "D"}}, {"type": "Feature", "geometry": {"type": "Point", "coordinates": [111.27567, -2.00444]}, "properties": {"species": "pongo_pygmaeus", "date_acq": "2026-08-10T616", "confidence": "n", "brightness": "337.4", "frp": "4.84", "daynight": "D"}}, {"type": "Feature", "geometry": {"type": "Point", "coordinates": [111.28125, -1.99323]}, "properties": {"species": "pongo_pygmaeus", "date_acq": "2026-08-10T616", "confidence": "n", "brightness": "339.07", "frp": "9.47", "daynight": "D"}}, {"type": "Feature", "geometry": {"type": "Point", "coordinates": [110.30047, -1.99062]}, "properties": {"species": "pongo_pygmaeus", "date_acq": "2026-08-10T616", "confidence": "n", "brightness": "334.51", "frp": "3.84", "daynight": "D"}}, {"type": "Feature", "geometry": {"type": "Point", "coordinates": [111.28074, -1.98986]}, "properties": {"species": "pongo_pygmaeus", "date_acq": "2026-08-10T616", "confidence": "n", "brightness": "344.76", "frp": "9.47", "daynight": "D"}}, {"type": "Feature", "geometry": {"type": "Point", "coordinates": [111.27314, -1.98758]}, "properties": {"species": "pongo_pygmaeus", "date_acq": "2026-08-10T616", "confidence": "n", "brightness": "354.2", "frp": "7.06", "daynight": "D"}}, {"type": "Feature", "geometry": {"type": "Point", "coordinates": [111.27617, -1.98366]}, "properties": {"species": "pongo_pygmaeus", "date_acq": "2026-08-10T616", "confidence": "l", "brightness": "330.3", "frp": "7.06", "daynight": "D"}}, {"type": "Feature", "geometry": {"type": "Point", "coordinates": [110.2002, -1.98212]}, "properties": {"species": "pongo_pygmaeus", "date_acq": "2026-08-10T616", "confidence": "n", "brightness": "348.24", "frp": "8.78", "daynight": "D"}}, {"type": "Feature", "geometry": {"type": "Point", "coordinates": [110.20364, -1.98159]}, "properties": {"species": "pongo_pygmaeus", "date_acq": "2026-08-10T616", "confidence": "n", "brightness": "348.91", "frp": "8.78", "daynight": "D"}}, {"type": "Feature", "geometry": {"type": "Point", "coordinates": [110.19077, -1.96654]}, "properties": {"species": "pongo_pygmaeus", "date_acq": "2026-08-10T616", "confidence": "n", "brightness": "347.7", "frp": "8.09", "daynight": "D"}}, {"type": "Feature", "geometry": {"type": "Point", "coordinates": [110.18919, -1.96112]}, "properties": {"species": "pongo_pygmaeus", "date_acq": "2026-08-10T616", "confidence": "n", "brightness": "347.1", "frp": "6.06", "daynight": "D"}}, {"type": "Feature", "geometry": {"type": "Point", "coordinates": [110.19303, -1.91628]}, "properties": {"species": "pongo_pygmaeus", "date_acq": "2026-08-10T616", "confidence": "n", "brightness": "340.17", "frp": "5.41", "daynight": "D"}}, {"type": "Feature", "geometry": {"type": "Point", "coordinates": [110.18217, -1.91454]}, "properties": {"species": "pongo_pygmaeus", "date_acq": "2026-08-10T616", "confidence": "l", "brightness": "338.34", "frp": "7.88", "daynight": "D"}}, {"type": "Feature", "geometry": {"type": "Point", "coordinates": [110.14957, -1.90931]}, "properties": {"species": "pongo_pygmaeus", "date_acq": "2026-08-10T616", "confidence": "n", "brightness": "353.52", "frp": "8.42", "daynight": "D"}}, {"type": "Feature", "geometry": {"type": "Point", "coordinates": [110.14906, -1.90598]}, "properties": {"species": "pongo_pygmaeus", "date_acq": "2026-08-10T616", "confidence": "n", "brightness": "349.56", "frp": "8.42", "daynight": "D"}}, {"type": "Feature", "geometry": {"type": "Point", "coordinates": [110.13029, -1.89864]}, "properties": {"species": "pongo_pygmaeus", "date_acq": "2026-08-10T616", "confidence": "l", "brightness": "336.49", "frp": "3.28", "daynight": "D"}}, {"type": "Feature", "geometry": {"type": "Point", "coordinates": [110.13374, -1.89812]}, "properties": {"species": "pongo_pygmaeus", "date_acq": "2026-08-10T616", "confidence": "l", "brightness": "339.5", "frp": "3.28", "daynight": "D"}}, {"type": "Feature", "geometry": {"type": "Point", "coordinates": [110.12978, -1.89532]}, "properties": {"species": "pongo_pygmaeus", "date_acq": "2026-08-10T616", "confidence": "n", "brightness": "340.88", "frp": "3.28", "daynight": "D"}}, {"type": "Feature", "geometry": {"type": "Point", "coordinates": [111.92292, -1.8951]}, "properties": {"species": "pongo_pygmaeus", "date_acq": "2026-08-10T616", "confidence": "l", "brightness": "332.93", "frp": "3.69", "daynight": "D"}}, {"type": "Feature", "geometry": {"type": "Point", "coordinates": [110.15446, -1.89495]}, "properties": {"species": "pongo_pygmaeus", "date_acq": "2026-08-10T616", "confidence": "l", "brightness": "338.64", "frp": "5.35", "daynight": "D"}}, {"type": "Feature", "geometry": {"type": "Point", "coordinates": [110.14014, -1.89373]}, "properties": {"species": "pongo_pygmaeus", "date_acq": "2026-08-10T616", "confidence": "n", "brightness": "339", "frp": "6.42", "daynight": "D"}}, {"type": "Feature", "geometry": {"type": "Point", "coordinates": [110.91525, -1.89295]}, "properties": {"species": "pongo_pygmaeus", "date_acq": "2026-08-10T616", "confidence": "l", "brightness": "332.12", "frp": "2.82", "daynight": "D"}}, {"type": "Feature", "geometry": {"type": "Point", "coordinates": [110.15051, -1.89215]}, "properties": {"species": "pongo_pygmaeus", "date_acq": "2026-08-10T616", "confidence": "n", "brightness": "346.85", "frp": "5.35", "daynight": "D"}}, {"type": "Feature", "geometry": {"type": "Point", "coordinates": [110.13964, -1.8904]}, "properties": {"species": "pongo_pygmaeus", "date_acq": "2026-08-10T616", "confidence": "n", "brightness": "347.12", "frp": "7.3", "daynight": "D"}}, {"type": "Feature", "geometry": {"type": "Point", "coordinates": [110.15, -1.88882]}, "properties": {"species": "pongo_pygmaeus", "date_acq": "2026-08-10T616", "confidence": "l", "brightness": "339.13", "frp": "5.21", "daynight": "D"}}, {"type": "Feature", "geometry": {"type": "Point", "coordinates": [110.15346, -1.88829]}, "properties": {"species": "pongo_pygmaeus", "date_acq": "2026-08-10T616", "confidence": "l", "brightness": "341.11", "frp": "5.21", "daynight": "D"}}, {"type": "Feature", "geometry": {"type": "Point", "coordinates": [110.16037, -1.88723]}, "properties": {"species": "pongo_pygmaeus", "date_acq": "2026-08-10T616", "confidence": "n", "brightness": "351", "frp": "8.81", "daynight": "D"}}, {"type": "Feature", "geometry": {"type": "Point", "coordinates": [111.26841, -1.88695]}, "properties": {"species": "pongo_pygmaeus", "date_acq": "2026-08-10T616", "confidence": "n", "brightness": "337.19", "frp": "3.69", "daynight": "D"}}, {"type": "Feature", "geometry": {"type": "Point", "coordinates": [110.14951, -1.88549]}, "properties": {"species": "pongo_pygmaeus", "date_acq": "2026-08-10T616", "confidence": "n", "brightness": "352.66", "frp": "5.21", "daynight": "D"}}, {"type": "Feature", "geometry": {"type": "Point", "coordinates": [110.15987, -1.88391]}, "properties": {"species": "pongo_pygmaeus", "date_acq": "2026-08-10T616", "confidence": "n", "brightness": "347.24", "frp": "8.81", "daynight": "D"}}, {"type": "Feature", "geometry": {"type": "Point", "coordinates": [110.15246, -1.88164]}, "properties": {"species": "pongo_pygmaeus", "date_acq": "2026-08-10T616", "confidence": "n", "brightness": "350.98", "frp": "8.37", "daynight": "D"}}, {"type": "Feature", "geometry": {"type": "Point", "coordinates": [110.15591, -1.88111]}, "properties": {"species": "pongo_pygmaeus", "date_acq": "2026-08-10T616", "confidence": "n", "brightness": "354.28", "frp": "4.86", "daynight": "D"}}, {"type": "Feature", "geometry": {"type": "Point", "coordinates": [110.15937, -1.88058]}, "properties": {"species": "pongo_pygmaeus", "date_acq": "2026-08-10T616", "confidence": "n", "brightness": "345.05", "frp": "4.86", "daynight": "D"}}, {"type": "Feature", "geometry": {"type": "Point", "coordinates": [110.16282, -1.88005]}, "properties": {"species": "pongo_pygmaeus", "date_acq": "2026-08-10T616", "confidence": "n", "brightness": "340.84", "frp": "12.16", "daynight": "D"}}, {"type": "Feature", "geometry": {"type": "Point", "coordinates": [110.1554, -1.87778]}, "properties": {"species": "pongo_pygmaeus", "date_acq": "2026-08-10T616", "confidence": "n", "brightness": "338.47", "frp": "4.86", "daynight": "D"}}, {"type": "Feature", "geometry": {"type": "Point", "coordinates": [110.15886, -1.87725]}, "properties": {"species": "pongo_pygmaeus", "date_acq": "2026-08-10T616", "confidence": "n", "brightness": "339.63", "frp": "4.86", "daynight": "D"}}, {"type": "Feature", "geometry": {"type": "Point", "coordinates": [110.16232, -1.87672]}, "properties": {"species": "pongo_pygmaeus", "date_acq": "2026-08-10T616", "confidence": "n", "brightness": "346.57", "frp": "12.16", "daynight": "D"}}, {"type": "Feature", "geometry": {"type": "Point", "coordinates": [111.27043, -1.87629]}, "properties": {"species": "pongo_pygmaeus", "date_acq": "2026-08-10T616", "confidence": "l", "brightness": "344.92", "frp": "62.77", "daynight": "D"}}, {"type": "Feature", "geometry": {"type": "Point", "coordinates": [110.15836, -1.87393]}, "properties": {"species": "pongo_pygmaeus", "date_acq": "2026-08-10T616", "confidence": "n", "brightness": "355.35", "frp": "19.7", "daynight": "D"}}, {"type": "Feature", "geometry": {"type": "Point", "coordinates": [110.16181, -1.8734]}, "properties": {"species": "pongo_pygmaeus", "date_acq": "2026-08-10T616", "confidence": "n", "brightness": "337.75", "frp": "6.49", "daynight": "D"}}, {"type": "Feature", "geometry": {"type": "Point", "coordinates": [111.26991, -1.87292]}, "properties": {"species": "pongo_pygmaeus", "date_acq": "2026-08-10T616", "confidence": "n", "brightness": "346.45", "frp": "8.35", "daynight": "D"}}, {"type": "Feature", "geometry": {"type": "Point", "coordinates": [110.16772, -1.86569]}, "properties": {"species": "pongo_pygmaeus", "date_acq": "2026-08-10T616", "confidence": "l", "brightness": "334.26", "frp": "5.48", "daynight": "D"}}, {"type": "Feature", "geometry": {"type": "Point", "coordinates": [111.35252, -1.86372]}, "properties": {"species": "pongo_pygmaeus", "date_acq": "2026-08-10T616", "confidence": "l", "brightness": "333.97", "frp": "3.95", "daynight": "D"}}, {"type": "Feature", "geometry": {"type": "Point", "coordinates": [111.3561, -1.86317]}, "properties": {"species": "pongo_pygmaeus", "date_acq": "2026-08-10T616", "confidence": "n", "brightness": "353.27", "frp": "5.07", "daynight": "D"}}, {"type": "Feature", "geometry": {"type": "Point", "coordinates": [111.35968, -1.86263]}, "properties": {"species": "pongo_pygmaeus", "date_acq": "2026-08-10T616", "confidence": "l", "brightness": "331.9", "frp": "5.07", "daynight": "D"}}, {"type": "Feature", "geometry": {"type": "Point", "coordinates": [111.36326, -1.86208]}, "properties": {"species": "pongo_pygmaeus", "date_acq": "2026-08-10T616", "confidence": "n", "brightness": "348.34", "frp": "10.49", "daynight": "D"}}, {"type": "Feature", "geometry": {"type": "Point", "coordinates": [111.36683, -1.86153]}, "properties": {"species": "pongo_pygmaeus", "date_acq": "2026-08-10T616", "confidence": "n", "brightness": "341.57", "frp": "10.49", "daynight": "D"}}, {"type": "Feature", "geometry": {"type": "Point", "coordinates": [111.37397, -1.86044]}, "properties": {"species": "pongo_pygmaeus", "date_acq": "2026-08-10T616", "confidence": "l", "brightness": "333.19", "frp": "4.12", "daynight": "D"}}, {"type": "Feature", "geometry": {"type": "Point", "coordinates": [111.352, -1.86034]}, "properties": {"species": "pongo_pygmaeus", "date_acq": "2026-08-10T616", "confidence": "l", "brightness": "335.02", "frp": "5.62", "daynight": "D"}}, {"type": "Feature", "geometry": {"type": "Point", "coordinates": [110.27289, -1.85981]}, "properties": {"species": "pongo_pygmaeus", "date_acq": "2026-08-10T616", "confidence": "l", "brightness": "336.72", "frp": "3.26", "daynight": "D"}}, {"type": "Feature", "geometry": {"type": "Point", "coordinates": [111.99943, -1.82344]}, "properties": {"species": "pongo_pygmaeus", "date_acq": "2026-08-10T616", "confidence": "l", "brightness": "334.57", "frp": "3.73", "daynight": "D"}}, {"type": "Feature", "geometry": {"type": "Point", "coordinates": [114.09753, -1.815]}, "properties": {"species": "pongo_pygmaeus", "date_acq": "2026-08-10T616", "confidence": "n", "brightness": "332.95", "frp": "5.42", "daynight": "D"}}, {"type": "Feature", "geometry": {"type": "Point", "coordinates": [111.98695, -1.79472]}, "properties": {"species": "pongo_pygmaeus", "date_acq": "2026-08-10T616", "confidence": "n", "brightness": "345.94", "frp": "5.65", "daynight": "D"}}, {"type": "Feature", "geometry": {"type": "Point", "coordinates": [111.99078, -1.79414]}, "properties": {"species": "pongo_pygmaeus", "date_acq": "2026-08-10T616", "confidence": "l", "brightness": "331.24", "frp": "5.65", "daynight": "D"}}, {"type": "Feature", "geometry": {"type": "Point", "coordinates": [111.55694, -1.78023]}, "properties": {"species": "pongo_pygmaeus", "date_acq": "2026-08-10T616", "confidence": "n", "brightness": "347.94", "frp": "7.21", "daynight": "D"}}, {"type": "Feature", "geometry": {"type": "Point", "coordinates": [111.79484, -1.77494]}, "properties": {"species": "pongo_pygmaeus", "date_acq": "2026-08-10T616", "confidence": "n", "brightness": "333.07", "frp": "4.03", "daynight": "D"}}, {"type": "Feature", "geometry": {"type": "Point", "coordinates": [110.19409, -1.76012]}, "properties": {"species": "pongo_pygmaeus", "date_acq": "2026-08-10T616", "confidence": "l", "brightness": "337.12", "frp": "4.87", "daynight": "D"}}, {"type": "Feature", "geometry": {"type": "Point", "coordinates": [110.22569, -1.75869]}, "properties": {"species": "pongo_pygmaeus", "date_acq": "2026-08-10T616", "confidence": "n", "brightness": "339.18", "frp": "4.24", "daynight": "D"}}, {"type": "Feature", "geometry": {"type": "Point", "coordinates": [111.63149, -1.75823]}, "properties": {"species": "pongo_pygmaeus", "date_acq": "2026-08-10T616", "confidence": "n", "brightness": "336.02", "frp": "2.68", "daynight": "D"}}, {"type": "Feature", "geometry": {"type": "Point", "coordinates": [110.06886, -1.75646]}, "properties": {"species": "pongo_pygmaeus", "date_acq": "2026-08-10T616", "confidence": "n", "brightness": "338.3", "frp": "4.52", "daynight": "D"}}, {"type": "Feature", "geometry": {"type": "Point", "coordinates": [111.51878, -1.75135]}, "properties": {"species": "pongo_pygmaeus", "date_acq": "2026-08-10T616", "confidence": "n", "brightness": "338.37", "frp": "3.8", "daynight": "D"}}, {"type": "Feature", "geometry": {"type": "Point", "coordinates": [111.52861, -1.7429]}, "properties": {"species": "pongo_pygmaeus", "date_acq": "2026-08-10T616", "confidence": "n", "brightness": "348.1", "frp": "13.71", "daynight": "D"}}, {"type": "Feature", "geometry": {"type": "Point", "coordinates": [111.53171, -1.73895]}, "properties": {"species": "pongo_pygmaeus", "date_acq": "2026-08-10T616", "confidence": "n", "brightness": "338.05", "frp": "97.29", "daynight": "D"}}, {"type": "Feature", "geometry": {"type": "Point", "coordinates": [110.1863, -1.73852]}, "properties": {"species": "pongo_pygmaeus", "date_acq": "2026-08-10T616", "confidence": "l", "brightness": "336.75", "frp": "4.06", "daynight": "D"}}, {"type": "Feature", "geometry": {"type": "Point", "coordinates": [110.18134, -1.72907]}, "properties": {"species": "pongo_pygmaeus", "date_acq": "2026-08-10T616", "confidence": "n", "brightness": "344.4", "frp": "7.43", "daynight": "D"}}, {"type": "Feature", "geometry": {"type": "Point", "coordinates": [115.97161, -1.72756]}, "properties": {"species": "pongo_pygmaeus", "date_acq": "2026-08-10T616", "confidence": "n", "brightness": "344.15", "frp": "5.33", "daynight": "D"}}, {"type": "Feature", "geometry": {"type": "Point", "coordinates": [110.24107, -1.72674]}, "properties": {"species": "pongo_pygmaeus", "date_acq": "2026-08-10T616", "confidence": "n", "brightness": "347.32", "frp": "4.24", "daynight": "D"}}, {"type": "Feature", "geometry": {"type": "Point", "coordinates": [110.24453, -1.72622]}, "properties": {"species": "pongo_pygmaeus", "date_acq": "2026-08-10T616", "confidence": "l", "brightness": "334.11", "frp": "11.04", "daynight": "D"}}, {"type": "Feature", "geometry": {"type": "Point", "coordinates": [110.24799, -1.72569]}, "properties": {"species": "pongo_pygmaeus", "date_acq": "2026-08-10T616", "confidence": "n", "brightness": "342.98", "frp": "11.04", "daynight": "D"}}, {"type": "Feature", "geometry": {"type": "Point", "coordinates": [110.25144, -1.72516]}, "properties": {"species": "pongo_pygmaeus", "date_acq": "2026-08-10T616", "confidence": "n", "brightness": "343.42", "frp": "6.88", "daynight": "D"}}, {"type": "Feature", "geometry": {"type": "Point", "coordinates": [110.2549, -1.72463]}, "properties": {"species": "pongo_pygmaeus", "date_acq": "2026-08-10T616", "confidence": "h", "brightness": "367", "frp": "6.88", "daynight": "D"}}, {"type": "Feature", "geometry": {"type": "Point", "coordinates": [110.25835, -1.72411]}, "properties": {"species": "pongo_pygmaeus", "date_acq": "2026-08-10T616", "confidence": "n", "brightness": "355.55", "frp": "41.8", "daynight": "D"}}, {"type": "Feature", "geometry": {"type": "Point", "coordinates": [110.26181, -1.72358]}, "properties": {"species": "pongo_pygmaeus", "date_acq": "2026-08-10T616", "confidence": "h", "brightness": "367", "frp": "41.8", "daynight": "D"}}, {"type": "Feature", "geometry": {"type": "Point", "coordinates": [110.24058, -1.72342]}, "properties": {"species": "pongo_pygmaeus", "date_acq": "2026-08-10T616", "confidence": "n", "brightness": "344.98", "frp": "4.24", "daynight": "D"}}, {"type": "Feature", "geometry": {"type": "Point", "coordinates": [110.2544, -1.7213]}, "properties": {"species": "pongo_pygmaeus", "date_acq": "2026-08-10T616", "confidence": "n", "brightness": "335.81", "frp": "6.88", "daynight": "D"}}, {"type": "Feature", "geometry": {"type": "Point", "coordinates": [110.25786, -1.72078]}, "properties": {"species": "pongo_pygmaeus", "date_acq": "2026-08-10T616", "confidence": "n", "brightness": "345.41", "frp": "41.8", "daynight": "D"}}, {"type": "Feature", "geometry": {"type": "Point", "coordinates": [110.26131, -1.72025]}, "properties": {"species": "pongo_pygmaeus", "date_acq": "2026-08-10T616", "confidence": "l", "brightness": "367", "frp": "41.8", "daynight": "D"}}, {"type": "Feature", "geometry": {"type": "Point", "coordinates": [110.13046, -1.71982]}, "properties": {"species": "pongo_pygmaeus", "date_acq": "2026-08-10T616", "confidence": "n", "brightness": "346.63", "frp": "17.47", "daynight": "D"}}, {"type": "Feature", "geometry": {"type": "Point", "coordinates": [110.26477, -1.71972]}, "properties": {"species": "pongo_pygmaeus", "date_acq": "2026-08-10T616", "confidence": "n", "brightness": "346.43", "frp": "32.88", "daynight": "D"}}, {"type": "Feature", "geometry": {"type": "Point", "coordinates": [110.26081, -1.71692]}, "properties": {"species": "pongo_pygmaeus", "date_acq": "2026-08-10T616", "confidence": "n", "brightness": "356.47", "frp": "16.33", "daynight": "D"}}, {"type": "Feature", "geometry": {"type": "Point", "coordinates": [110.12996, -1.71649]}, "properties": {"species": "pongo_pygmaeus", "date_acq": "2026-08-10T616", "confidence": "n", "brightness": "339.14", "frp": "4.9", "daynight": "D"}}, {"type": "Feature", "geometry": {"type": "Point", "coordinates": [110.16154, -1.71507]}, "properties": {"species": "pongo_pygmaeus", "date_acq": "2026-08-10T616", "confidence": "l", "brightness": "335.27", "frp": "1.81", "daynight": "D"}}, {"type": "Feature", "geometry": {"type": "Point", "coordinates": [110.165, -1.71454]}, "properties": {"species": "pongo_pygmaeus", "date_acq": "2026-08-10T616", "confidence": "n", "brightness": "352.56", "frp": "5.48", "daynight": "D"}}, {"type": "Feature", "geometry": {"type": "Point", "coordinates": [110.16846, -1.71401]}, "properties": {"species": "pongo_pygmaeus", "date_acq": "2026-08-10T616", "confidence": "n", "brightness": "340.38", "frp": "5.48", "daynight": "D"}}, {"type": "Feature", "geometry": {"type": "Point", "coordinates": [110.05888, -1.71374]}, "properties": {"species": "pongo_pygmaeus", "date_acq": "2026-08-10T616", "confidence": "n", "brightness": "332.74", "frp": "13.05", "daynight": "D"}}, {"type": "Feature", "geometry": {"type": "Point", "coordinates": [110.26031, -1.71359]}, "properties": {"species": "pongo_pygmaeus", "date_acq": "2026-08-10T616", "confidence": "n", "brightness": "334.1", "frp": "16.33", "daynight": "D"}}, {"type": "Feature", "geometry": {"type": "Point", "coordinates": [110.06579, -1.71269]}, "properties": {"species": "pongo_pygmaeus", "date_acq": "2026-08-10T616", "confidence": "n", "brightness": "347.39", "frp": "13.4", "daynight": "D"}}, {"type": "Feature", "geometry": {"type": "Point", "coordinates": [110.06924, -1.71216]}, "properties": {"species": "pongo_pygmaeus", "date_acq": "2026-08-10T616", "confidence": "n", "brightness": "333.58", "frp": "13.4", "daynight": "D"}}, {"type": "Feature", "geometry": {"type": "Point", "coordinates": [110.16451, -1.71121]}, "properties": {"species": "pongo_pygmaeus", "date_acq": "2026-08-10T616", "confidence": "n", "brightness": "352.81", "frp": "6.43", "daynight": "D"}}, {"type": "Feature", "geometry": {"type": "Point", "coordinates": [110.15363, -1.70947]}, "properties": {"species": "pongo_pygmaeus", "date_acq": "2026-08-10T616", "confidence": "n", "brightness": "338.41", "frp": "3.21", "daynight": "D"}}, {"type": "Feature", "geometry": {"type": "Point", "coordinates": [110.06528, -1.70936]}, "properties": {"species": "pongo_pygmaeus", "date_acq": "2026-08-10T616", "confidence": "n", "brightness": "352.41", "frp": "13.4", "daynight": "D"}}, {"type": "Feature", "geometry": {"type": "Point", "coordinates": [110.06874, -1.70883]}, "properties": {"species": "pongo_pygmaeus", "date_acq": "2026-08-10T616", "confidence": "n", "brightness": "333.66", "frp": "13.4", "daynight": "D"}}, {"type": "Feature", "geometry": {"type": "Point", "coordinates": [110.16746, -1.70736]}, "properties": {"species": "pongo_pygmaeus", "date_acq": "2026-08-10T616", "confidence": "l", "brightness": "332.5", "frp": "6.43", "daynight": "D"}}, {"type": "Feature", "geometry": {"type": "Point", "coordinates": [110.17091, -1.70683]}, "properties": {"species": "pongo_pygmaeus", "date_acq": "2026-08-10T616", "confidence": "n", "brightness": "344.74", "frp": "21.46", "daynight": "D"}}, {"type": "Feature", "geometry": {"type": "Point", "coordinates": [110.27954, -1.70044]}, "properties": {"species": "pongo_pygmaeus", "date_acq": "2026-08-10T616", "confidence": "n", "brightness": "340.4", "frp": "6.54", "daynight": "D"}}, {"type": "Feature", "geometry": {"type": "Point", "coordinates": [110.06033, -1.69991]}, "properties": {"species": "pongo_pygmaeus", "date_acq": "2026-08-10T616", "confidence": "n", "brightness": "332.17", "frp": "2.87", "daynight": "D"}}, {"type": "Feature", "geometry": {"type": "Point", "coordinates": [110.18027, -1.69859]}, "properties": {"species": "pongo_pygmaeus", "date_acq": "2026-08-10T616", "confidence": "n", "brightness": "346.35", "frp": "5.99", "daynight": "D"}}, {"type": "Feature", "geometry": {"type": "Point", "coordinates": [110.27213, -1.69816]}, "properties": {"species": "pongo_pygmaeus", "date_acq": "2026-08-10T616", "confidence": "n", "brightness": "344.34", "frp": "10.24", "daynight": "D"}}, {"type": "Feature", "geometry": {"type": "Point", "coordinates": [110.05982, -1.69658]}, "properties": {"species": "pongo_pygmaeus", "date_acq": "2026-08-10T616", "confidence": "n", "brightness": "342.67", "frp": "2.87", "daynight": "D"}}, {"type": "Feature", "geometry": {"type": "Point", "coordinates": [111.54671, -1.69142]}, "properties": {"species": "pongo_pygmaeus", "date_acq": "2026-08-10T616", "confidence": "n", "brightness": "335.27", "frp": "1.88", "daynight": "D"}}, {"type": "Feature", "geometry": {"type": "Point", "coordinates": [113.40614, -1.68677]}, "properties": {"species": "pongo_pygmaeus", "date_acq": "2026-08-10T616", "confidence": "n", "brightness": "336.4", "frp": "5.29", "daynight": "D"}}, {"type": "Feature", "geometry": {"type": "Point", "coordinates": [113.40548, -1.68552]}, "properties": {"species": "pongo_pygmaeus", "date_acq": "2026-08-10T616", "confidence": "n", "brightness": "334.7", "frp": "3.4", "daynight": "D"}}, {"type": "Feature", "geometry": {"type": "Point", "coordinates": [110.29673, -1.65012]}, "properties": {"species": "pongo_pygmaeus", "date_acq": "2026-08-10T616", "confidence": "n", "brightness": "350.19", "frp": "22.36", "daynight": "D"}}, {"type": "Feature", "geometry": {"type": "Point", "coordinates": [110.45154, -1.61958]}, "properties": {"species": "pongo_pygmaeus", "date_acq": "2026-08-10T616", "confidence": "n", "brightness": "342.83", "frp": "2.96", "daynight": "D"}}, {"type": "Feature", "geometry": {"type": "Point", "coordinates": [111.37729, -1.59533]}, "properties": {"species": "pongo_pygmaeus", "date_acq": "2026-08-10T616", "confidence": "l", "brightness": "330.4", "frp": "4.2", "daynight": "D"}}, {"type": "Feature", "geometry": {"type": "Point", "coordinates": [110.8131, -1.56062]}, "properties": {"species": "pongo_pygmaeus", "date_acq": "2026-08-10T616", "confidence": "n", "brightness": "341.69", "frp": "2.4", "daynight": "D"}}, {"type": "Feature", "geometry": {"type": "Point", "coordinates": [110.79509, -1.55996]}, "properties": {"species": "pongo_pygmaeus", "date_acq": "2026-08-10T616", "confidence": "l", "brightness": "333.98", "frp": "3.94", "daynight": "D"}}, {"type": "Feature", "geometry": {"type": "Point", "coordinates": [110.82008, -1.55954]}, "properties": {"species": "pongo_pygmaeus", "date_acq": "2026-08-10T616", "confidence": "l", "brightness": "333.43", "frp": "4.24", "daynight": "D"}}, {"type": "Feature", "geometry": {"type": "Point", "coordinates": [114.40687, -1.55009]}, "properties": {"species": "pongo_pygmaeus", "date_acq": "2026-08-10T616", "confidence": "n", "brightness": "340.2", "frp": "4.44", "daynight": "D"}}, {"type": "Feature", "geometry": {"type": "Point", "coordinates": [114.41175, -1.54932]}, "properties": {"species": "pongo_pygmaeus", "date_acq": "2026-08-10T616", "confidence": "n", "brightness": "330.67", "frp": "4.44", "daynight": "D"}}, {"type": "Feature", "geometry": {"type": "Point", "coordinates": [114.41116, -1.54541]}, "properties": {"species": "pongo_pygmaeus", "date_acq": "2026-08-10T616", "confidence": "n", "brightness": "339.31", "frp": "4.44", "daynight": "D"}}, {"type": "Feature", "geometry": {"type": "Point", "coordinates": [114.29687, -1.54368]}, "properties": {"species": "pongo_pygmaeus", "date_acq": "2026-08-10T616", "confidence": "n", "brightness": "342.46", "frp": "6.26", "daynight": "D"}}, {"type": "Feature", "geometry": {"type": "Point", "coordinates": [114.29817, -1.54298]}, "properties": {"species": "pongo_pygmaeus", "date_acq": "2026-08-10T616", "confidence": "n", "brightness": "340.24", "frp": "5.64", "daynight": "D"}}, {"type": "Feature", "geometry": {"type": "Point", "coordinates": [114.42075, -1.53224]}, "properties": {"species": "pongo_pygmaeus", "date_acq": "2026-08-10T616", "confidence": "n", "brightness": "330.33", "frp": "5.62", "daynight": "D"}}, {"type": "Feature", "geometry": {"type": "Point", "coordinates": [114.42567, -1.53149]}, "properties": {"species": "pongo_pygmaeus", "date_acq": "2026-08-10T616", "confidence": "n", "brightness": "332.75", "frp": "9.77", "daynight": "D"}}, {"type": "Feature", "geometry": {"type": "Point", "coordinates": [113.59672, -1.50014]}, "properties": {"species": "pongo_pygmaeus", "date_acq": "2026-08-10T616", "confidence": "n", "brightness": "344.43", "frp": "13.92", "daynight": "D"}}, {"type": "Feature", "geometry": {"type": "Point", "coordinates": [110.17546, -1.46604]}, "properties": {"species": "pongo_pygmaeus", "date_acq": "2026-08-10T616", "confidence": "n", "brightness": "330.78", "frp": "2.47", "daynight": "D"}}, {"type": "Feature", "geometry": {"type": "Point", "coordinates": [110.16754, -1.46044]}, "properties": {"species": "pongo_pygmaeus", "date_acq": "2026-08-10T616", "confidence": "n", "brightness": "344.9", "frp": "13.38", "daynight": "D"}}, {"type": "Feature", "geometry": {"type": "Point", "coordinates": [110.16705, -1.45711]}, "properties": {"species": "pongo_pygmaeus", "date_acq": "2026-08-10T616", "confidence": "n", "brightness": "341.21", "frp": "13.38", "daynight": "D"}}, {"type": "Feature", "geometry": {"type": "Point", "coordinates": [110.1705, -1.45658]}, "properties": {"species": "pongo_pygmaeus", "date_acq": "2026-08-10T616", "confidence": "n", "brightness": "350.74", "frp": "13.38", "daynight": "D"}}, {"type": "Feature", "geometry": {"type": "Point", "coordinates": [110.16654, -1.45379]}, "properties": {"species": "pongo_pygmaeus", "date_acq": "2026-08-10T616", "confidence": "n", "brightness": "333.91", "frp": "7.68", "daynight": "D"}}, {"type": "Feature", "geometry": {"type": "Point", "coordinates": [110.15567, -1.45204]}, "properties": {"species": "pongo_pygmaeus", "date_acq": "2026-08-10T616", "confidence": "n", "brightness": "349.57", "frp": "8.19", "daynight": "D"}}, {"type": "Feature", "geometry": {"type": "Point", "coordinates": [110.15913, -1.45152]}, "properties": {"species": "pongo_pygmaeus", "date_acq": "2026-08-10T616", "confidence": "n", "brightness": "341.81", "frp": "5.4", "daynight": "D"}}, {"type": "Feature", "geometry": {"type": "Point", "coordinates": [110.15862, -1.44819]}, "properties": {"species": "pongo_pygmaeus", "date_acq": "2026-08-10T616", "confidence": "h", "brightness": "367", "frp": "10.55", "daynight": "D"}}, {"type": "Feature", "geometry": {"type": "Point", "coordinates": [110.16208, -1.44766]}, "properties": {"species": "pongo_pygmaeus", "date_acq": "2026-08-10T616", "confidence": "n", "brightness": "347.08", "frp": "10.55", "daynight": "D"}}, {"type": "Feature", "geometry": {"type": "Point", "coordinates": [110.18677, -1.44728]}, "properties": {"species": "pongo_pygmaeus", "date_acq": "2026-08-10T616", "confidence": "n", "brightness": "345.93", "frp": "6.77", "daynight": "D"}}, {"type": "Feature", "geometry": {"type": "Point", "coordinates": [110.18281, -1.44449]}, "properties": {"species": "pongo_pygmaeus", "date_acq": "2026-08-10T616", "confidence": "n", "brightness": "348.94", "frp": "4.94", "daynight": "D"}}, {"type": "Feature", "geometry": {"type": "Point", "coordinates": [110.25938, -1.43617]}, "properties": {"species": "pongo_pygmaeus", "date_acq": "2026-08-10T616", "confidence": "l", "brightness": "337.81", "frp": "31.72", "daynight": "D"}}, {"type": "Feature", "geometry": {"type": "Point", "coordinates": [110.17043, -1.43276]}, "properties": {"species": "pongo_pygmaeus", "date_acq": "2026-08-10T616", "confidence": "n", "brightness": "343.67", "frp": "3.55", "daynight": "D"}}, {"type": "Feature", "geometry": {"type": "Point", "coordinates": [114.43887, -1.40547]}, "properties": {"species": "pongo_pygmaeus", "date_acq": "2026-08-10T616", "confidence": "n", "brightness": "335.16", "frp": "4.87", "daynight": "D"}}, {"type": "Feature", "geometry": {"type": "Point", "coordinates": [110.66407, -1.38777]}, "properties": {"species": "pongo_pygmaeus", "date_acq": "2026-08-10T616", "confidence": "n", "brightness": "342", "frp": "5.57", "daynight": "D"}}, {"type": "Feature", "geometry": {"type": "Point", "coordinates": [114.27988, -1.37817]}, "properties": {"species": "pongo_pygmaeus", "date_acq": "2026-08-10T616", "confidence": "n", "brightness": "347.37", "frp": "9.87", "daynight": "D"}}, {"type": "Feature", "geometry": {"type": "Point", "coordinates": [110.10342, -1.3687]}, "properties": {"species": "pongo_pygmaeus", "date_acq": "2026-08-10T616", "confidence": "n", "brightness": "352.26", "frp": "17.45", "daynight": "D"}}, {"type": "Feature", "geometry": {"type": "Point", "coordinates": [114.2781, -1.36652]}, "properties": {"species": "pongo_pygmaeus", "date_acq": "2026-08-10T616", "confidence": "n", "brightness": "331.55", "frp": "4.07", "daynight": "D"}}, {"type": "Feature", "geometry": {"type": "Point", "coordinates": [110.09601, -1.36643]}, "properties": {"species": "pongo_pygmaeus", "date_acq": "2026-08-10T616", "confidence": "n", "brightness": "354.12", "frp": "11.27", "daynight": "D"}}, {"type": "Feature", "geometry": {"type": "Point", "coordinates": [110.09946, -1.3659]}, "properties": {"species": "pongo_pygmaeus", "date_acq": "2026-08-10T616", "confidence": "n", "brightness": "347.26", "frp": "11.27", "daynight": "D"}}, {"type": "Feature", "geometry": {"type": "Point", "coordinates": [110.10983, -1.36432]}, "properties": {"species": "pongo_pygmaeus", "date_acq": "2026-08-10T616", "confidence": "n", "brightness": "341.53", "frp": "7.25", "daynight": "D"}}, {"type": "Feature", "geometry": {"type": "Point", "coordinates": [110.09551, -1.3631]}, "properties": {"species": "pongo_pygmaeus", "date_acq": "2026-08-10T616", "confidence": "n", "brightness": "352.05", "frp": "8.59", "daynight": "D"}}, {"type": "Feature", "geometry": {"type": "Point", "coordinates": [110.10932, -1.36099]}, "properties": {"species": "pongo_pygmaeus", "date_acq": "2026-08-10T616", "confidence": "n", "brightness": "338.9", "frp": "6.32", "daynight": "D"}}, {"type": "Feature", "geometry": {"type": "Point", "coordinates": [110.10336, -1.34488]}, "properties": {"species": "pongo_pygmaeus", "date_acq": "2026-08-10T616", "confidence": "l", "brightness": "330.3", "frp": "1.97", "daynight": "D"}}, {"type": "Feature", "geometry": {"type": "Point", "coordinates": [112.02502, -1.33922]}, "properties": {"species": "pongo_pygmaeus", "date_acq": "2026-08-10T616", "confidence": "n", "brightness": "337.28", "frp": "4.67", "daynight": "D"}}, {"type": "Feature", "geometry": {"type": "Point", "coordinates": [110.10581, -1.3377]}, "properties": {"species": "pongo_pygmaeus", "date_acq": "2026-08-10T616", "confidence": "n", "brightness": "331.24", "frp": "3.37", "daynight": "D"}}, {"type": "Feature", "geometry": {"type": "Point", "coordinates": [110.11617, -1.33611]}, "properties": {"species": "pongo_pygmaeus", "date_acq": "2026-08-10T616", "confidence": "n", "brightness": "336.12", "frp": "9.46", "daynight": "D"}}, {"type": "Feature", "geometry": {"type": "Point", "coordinates": [112.02452, -1.33575]}, "properties": {"species": "pongo_pygmaeus", "date_acq": "2026-08-10T616", "confidence": "n", "brightness": "334.95", "frp": "4.67", "daynight": "D"}}, {"type": "Feature", "geometry": {"type": "Point", "coordinates": [110.11963, -1.33559]}, "properties": {"species": "pongo_pygmaeus", "date_acq": "2026-08-10T616", "confidence": "n", "brightness": "348.58", "frp": "48.78", "daynight": "D"}}, {"type": "Feature", "geometry": {"type": "Point", "coordinates": [110.10531, -1.33437]}, "properties": {"species": "pongo_pygmaeus", "date_acq": "2026-08-10T616", "confidence": "n", "brightness": "340.05", "frp": "8.15", "daynight": "D"}}, {"type": "Feature", "geometry": {"type": "Point", "coordinates": [110.09099, -1.33316]}, "properties": {"species": "pongo_pygmaeus", "date_acq": "2026-08-10T616", "confidence": "n", "brightness": "348.93", "frp": "17.64", "daynight": "D"}}, {"type": "Feature", "geometry": {"type": "Point", "coordinates": [110.11568, -1.33279]}, "properties": {"species": "pongo_pygmaeus", "date_acq": "2026-08-10T616", "confidence": "n", "brightness": "338.84", "frp": "8.2", "daynight": "D"}}, {"type": "Feature", "geometry": {"type": "Point", "coordinates": [110.11913, -1.33226]}, "properties": {"species": "pongo_pygmaeus", "date_acq": "2026-08-10T616", "confidence": "n", "brightness": "350.92", "frp": "32.84", "daynight": "D"}}, {"type": "Feature", "geometry": {"type": "Point", "coordinates": [114.27278, -1.33156]}, "properties": {"species": "pongo_pygmaeus", "date_acq": "2026-08-10T616", "confidence": "n", "brightness": "330.81", "frp": "5.24", "daynight": "D"}}, {"type": "Feature", "geometry": {"type": "Point", "coordinates": [110.09031, -1.33077]}, "properties": {"species": "pongo_pygmaeus", "date_acq": "2026-08-10T616", "confidence": "n", "brightness": "340.54", "frp": "3.41", "daynight": "D"}}, {"type": "Feature", "geometry": {"type": "Point", "coordinates": [110.09376, -1.33024]}, "properties": {"species": "pongo_pygmaeus", "date_acq": "2026-08-10T616", "confidence": "n", "brightness": "336.98", "frp": "3.41", "daynight": "D"}}, {"type": "Feature", "geometry": {"type": "Point", "coordinates": [110.11171, -1.32999]}, "properties": {"species": "pongo_pygmaeus", "date_acq": "2026-08-10T616", "confidence": "n", "brightness": "346.57", "frp": "8.2", "daynight": "D"}}, {"type": "Feature", "geometry": {"type": "Point", "coordinates": [110.11862, -1.32893]}, "properties": {"species": "pongo_pygmaeus", "date_acq": "2026-08-10T616", "confidence": "n", "brightness": "347.34", "frp": "32.84", "daynight": "D"}}, {"type": "Feature", "geometry": {"type": "Point", "coordinates": [110.11104, -1.3276]}, "properties": {"species": "pongo_pygmaeus", "date_acq": "2026-08-10T616", "confidence": "n", "brightness": "342.64", "frp": "32.64", "daynight": "D"}}, {"type": "Feature", "geometry": {"type": "Point", "coordinates": [110.08038, -1.31186]}, "properties": {"species": "pongo_pygmaeus", "date_acq": "2026-08-10T616", "confidence": "n", "brightness": "344.28", "frp": "12.11", "daynight": "D"}}, {"type": "Feature", "geometry": {"type": "Point", "coordinates": [110.0873, -1.31081]}, "properties": {"species": "pongo_pygmaeus", "date_acq": "2026-08-10T616", "confidence": "n", "brightness": "339.28", "frp": "6.3", "daynight": "D"}}, {"type": "Feature", "geometry": {"type": "Point", "coordinates": [110.09074, -1.31028]}, "properties": {"species": "pongo_pygmaeus", "date_acq": "2026-08-10T616", "confidence": "n", "brightness": "336.8", "frp": "6.3", "daynight": "D"}}, {"type": "Feature", "geometry": {"type": "Point", "coordinates": [112.28792, -1.274]}, "properties": {"species": "pongo_pygmaeus", "date_acq": "2026-08-10T616", "confidence": "n", "brightness": "332.23", "frp": "2.75", "daynight": "D"}}, {"type": "Feature", "geometry": {"type": "Point", "coordinates": [114.20134, -1.27098]}, "properties": {"species": "pongo_pygmaeus", "date_acq": "2026-08-10T616", "confidence": "l", "brightness": "330.24", "frp": "7.14", "daynight": "D"}}, {"type": "Feature", "geometry": {"type": "Point", "coordinates": [112.28738, -1.2705]}, "properties": {"species": "pongo_pygmaeus", "date_acq": "2026-08-10T616", "confidence": "n", "brightness": "332.62", "frp": "8.26", "daynight": "D"}}, {"type": "Feature", "geometry": {"type": "Point", "coordinates": [114.20612, -1.27023]}, "properties": {"species": "pongo_pygmaeus", "date_acq": "2026-08-10T616", "confidence": "n", "brightness": "332.73", "frp": "7.14", "daynight": "D"}}, {"type": "Feature", "geometry": {"type": "Point", "coordinates": [114.2008, -1.2671]}, "properties": {"species": "pongo_pygmaeus", "date_acq": "2026-08-10T616", "confidence": "n", "brightness": "332.77", "frp": "7.8", "daynight": "D"}}, {"type": "Feature", "geometry": {"type": "Point", "coordinates": [114.09429, -1.25448]}, "properties": {"species": "pongo_pygmaeus", "date_acq": "2026-08-10T616", "confidence": "n", "brightness": "344.09", "frp": "9.41", "daynight": "D"}}, {"type": "Feature", "geometry": {"type": "Point", "coordinates": [114.0962, -1.25205]}, "properties": {"species": "pongo_pygmaeus", "date_acq": "2026-08-10T616", "confidence": "n", "brightness": "332.53", "frp": "16.35", "daynight": "D"}}, {"type": "Feature", "geometry": {"type": "Point", "coordinates": [114.09371, -1.25063]}, "properties": {"species": "pongo_pygmaeus", "date_acq": "2026-08-10T616", "confidence": "n", "brightness": "334.02", "frp": "9.41", "daynight": "D"}}, {"type": "Feature", "geometry": {"type": "Point", "coordinates": [111.82666, -1.12157]}, "properties": {"species": "pongo_pygmaeus", "date_acq": "2026-08-10T616", "confidence": "n", "brightness": "337.01", "frp": "6.38", "daynight": "D"}}, {"type": "Feature", "geometry": {"type": "Point", "coordinates": [110.27343, -1.11949]}, "properties": {"species": "pongo_pygmaeus", "date_acq": "2026-08-10T616", "confidence": "n", "brightness": "344.17", "frp": "15.24", "daynight": "D"}}, {"type": "Feature", "geometry": {"type": "Point", "coordinates": [111.82615, -1.11812]}, "properties": {"species": "pongo_pygmaeus", "date_acq": "2026-08-10T616", "confidence": "n", "brightness": "346.41", "frp": "8.33", "daynight": "D"}}, {"type": "Feature", "geometry": {"type": "Point", "coordinates": [113.70633, -1.11724]}, "properties": {"species": "pongo_pygmaeus", "date_acq": "2026-08-10T616", "confidence": "n", "brightness": "333.53", "frp": "8.22", "daynight": "D"}}, {"type": "Feature", "geometry": {"type": "Point", "coordinates": [113.70575, -1.11347]}, "properties": {"species": "pongo_pygmaeus", "date_acq": "2026-08-10T616", "confidence": "n", "brightness": "334.21", "frp": "25.59", "daynight": "D"}}, {"type": "Feature", "geometry": {"type": "Point", "coordinates": [112.12744, -1.07175]}, "properties": {"species": "pongo_pygmaeus", "date_acq": "2026-08-10T616", "confidence": "n", "brightness": "339.37", "frp": "6.77", "daynight": "D"}}, {"type": "Feature", "geometry": {"type": "Point", "coordinates": [114.01655, -0.97599]}, "properties": {"species": "pongo_pygmaeus", "date_acq": "2026-08-10T616", "confidence": "n", "brightness": "333.89", "frp": "3.23", "daynight": "D"}}, {"type": "Feature", "geometry": {"type": "Point", "coordinates": [112.03207, -0.95355]}, "properties": {"species": "pongo_pygmaeus", "date_acq": "2026-08-10T616", "confidence": "n", "brightness": "343.89", "frp": "4.83", "daynight": "D"}}, {"type": "Feature", "geometry": {"type": "Point", "coordinates": [109.92823, -0.95252]}, "properties": {"species": "pongo_pygmaeus", "date_acq": "2026-08-10T616", "confidence": "n", "brightness": "332.25", "frp": "4.96", "daynight": "D"}}, {"type": "Feature", "geometry": {"type": "Point", "coordinates": [112.03387, -0.74065]}, "properties": {"species": "pongo_pygmaeus", "date_acq": "2026-08-10T616", "confidence": "n", "brightness": "331.24", "frp": "77.95", "daynight": "D"}}, {"type": "Feature", "geometry": {"type": "Point", "coordinates": [112.26885, -0.72947]}, "properties": {"species": "pongo_pygmaeus", "date_acq": "2026-08-10T616", "confidence": "n", "brightness": "336.36", "frp": "7.52", "daynight": "D"}}, {"type": "Feature", "geometry": {"type": "Point", "coordinates": [113.10599, -0.64187]}, "properties": {"species": "pongo_pygmaeus", "date_acq": "2026-08-10T616", "confidence": "n", "brightness": "334.66", "frp": "4.19", "daynight": "D"}}, {"type": "Feature", "geometry": {"type": "Point", "coordinates": [112.22625, -0.5809]}, "properties": {"species": "pongo_pygmaeus", "date_acq": "2026-08-10T616", "confidence": "n", "brightness": "330.97", "frp": "3.31", "daynight": "D"}}, {"type": "Feature", "geometry": {"type": "Point", "coordinates": [111.6483, -0.52842]}, "properties": {"species": "pongo_pygmaeus", "date_acq": "2026-08-10T616", "confidence": "l", "brightness": "331.16", "frp": "3.56", "daynight": "D"}}, {"type": "Feature", "geometry": {"type": "Point", "coordinates": [111.64407, -0.52555]}, "properties": {"species": "pongo_pygmaeus", "date_acq": "2026-08-10T616", "confidence": "n", "brightness": "333.33", "frp": "3.76", "daynight": "D"}}, {"type": "Feature", "geometry": {"type": "Point", "coordinates": [116.64157, 0.15658]}, "properties": {"species": "pongo_pygmaeus", "date_acq": "2026-08-10T616", "confidence": "n", "brightness": "336.55", "frp": "20.01", "daynight": "D"}}, {"type": "Feature", "geometry": {"type": "Point", "coordinates": [116.64639, 0.15732]}, "properties": {"species": "pongo_pygmaeus", "date_acq": "2026-08-10T616", "confidence": "n", "brightness": "340.1", "frp": "10.47", "daynight": "D"}}, {"type": "Feature", "geometry": {"type": "Point", "coordinates": [116.6457, 0.16198]}, "properties": {"species": "pongo_pygmaeus", "date_acq": "2026-08-10T616", "confidence": "n", "brightness": "333.32", "frp": "10.47", "daynight": "D"}}, {"type": "Feature", "geometry": {"type": "Point", "coordinates": [111.33397, -0.51014]}, "properties": {"species": "pongo_pygmaeus", "date_acq": "2026-08-10T618", "confidence": "l", "brightness": "298.05", "frp": "15.53", "daynight": "D"}}, {"type": "Feature", "geometry": {"type": "Point", "coordinates": [111.33748, -0.5096]}, "properties": {"species": "pongo_pygmaeus", "date_acq": "2026-08-10T618", "confidence": "n", "brightness": "336.61", "frp": "25.63", "daynight": "D"}}, {"type": "Feature", "geometry": {"type": "Point", "coordinates": [111.33706, -0.50618]}, "properties": {"species": "pongo_pygmaeus", "date_acq": "2026-08-10T618", "confidence": "n", "brightness": "337.33", "frp": "25.63", "daynight": "D"}}, {"type": "Feature", "geometry": {"type": "Point", "coordinates": [110.95568, -0.42437]}, "properties": {"species": "pongo_pygmaeus", "date_acq": "2026-08-10T618", "confidence": "n", "brightness": "331.82", "frp": "2.22", "daynight": "D"}}, {"type": "Feature", "geometry": {"type": "Point", "coordinates": [110.98339, -0.38908]}, "properties": {"species": "pongo_pygmaeus", "date_acq": "2026-08-10T618", "confidence": "n", "brightness": "338.86", "frp": "10.09", "daynight": "D"}}, {"type": "Feature", "geometry": {"type": "Point", "coordinates": [110.98285, -0.38571]}, "properties": {"species": "pongo_pygmaeus", "date_acq": "2026-08-10T618", "confidence": "n", "brightness": "335.91", "frp": "10.09", "daynight": "D"}}, {"type": "Feature", "geometry": {"type": "Point", "coordinates": [113.51455, -0.07091]}, "properties": {"species": "pongo_pygmaeus", "date_acq": "2026-08-10T618", "confidence": "n", "brightness": "330.39", "frp": "18.04", "daynight": "D"}}, {"type": "Feature", "geometry": {"type": "Point", "coordinates": [113.05989, 0.02161]}, "properties": {"species": "pongo_pygmaeus", "date_acq": "2026-08-10T618", "confidence": "n", "brightness": "334.66", "frp": "12.34", "daynight": "D"}}, {"type": "Feature", "geometry": {"type": "Point", "coordinates": [117.41798, 0.43551]}, "properties": {"species": "pongo_pygmaeus", "date_acq": "2026-08-10T618", "confidence": "n", "brightness": "334.85", "frp": "5.88", "daynight": "D"}}, {"type": "Feature", "geometry": {"type": "Point", "coordinates": [117.27135, 0.48851]}, "properties": {"species": "pongo_pygmaeus", "date_acq": "2026-08-10T618", "confidence": "n", "brightness": "341.73", "frp": "10.6", "daynight": "D"}}, {"type": "Feature", "geometry": {"type": "Point", "coordinates": [117.21092, 0.50699]}, "properties": {"species": "pongo_pygmaeus", "date_acq": "2026-08-10T618", "confidence": "n", "brightness": "342.28", "frp": "13.42", "daynight": "D"}}, {"type": "Feature", "geometry": {"type": "Point", "coordinates": [117.20796, 0.50855]}, "properties": {"species": "pongo_pygmaeus", "date_acq": "2026-08-10T618", "confidence": "n", "brightness": "344.12", "frp": "17", "daynight": "D"}}, {"type": "Feature", "geometry": {"type": "Point", "coordinates": [111.78725, 0.69522]}, "properties": {"species": "pongo_pygmaeus", "date_acq": "2026-08-10T618", "confidence": "n", "brightness": "332.94", "frp": "2.41", "daynight": "D"}}, {"type": "Feature", "geometry": {"type": "Point", "coordinates": [111.85489, 0.79946]}, "properties": {"species": "pongo_pygmaeus", "date_acq": "2026-08-10T618", "confidence": "n", "brightness": "347.67", "frp": "3.97", "daynight": "D"}}, {"type": "Feature", "geometry": {"type": "Point", "coordinates": [112.21561, 0.83577]}, "properties": {"species": "pongo_pygmaeus", "date_acq": "2026-08-10T618", "confidence": "n", "brightness": "336.87", "frp": "3.94", "daynight": "D"}}, {"type": "Feature", "geometry": {"type": "Point", "coordinates": [111.89347, 0.8592]}, "properties": {"species": "pongo_pygmaeus", "date_acq": "2026-08-10T618", "confidence": "n", "brightness": "334.37", "frp": "3.48", "daynight": "D"}}, {"type": "Feature", "geometry": {"type": "Point", "coordinates": [112.19664, 0.88028]}, "properties": {"species": "pongo_pygmaeus", "date_acq": "2026-08-10T618", "confidence": "n", "brightness": "335.11", "frp": "3.99", "daynight": "D"}}, {"type": "Feature", "geometry": {"type": "Point", "coordinates": [113.23004, 0.90272]}, "properties": {"species": "pongo_pygmaeus", "date_acq": "2026-08-10T618", "confidence": "n", "brightness": "339.47", "frp": "32.88", "daynight": "D"}}, {"type": "Feature", "geometry": {"type": "Point", "coordinates": [113.22502, 0.90581]}, "properties": {"species": "pongo_pygmaeus", "date_acq": "2026-08-10T618", "confidence": "n", "brightness": "340.84", "frp": "32.88", "daynight": "D"}}, {"type": "Feature", "geometry": {"type": "Point", "coordinates": [113.22448, 0.90958]}, "properties": {"species": "pongo_pygmaeus", "date_acq": "2026-08-10T618", "confidence": "n", "brightness": "353.83", "frp": "26.18", "daynight": "D"}}, {"type": "Feature", "geometry": {"type": "Point", "coordinates": [111.95998, 0.97372]}, "properties": {"species": "pongo_pygmaeus", "date_acq": "2026-08-10T618", "confidence": "n", "brightness": "347.61", "frp": "7.35", "daynight": "D"}}, {"type": "Feature", "geometry": {"type": "Point", "coordinates": [112.69777, 0.98663]}, "properties": {"species": "pongo_pygmaeus", "date_acq": "2026-08-10T618", "confidence": "n", "brightness": "330.74", "frp": "2.63", "daynight": "D"}}, {"type": "Feature", "geometry": {"type": "Point", "coordinates": [117.24252, 1.37685]}, "properties": {"species": "pongo_pygmaeus", "date_acq": "2026-08-10T618", "confidence": "n", "brightness": "334.43", "frp": "3.12", "daynight": "D"}}, {"type": "Feature", "geometry": {"type": "Point", "coordinates": [117.24547, 1.37839]}, "properties": {"species": "pongo_pygmaeus", "date_acq": "2026-08-10T618", "confidence": "n", "brightness": "343.71", "frp": "9.22", "daynight": "D"}}, {"type": "Feature", "geometry": {"type": "Point", "coordinates": [117.25962, 1.48506]}, "properties": {"species": "pongo_pygmaeus", "date_acq": "2026-08-10T1715", "confidence": "n", "brightness": "302.33", "frp": "0.59", "daynight": "N"}}, {"type": "Feature", "geometry": {"type": "Point", "coordinates": [117.18553, 1.68092]}, "properties": {"species": "pongo_pygmaeus", "date_acq": "2026-08-10T1715", "confidence": "n", "brightness": "316.87", "frp": "3.73", "daynight": "N"}}, {"type": "Feature", "geometry": {"type": "Point", "coordinates": [117.17992, 1.68179]}, "properties": {"species": "pongo_pygmaeus", "date_acq": "2026-08-10T1715", "confidence": "n", "brightness": "321.43", "frp": "3.73", "daynight": "N"}}, {"type": "Feature", "geometry": {"type": "Point", "coordinates": [117.1758, 1.69253]}, "properties": {"species": "pongo_pygmaeus", "date_acq": "2026-08-10T1715", "confidence": "n", "brightness": "305.73", "frp": "1.09", "daynight": "N"}}, {"type": "Feature", "geometry": {"type": "Point", "coordinates": [112.88508, -3.12531]}, "properties": {"species": "pongo_pygmaeus", "date_acq": "2026-08-10T1717", "confidence": "n", "brightness": "303.68", "frp": "1.25", "daynight": "N"}}, {"type": "Feature", "geometry": {"type": "Point", "coordinates": [112.88499, -3.12488]}, "properties": {"species": "pongo_pygmaeus", "date_acq": "2026-08-10T1717", "confidence": "n", "brightness": "303.7", "frp": "1.72", "daynight": "N"}}, {"type": "Feature", "geometry": {"type": "Point", "coordinates": [112.88048, -3.12451]}, "properties": {"species": "pongo_pygmaeus", "date_acq": "2026-08-10T1717", "confidence": "n", "brightness": "320.18", "frp": "2.93", "daynight": "N"}}, {"type": "Feature", "geometry": {"type": "Point", "coordinates": [112.88038, -3.12411]}, "properties": {"species": "pongo_pygmaeus", "date_acq": "2026-08-10T1717", "confidence": "n", "brightness": "319.65", "frp": "3.4", "daynight": "N"}}, {"type": "Feature", "geometry": {"type": "Point", "coordinates": [112.85137, -3.01867]}, "properties": {"species": "pongo_pygmaeus", "date_acq": "2026-08-10T1717", "confidence": "n", "brightness": "303.52", "frp": "1.95", "daynight": "N"}}, {"type": "Feature", "geometry": {"type": "Point", "coordinates": [112.81632, -2.34891]}, "properties": {"species": "pongo_pygmaeus", "date_acq": "2026-08-10T1717", "confidence": "n", "brightness": "304.94", "frp": "4.19", "daynight": "N"}}, {"type": "Feature", "geometry": {"type": "Point", "coordinates": [114.39549, -2.25454]}, "properties": {"species": "pongo_pygmaeus", "date_acq": "2026-08-10T1717", "confidence": "n", "brightness": "304.39", "frp": "1.13", "daynight": "N"}}, {"type": "Feature", "geometry": {"type": "Point", "coordinates": [110.28028, -2.25188]}, "properties": {"species": "pongo_pygmaeus", "date_acq": "2026-08-10T1717", "confidence": "n", "brightness": "303.81", "frp": "1.8", "daynight": "N"}}, {"type": "Feature", "geometry": {"type": "Point", "coordinates": [114.13913, -2.03318]}, "properties": {"species": "pongo_pygmaeus", "date_acq": "2026-08-10T1717", "confidence": "n", "brightness": "307.32", "frp": "2.88", "daynight": "N"}}, {"type": "Feature", "geometry": {"type": "Point", "coordinates": [114.13614, -2.02682]}, "properties": {"species": "pongo_pygmaeus", "date_acq": "2026-08-10T1717", "confidence": "n", "brightness": "321.37", "frp": "2.92", "daynight": "N"}}, {"type": "Feature", "geometry": {"type": "Point", "coordinates": [110.2017, -1.98063]}, "properties": {"species": "pongo_pygmaeus", "date_acq": "2026-08-10T1717", "confidence": "n", "brightness": "307.25", "frp": "1.81", "daynight": "N"}}, {"type": "Feature", "geometry": {"type": "Point", "coordinates": [111.27047, -1.87274]}, "properties": {"species": "pongo_pygmaeus", "date_acq": "2026-08-10T1717", "confidence": "n", "brightness": "301.02", "frp": "0.87", "daynight": "N"}}, {"type": "Feature", "geometry": {"type": "Point", "coordinates": [111.36316, -1.86014]}, "properties": {"species": "pongo_pygmaeus", "date_acq": "2026-08-10T1717", "confidence": "n", "brightness": "355.64", "frp": "7.35", "daynight": "N"}}, {"type": "Feature", "geometry": {"type": "Point", "coordinates": [111.35708, -1.85912]}, "properties": {"species": "pongo_pygmaeus", "date_acq": "2026-08-10T1717", "confidence": "n", "brightness": "301.33", "frp": "7.35", "daynight": "N"}}, {"type": "Feature", "geometry": {"type": "Point", "coordinates": [111.98653, -1.79762]}, "properties": {"species": "pongo_pygmaeus", "date_acq": "2026-08-10T1717", "confidence": "n", "brightness": "301.2", "frp": "1.13", "daynight": "N"}}, {"type": "Feature", "geometry": {"type": "Point", "coordinates": [111.98739, -1.79311]}, "properties": {"species": "pongo_pygmaeus", "date_acq": "2026-08-10T1717", "confidence": "n", "brightness": "304.19", "frp": "1.64", "daynight": "N"}}, {"type": "Feature", "geometry": {"type": "Point", "coordinates": [113.45687, -1.72667]}, "properties": {"species": "pongo_pygmaeus", "date_acq": "2026-08-10T1717", "confidence": "n", "brightness": "301.67", "frp": "0.27", "daynight": "N"}}, {"type": "Feature", "geometry": {"type": "Point", "coordinates": [110.25156, -1.72567]}, "properties": {"species": "pongo_pygmaeus", "date_acq": "2026-08-10T1717", "confidence": "n", "brightness": "307.83", "frp": "3.56", "daynight": "N"}}, {"type": "Feature", "geometry": {"type": "Point", "coordinates": [110.25256, -1.72536]}, "properties": {"species": "pongo_pygmaeus", "date_acq": "2026-08-10T1717", "confidence": "n", "brightness": "313.05", "frp": "6.09", "daynight": "N"}}, {"type": "Feature", "geometry": {"type": "Point", "coordinates": [110.2602, -1.71968]}, "properties": {"species": "pongo_pygmaeus", "date_acq": "2026-08-10T1717", "confidence": "n", "brightness": "351.2", "frp": "7.91", "daynight": "N"}}, {"type": "Feature", "geometry": {"type": "Point", "coordinates": [110.26124, -1.71933]}, "properties": {"species": "pongo_pygmaeus", "date_acq": "2026-08-10T1717", "confidence": "n", "brightness": "355.56", "frp": "7.65", "daynight": "N"}}, {"type": "Feature", "geometry": {"type": "Point", "coordinates": [110.25278, -1.7184]}, "properties": {"species": "pongo_pygmaeus", "date_acq": "2026-08-10T1717", "confidence": "n", "brightness": "302.3", "frp": "7.91", "daynight": "N"}}, {"type": "Feature", "geometry": {"type": "Point", "coordinates": [110.25381, -1.7181]}, "properties": {"species": "pongo_pygmaeus", "date_acq": "2026-08-10T1717", "confidence": "n", "brightness": "306.43", "frp": "11.58", "daynight": "N"}}, {"type": "Feature", "geometry": {"type": "Point", "coordinates": [110.26883, -1.7137]}, "properties": {"species": "pongo_pygmaeus", "date_acq": "2026-08-10T1717", "confidence": "n", "brightness": "304.55", "frp": "5.46", "daynight": "N"}}, {"type": "Feature", "geometry": {"type": "Point", "coordinates": [110.26145, -1.71242]}, "properties": {"species": "pongo_pygmaeus", "date_acq": "2026-08-10T1717", "confidence": "n", "brightness": "313.94", "frp": "7.91", "daynight": "N"}}, {"type": "Feature", "geometry": {"type": "Point", "coordinates": [110.26253, -1.71207]}, "properties": {"species": "pongo_pygmaeus", "date_acq": "2026-08-10T1717", "confidence": "n", "brightness": "311.7", "frp": "7.65", "daynight": "N"}}, {"type": "Feature", "geometry": {"type": "Point", "coordinates": [110.27124, -1.69917]}, "properties": {"species": "pongo_pygmaeus", "date_acq": "2026-08-10T1717", "confidence": "n", "brightness": "311.28", "frp": "1.56", "daynight": "N"}}, {"type": "Feature", "geometry": {"type": "Point", "coordinates": [110.27238, -1.69878]}, "properties": {"species": "pongo_pygmaeus", "date_acq": "2026-08-10T1717", "confidence": "n", "brightness": "311.37", "frp": "2.13", "daynight": "N"}}, {"type": "Feature", "geometry": {"type": "Point", "coordinates": [114.4082, -1.55471]}, "properties": {"species": "pongo_pygmaeus", "date_acq": "2026-08-10T1717", "confidence": "n", "brightness": "302.57", "frp": "0.55", "daynight": "N"}}, {"type": "Feature", "geometry": {"type": "Point", "coordinates": [114.27726, -1.37953]}, "properties": {"species": "pongo_pygmaeus", "date_acq": "2026-08-10T1717", "confidence": "n", "brightness": "302.28", "frp": "0.61", "daynight": "N"}}, {"type": "Feature", "geometry": {"type": "Point", "coordinates": [114.06831, -1.26256]}, "properties": {"species": "pongo_pygmaeus", "date_acq": "2026-08-10T1717", "confidence": "n", "brightness": "301.76", "frp": "0.44", "daynight": "N"}}, {"type": "Feature", "geometry": {"type": "Point", "coordinates": [116.64298, 0.15662]}, "properties": {"species": "pongo_pygmaeus", "date_acq": "2026-08-10T1717", "confidence": "n", "brightness": "342.9", "frp": "12.92", "daynight": "N"}}, {"type": "Feature", "geometry": {"type": "Point", "coordinates": [116.63808, 0.16252]}, "properties": {"species": "pongo_pygmaeus", "date_acq": "2026-08-10T1717", "confidence": "n", "brightness": "318.29", "frp": "12.17", "daynight": "N"}}, {"type": "Feature", "geometry": {"type": "Point", "coordinates": [117.2336, 0.51275]}, "properties": {"species": "pongo_pygmaeus", "date_acq": "2026-08-10T1717", "confidence": "n", "brightness": "304.34", "frp": "1.99", "daynight": "N"}}, {"type": "Feature", "geometry": {"type": "Point", "coordinates": [117.22837, 0.51358]}, "properties": {"species": "pongo_pygmaeus", "date_acq": "2026-08-10T1717", "confidence": "n", "brightness": "316.2", "frp": "1.99", "daynight": "N"}}, {"type": "Feature", "geometry": {"type": "Point", "coordinates": [112.20926, -2.3718]}, "properties": {"species": "pongo_pygmaeus", "date_acq": "2026-08-10T1858", "confidence": "n", "brightness": "301.89", "frp": "1.7", "daynight": "N"}}, {"type": "Feature", "geometry": {"type": "Point", "coordinates": [112.81425, -2.35029]}, "properties": {"species": "pongo_pygmaeus", "date_acq": "2026-08-10T1858", "confidence": "n", "brightness": "314.3", "frp": "3.59", "daynight": "N"}}, {"type": "Feature", "geometry": {"type": "Point", "coordinates": [110.27744, -2.25462]}, "properties": {"species": "pongo_pygmaeus", "date_acq": "2026-08-10T1858", "confidence": "n", "brightness": "308.77", "frp": "2.76", "daynight": "N"}}, {"type": "Feature", "geometry": {"type": "Point", "coordinates": [110.27895, -2.25131]}, "properties": {"species": "pongo_pygmaeus", "date_acq": "2026-08-10T1858", "confidence": "n", "brightness": "311.25", "frp": "2.17", "daynight": "N"}}, {"type": "Feature", "geometry": {"type": "Point", "coordinates": [111.09688, -2.08652]}, "properties": {"species": "pongo_pygmaeus", "date_acq": "2026-08-10T1858", "confidence": "n", "brightness": "322.39", "frp": "3.87", "daynight": "N"}}, {"type": "Feature", "geometry": {"type": "Point", "coordinates": [111.09676, -2.08575]}, "properties": {"species": "pongo_pygmaeus", "date_acq": "2026-08-10T1858", "confidence": "n", "brightness": "325.59", "frp": "4.57", "daynight": "N"}}, {"type": "Feature", "geometry": {"type": "Point", "coordinates": [110.20207, -1.98253]}, "properties": {"species": "pongo_pygmaeus", "date_acq": "2026-08-10T1858", "confidence": "n", "brightness": "312.8", "frp": "2.22", "daynight": "N"}}, {"type": "Feature", "geometry": {"type": "Point", "coordinates": [110.14615, -1.90464]}, "properties": {"species": "pongo_pygmaeus", "date_acq": "2026-08-10T1858", "confidence": "n", "brightness": "307.04", "frp": "1.46", "daynight": "N"}}, {"type": "Feature", "geometry": {"type": "Point", "coordinates": [110.1492, -1.89289]}, "properties": {"species": "pongo_pygmaeus", "date_acq": "2026-08-10T1858", "confidence": "n", "brightness": "305.4", "frp": "1.81", "daynight": "N"}}, {"type": "Feature", "geometry": {"type": "Point", "coordinates": [110.15961, -1.8882]}, "properties": {"species": "pongo_pygmaeus", "date_acq": "2026-08-10T1858", "confidence": "n", "brightness": "304.32", "frp": "0.87", "daynight": "N"}}, {"type": "Feature", "geometry": {"type": "Point", "coordinates": [110.15018, -1.88674]}, "properties": {"species": "pongo_pygmaeus", "date_acq": "2026-08-10T1858", "confidence": "n", "brightness": "302.67", "frp": "1.85", "daynight": "N"}}, {"type": "Feature", "geometry": {"type": "Point", "coordinates": [110.14548, -1.88601]}, "properties": {"species": "pongo_pygmaeus", "date_acq": "2026-08-10T1858", "confidence": "n", "brightness": "306.05", "frp": "2.2", "daynight": "N"}}, {"type": "Feature", "geometry": {"type": "Point", "coordinates": [110.1606, -1.88205]}, "properties": {"species": "pongo_pygmaeus", "date_acq": "2026-08-10T1858", "confidence": "n", "brightness": "304.28", "frp": "0.87", "daynight": "N"}}, {"type": "Feature", "geometry": {"type": "Point", "coordinates": [110.15111, -1.88058]}, "properties": {"species": "pongo_pygmaeus", "date_acq": "2026-08-10T1858", "confidence": "n", "brightness": "304.6", "frp": "1.85", "daynight": "N"}}, {"type": "Feature", "geometry": {"type": "Point", "coordinates": [110.16156, -1.87589]}, "properties": {"species": "pongo_pygmaeus", "date_acq": "2026-08-10T1858", "confidence": "n", "brightness": "345.03", "frp": "5.16", "daynight": "N"}}, {"type": "Feature", "geometry": {"type": "Point", "coordinates": [110.15679, -1.87516]}, "properties": {"species": "pongo_pygmaeus", "date_acq": "2026-08-10T1858", "confidence": "n", "brightness": "321.95", "frp": "4.42", "daynight": "N"}}, {"type": "Feature", "geometry": {"type": "Point", "coordinates": [110.16251, -1.86973]}, "properties": {"species": "pongo_pygmaeus", "date_acq": "2026-08-10T1858", "confidence": "n", "brightness": "309.52", "frp": "5.16", "daynight": "N"}}, {"type": "Feature", "geometry": {"type": "Point", "coordinates": [110.15775, -1.869]}, "properties": {"species": "pongo_pygmaeus", "date_acq": "2026-08-10T1858", "confidence": "n", "brightness": "310.12", "frp": "4.42", "daynight": "N"}}, {"type": "Feature", "geometry": {"type": "Point", "coordinates": [111.3634, -1.86235]}, "properties": {"species": "pongo_pygmaeus", "date_acq": "2026-08-10T1858", "confidence": "n", "brightness": "340.51", "frp": "4.67", "daynight": "N"}}, {"type": "Feature", "geometry": {"type": "Point", "coordinates": [111.36434, -1.85571]}, "properties": {"species": "pongo_pygmaeus", "date_acq": "2026-08-10T1858", "confidence": "n", "brightness": "320.85", "frp": "4.67", "daynight": "N"}}, {"type": "Feature", "geometry": {"type": "Point", "coordinates": [111.34718, -1.85306]}, "properties": {"species": "pongo_pygmaeus", "date_acq": "2026-08-10T1858", "confidence": "n", "brightness": "302", "frp": "1", "daynight": "N"}}, {"type": "Feature", "geometry": {"type": "Point", "coordinates": [111.52638, -1.7412]}, "properties": {"species": "pongo_pygmaeus", "date_acq": "2026-08-10T1858", "confidence": "n", "brightness": "301.78", "frp": "1.23", "daynight": "N"}}, {"type": "Feature", "geometry": {"type": "Point", "coordinates": [110.25529, -1.72845]}, "properties": {"species": "pongo_pygmaeus", "date_acq": "2026-08-10T1858", "confidence": "n", "brightness": "303.54", "frp": "3.36", "daynight": "N"}}, {"type": "Feature", "geometry": {"type": "Point", "coordinates": [110.25426, -1.72742]}, "properties": {"species": "pongo_pygmaeus", "date_acq": "2026-08-10T1858", "confidence": "n", "brightness": "303.7", "frp": "2.22", "daynight": "N"}}, {"type": "Feature", "geometry": {"type": "Point", "coordinates": [110.26096, -1.72302]}, "properties": {"species": "pongo_pygmaeus", "date_acq": "2026-08-10T1858", "confidence": "n", "brightness": "337.81", "frp": "3.36", "daynight": "N"}}, {"type": "Feature", "geometry": {"type": "Point", "coordinates": [110.26474, -1.72267]}, "properties": {"species": "pongo_pygmaeus", "date_acq": "2026-08-10T1858", "confidence": "n", "brightness": "325.97", "frp": "5.74", "daynight": "N"}}, {"type": "Feature", "geometry": {"type": "Point", "coordinates": [110.25623, -1.72227]}, "properties": {"species": "pongo_pygmaeus", "date_acq": "2026-08-10T1858", "confidence": "n", "brightness": "329.03", "frp": "3.36", "daynight": "N"}}, {"type": "Feature", "geometry": {"type": "Point", "coordinates": [110.25997, -1.72195]}, "properties": {"species": "pongo_pygmaeus", "date_acq": "2026-08-10T1858", "confidence": "n", "brightness": "338.49", "frp": "5.74", "daynight": "N"}}, {"type": "Feature", "geometry": {"type": "Point", "coordinates": [110.2515, -1.72152]}, "properties": {"species": "pongo_pygmaeus", "date_acq": "2026-08-10T1858", "confidence": "n", "brightness": "304.29", "frp": "3.64", "daynight": "N"}}, {"type": "Feature", "geometry": {"type": "Point", "coordinates": [110.25522, -1.72124]}, "properties": {"species": "pongo_pygmaeus", "date_acq": "2026-08-10T1858", "confidence": "n", "brightness": "313.06", "frp": "7.94", "daynight": "N"}}, {"type": "Feature", "geometry": {"type": "Point", "coordinates": [110.26665, -1.71758]}, "properties": {"species": "pongo_pygmaeus", "date_acq": "2026-08-10T1858", "confidence": "n", "brightness": "337.23", "frp": "6.81", "daynight": "N"}}, {"type": "Feature", "geometry": {"type": "Point", "coordinates": [110.14601, -1.71748]}, "properties": {"species": "pongo_pygmaeus", "date_acq": "2026-08-10T1858", "confidence": "n", "brightness": "307.9", "frp": "2.46", "daynight": "N"}}, {"type": "Feature", "geometry": {"type": "Point", "coordinates": [110.14474, -1.71721]}, "properties": {"species": "pongo_pygmaeus", "date_acq": "2026-08-10T1858", "confidence": "n", "brightness": "333.04", "frp": "5.04", "daynight": "N"}}, {"type": "Feature", "geometry": {"type": "Point", "coordinates": [110.26192, -1.71683]}, "properties": {"species": "pongo_pygmaeus", "date_acq": "2026-08-10T1858", "confidence": "n", "brightness": "341.73", "frp": "6.18", "daynight": "N"}}, {"type": "Feature", "geometry": {"type": "Point", "coordinates": [110.14133, -1.71674]}, "properties": {"species": "pongo_pygmaeus", "date_acq": "2026-08-10T1858", "confidence": "n", "brightness": "338.37", "frp": "2.46", "daynight": "N"}}, {"type": "Feature", "geometry": {"type": "Point", "coordinates": [110.14006, -1.7165]}, "properties": {"species": "pongo_pygmaeus", "date_acq": "2026-08-10T1858", "confidence": "n", "brightness": "312.87", "frp": "5.02", "daynight": "N"}}, {"type": "Feature", "geometry": {"type": "Point", "coordinates": [110.26571, -1.71648]}, "properties": {"species": "pongo_pygmaeus", "date_acq": "2026-08-10T1858", "confidence": "n", "brightness": "346.74", "frp": "5.74", "daynight": "N"}}, {"type": "Feature", "geometry": {"type": "Point", "coordinates": [110.25719, -1.71609]}, "properties": {"species": "pongo_pygmaeus", "date_acq": "2026-08-10T1858", "confidence": "n", "brightness": "308.28", "frp": "6.18", "daynight": "N"}}, {"type": "Feature", "geometry": {"type": "Point", "coordinates": [110.26096, -1.71577]}, "properties": {"species": "pongo_pygmaeus", "date_acq": "2026-08-10T1858", "confidence": "n", "brightness": "323.56", "frp": "5.74", "daynight": "N"}}, {"type": "Feature", "geometry": {"type": "Point", "coordinates": [110.16446, -1.7139]}, "properties": {"species": "pongo_pygmaeus", "date_acq": "2026-08-10T1858", "confidence": "n", "brightness": "312.81", "frp": "1.9", "daynight": "N"}}, {"type": "Feature", "geometry": {"type": "Point", "coordinates": [110.16098, -1.71356]}, "properties": {"species": "pongo_pygmaeus", "date_acq": "2026-08-10T1858", "confidence": "n", "brightness": "307.4", "frp": "2.18", "daynight": "N"}}, {"type": "Feature", "geometry": {"type": "Point", "coordinates": [110.27431, -1.69977]}, "properties": {"species": "pongo_pygmaeus", "date_acq": "2026-08-10T1858", "confidence": "n", "brightness": "320.56", "frp": "2.49", "daynight": "N"}}, {"type": "Feature", "geometry": {"type": "Point", "coordinates": [110.26958, -1.69903]}, "properties": {"species": "pongo_pygmaeus", "date_acq": "2026-08-10T1858", "confidence": "n", "brightness": "310.71", "frp": "2.49", "daynight": "N"}}, {"type": "Feature", "geometry": {"type": "Point", "coordinates": [110.16761, -1.4579]}, "properties": {"species": "pongo_pygmaeus", "date_acq": "2026-08-10T1858", "confidence": "n", "brightness": "320.05", "frp": "2.48", "daynight": "N"}}, {"type": "Feature", "geometry": {"type": "Point", "coordinates": [110.15928, -1.45033]}, "properties": {"species": "pongo_pygmaeus", "date_acq": "2026-08-10T1858", "confidence": "n", "brightness": "312.13", "frp": "2.38", "daynight": "N"}}, {"type": "Feature", "geometry": {"type": "Point", "coordinates": [110.15465, -1.44961]}, "properties": {"species": "pongo_pygmaeus", "date_acq": "2026-08-10T1858", "confidence": "n", "brightness": "318.09", "frp": "2.89", "daynight": "N"}}, {"type": "Feature", "geometry": {"type": "Point", "coordinates": [110.10747, -1.36761]}, "properties": {"species": "pongo_pygmaeus", "date_acq": "2026-08-10T1858", "confidence": "n", "brightness": "306.43", "frp": "1.47", "daynight": "N"}}, {"type": "Feature", "geometry": {"type": "Point", "coordinates": [110.10617, -1.36718]}, "properties": {"species": "pongo_pygmaeus", "date_acq": "2026-08-10T1858", "confidence": "n", "brightness": "307.28", "frp": "2.37", "daynight": "N"}}, {"type": "Feature", "geometry": {"type": "Point", "coordinates": [110.10844, -1.36153]}, "properties": {"species": "pongo_pygmaeus", "date_acq": "2026-08-10T1858", "confidence": "n", "brightness": "303.37", "frp": "1.24", "daynight": "N"}}, {"type": "Feature", "geometry": {"type": "Point", "coordinates": [110.08947, -1.33361]}, "properties": {"species": "pongo_pygmaeus", "date_acq": "2026-08-10T1858", "confidence": "n", "brightness": "304.19", "frp": "0.96", "daynight": "N"}}, {"type": "Feature", "geometry": {"type": "Point", "coordinates": [110.11769, -1.33177]}, "properties": {"species": "pongo_pygmaeus", "date_acq": "2026-08-10T1858", "confidence": "n", "brightness": "307.39", "frp": "1.73", "daynight": "N"}}, {"type": "Feature", "geometry": {"type": "Point", "coordinates": [111.85847, 0.66018]}, "properties": {"species": "pongo_pygmaeus", "date_acq": "2026-08-10T1858", "confidence": "n", "brightness": "302.76", "frp": "1.05", "daynight": "N"}}, {"type": "Feature", "geometry": {"type": "Point", "coordinates": [112.36296, -3.16154]}, "properties": {"species": "pongo_pygmaeus", "date_acq": "2026-08-11T557", "confidence": "n", "brightness": "331.51", "frp": "18.63", "daynight": "D"}}, {"type": "Feature", "geometry": {"type": "Point", "coordinates": [112.36644, -3.15738]}, "properties": {"species": "pongo_pygmaeus", "date_acq": "2026-08-11T557", "confidence": "n", "brightness": "348.04", "frp": "9.49", "daynight": "D"}}, {"type": "Feature", "geometry": {"type": "Point", "coordinates": [112.87974, -3.1234]}, "properties": {"species": "pongo_pygmaeus", "date_acq": "2026-08-11T557", "confidence": "n", "brightness": "346.78", "frp": "48.55", "daynight": "D"}}, {"type": "Feature", "geometry": {"type": "Point", "coordinates": [112.88354, -3.12282]}, "properties": {"species": "pongo_pygmaeus", "date_acq": "2026-08-11T557", "confidence": "n", "brightness": "355.76", "frp": "41.93", "daynight": "D"}}, {"type": "Feature", "geometry": {"type": "Point", "coordinates": [112.38056, -3.11256]}, "properties": {"species": "pongo_pygmaeus", "date_acq": "2026-08-11T557", "confidence": "n", "brightness": "336.21", "frp": "4.07", "daynight": "D"}}, {"type": "Feature", "geometry": {"type": "Point", "coordinates": [112.8564, -3.01869]}, "properties": {"species": "pongo_pygmaeus", "date_acq": "2026-08-11T557", "confidence": "n", "brightness": "342.62", "frp": "18.49", "daynight": "D"}}, {"type": "Feature", "geometry": {"type": "Point", "coordinates": [112.85207, -3.01579]}, "properties": {"species": "pongo_pygmaeus", "date_acq": "2026-08-11T557", "confidence": "n", "brightness": "333.41", "frp": "18.49", "daynight": "D"}}, {"type": "Feature", "geometry": {"type": "Point", "coordinates": [112.42311, -2.92943]}, "properties": {"species": "pongo_pygmaeus", "date_acq": "2026-08-11T557", "confidence": "n", "brightness": "332.22", "frp": "8.17", "daynight": "D"}}, {"type": "Feature", "geometry": {"type": "Point", "coordinates": [112.84138, -2.57807]}, "properties": {"species": "pongo_pygmaeus", "date_acq": "2026-08-11T557", "confidence": "n", "brightness": "337.82", "frp": "4.36", "daynight": "D"}}, {"type": "Feature", "geometry": {"type": "Point", "coordinates": [110.279, -2.25469]}, "properties": {"species": "pongo_pygmaeus", "date_acq": "2026-08-11T557", "confidence": "n", "brightness": "342.07", "frp": "7.66", "daynight": "D"}}, {"type": "Feature", "geometry": {"type": "Point", "coordinates": [110.27626, -2.25332]}, "properties": {"species": "pongo_pygmaeus", "date_acq": "2026-08-11T557", "confidence": "l", "brightness": "334.25", "frp": "7.6", "daynight": "D"}}, {"type": "Feature", "geometry": {"type": "Point", "coordinates": [110.2813, -2.25259]}, "properties": {"species": "pongo_pygmaeus", "date_acq": "2026-08-11T557", "confidence": "n", "brightness": "346.93", "frp": "13.75", "daynight": "D"}}, {"type": "Feature", "geometry": {"type": "Point", "coordinates": [110.2784, -2.25074]}, "properties": {"species": "pongo_pygmaeus", "date_acq": "2026-08-11T557", "confidence": "n", "brightness": "338.83", "frp": "7.66", "daynight": "D"}}, {"type": "Feature", "geometry": {"type": "Point", "coordinates": [111.13375, -2.11937]}, "properties": {"species": "pongo_pygmaeus", "date_acq": "2026-08-11T557", "confidence": "n", "brightness": "342.16", "frp": "60.84", "daynight": "D"}}, {"type": "Feature", "geometry": {"type": "Point", "coordinates": [111.15446, -2.1047]}, "properties": {"species": "pongo_pygmaeus", "date_acq": "2026-08-11T557", "confidence": "n", "brightness": "345.35", "frp": "12.2", "daynight": "D"}}, {"type": "Feature", "geometry": {"type": "Point", "coordinates": [111.10159, -2.0859]}, "properties": {"species": "pongo_pygmaeus", "date_acq": "2026-08-11T557", "confidence": "n", "brightness": "336.92", "frp": "8.67", "daynight": "D"}}, {"type": "Feature", "geometry": {"type": "Point", "coordinates": [110.95313, -2.01184]}, "properties": {"species": "pongo_pygmaeus", "date_acq": "2026-08-11T557", "confidence": "n", "brightness": "333.11", "frp": "6.56", "daynight": "D"}}, {"type": "Feature", "geometry": {"type": "Point", "coordinates": [110.30067, -1.99142]}, "properties": {"species": "pongo_pygmaeus", "date_acq": "2026-08-11T557", "confidence": "n", "brightness": "334.78", "frp": "6.68", "daynight": "D"}}, {"type": "Feature", "geometry": {"type": "Point", "coordinates": [110.30008, -1.98748]}, "properties": {"species": "pongo_pygmaeus", "date_acq": "2026-08-11T557", "confidence": "n", "brightness": "331.45", "frp": "4.35", "daynight": "D"}}, {"type": "Feature", "geometry": {"type": "Point", "coordinates": [110.20283, -1.98597]}, "properties": {"species": "pongo_pygmaeus", "date_acq": "2026-08-11T557", "confidence": "n", "brightness": "347.56", "frp": "27.28", "daynight": "D"}}, {"type": "Feature", "geometry": {"type": "Point", "coordinates": [111.27336, -1.98592]}, "properties": {"species": "pongo_pygmaeus", "date_acq": "2026-08-11T557", "confidence": "n", "brightness": "339.52", "frp": "3.51", "daynight": "D"}}, {"type": "Feature", "geometry": {"type": "Point", "coordinates": [110.20789, -1.98521]}, "properties": {"species": "pongo_pygmaeus", "date_acq": "2026-08-11T557", "confidence": "n", "brightness": "349.21", "frp": "26.45", "daynight": "D"}}, {"type": "Feature", "geometry": {"type": "Point", "coordinates": [110.2073, -1.98125]}, "properties": {"species": "pongo_pygmaeus", "date_acq": "2026-08-11T557", "confidence": "h", "brightness": "367", "frp": "26.45", "daynight": "D"}}, {"type": "Feature", "geometry": {"type": "Point", "coordinates": [110.15135, -1.89378]}, "properties": {"species": "pongo_pygmaeus", "date_acq": "2026-08-11T557", "confidence": "l", "brightness": "332.97", "frp": "10.81", "daynight": "D"}}, {"type": "Feature", "geometry": {"type": "Point", "coordinates": [110.14063, -1.89134]}, "properties": {"species": "pongo_pygmaeus", "date_acq": "2026-08-11T557", "confidence": "l", "brightness": "333.23", "frp": "9.42", "daynight": "D"}}, {"type": "Feature", "geometry": {"type": "Point", "coordinates": [110.15581, -1.88906]}, "properties": {"species": "pongo_pygmaeus", "date_acq": "2026-08-11T557", "confidence": "l", "brightness": "337.83", "frp": "4.82", "daynight": "D"}}, {"type": "Feature", "geometry": {"type": "Point", "coordinates": [110.16084, -1.8883]}, "properties": {"species": "pongo_pygmaeus", "date_acq": "2026-08-11T557", "confidence": "n", "brightness": "334.74", "frp": "4.82", "daynight": "D"}}, {"type": "Feature", "geometry": {"type": "Point", "coordinates": [110.16025, -1.88433]}, "properties": {"species": "pongo_pygmaeus", "date_acq": "2026-08-11T557", "confidence": "n", "brightness": "334.22", "frp": "7.7", "daynight": "D"}}, {"type": "Feature", "geometry": {"type": "Point", "coordinates": [110.15907, -1.8764]}, "properties": {"species": "pongo_pygmaeus", "date_acq": "2026-08-11T557", "confidence": "n", "brightness": "340.5", "frp": "8.29", "daynight": "D"}}, {"type": "Feature", "geometry": {"type": "Point", "coordinates": [110.1641, -1.87565]}, "properties": {"species": "pongo_pygmaeus", "date_acq": "2026-08-11T557", "confidence": "n", "brightness": "354.03", "frp": "32.86", "daynight": "D"}}, {"type": "Feature", "geometry": {"type": "Point", "coordinates": [110.15849, -1.87244]}, "properties": {"species": "pongo_pygmaeus", "date_acq": "2026-08-11T557", "confidence": "n", "brightness": "349.4", "frp": "8.29", "daynight": "D"}}, {"type": "Feature", "geometry": {"type": "Point", "coordinates": [110.16351, -1.87169]}, "properties": {"species": "pongo_pygmaeus", "date_acq": "2026-08-11T557", "confidence": "n", "brightness": "347.43", "frp": "32.86", "daynight": "D"}}, {"type": "Feature", "geometry": {"type": "Point", "coordinates": [111.35343, -1.86217]}, "properties": {"species": "pongo_pygmaeus", "date_acq": "2026-08-11T557", "confidence": "n", "brightness": "341.55", "frp": "5.68", "daynight": "D"}}, {"type": "Feature", "geometry": {"type": "Point", "coordinates": [111.36204, -1.86085]}, "properties": {"species": "pongo_pygmaeus", "date_acq": "2026-08-11T557", "confidence": "n", "brightness": "333.66", "frp": "11.83", "daynight": "D"}}, {"type": "Feature", "geometry": {"type": "Point", "coordinates": [111.36636, -1.86018]}, "properties": {"species": "pongo_pygmaeus", "date_acq": "2026-08-11T557", "confidence": "n", "brightness": "342.08", "frp": "9.63", "daynight": "D"}}, {"type": "Feature", "geometry": {"type": "Point", "coordinates": [111.73796, -1.83693]}, "properties": {"species": "pongo_pygmaeus", "date_acq": "2026-08-11T557", "confidence": "n", "brightness": "346.53", "frp": "5.53", "daynight": "D"}}, {"type": "Feature", "geometry": {"type": "Point", "coordinates": [111.98663, -1.79611]}, "properties": {"species": "pongo_pygmaeus", "date_acq": "2026-08-11T557", "confidence": "n", "brightness": "346.28", "frp": "10.3", "daynight": "D"}}, {"type": "Feature", "geometry": {"type": "Point", "coordinates": [111.9857, -1.78714]}, "properties": {"species": "pongo_pygmaeus", "date_acq": "2026-08-11T557", "confidence": "n", "brightness": "331.5", "frp": "5.88", "daynight": "D"}}, {"type": "Feature", "geometry": {"type": "Point", "coordinates": [111.54948, -1.77237]}, "properties": {"species": "pongo_pygmaeus", "date_acq": "2026-08-11T557", "confidence": "n", "brightness": "331.97", "frp": "3.12", "daynight": "D"}}, {"type": "Feature", "geometry": {"type": "Point", "coordinates": [110.22588, -1.75895]}, "properties": {"species": "pongo_pygmaeus", "date_acq": "2026-08-11T557", "confidence": "n", "brightness": "336.77", "frp": "6.42", "daynight": "D"}}, {"type": "Feature", "geometry": {"type": "Point", "coordinates": [110.24724, -1.73161]}, "properties": {"species": "pongo_pygmaeus", "date_acq": "2026-08-11T557", "confidence": "n", "brightness": "335.82", "frp": "13.14", "daynight": "D"}}, {"type": "Feature", "geometry": {"type": "Point", "coordinates": [110.24406, -1.72865]}, "properties": {"species": "pongo_pygmaeus", "date_acq": "2026-08-11T557", "confidence": "n", "brightness": "356", "frp": "36.21", "daynight": "D"}}, {"type": "Feature", "geometry": {"type": "Point", "coordinates": [110.24168, -1.72841]}, "properties": {"species": "pongo_pygmaeus", "date_acq": "2026-08-11T557", "confidence": "n", "brightness": "333.05", "frp": "9.83", "daynight": "D"}}, {"type": "Feature", "geometry": {"type": "Point", "coordinates": [110.24664, -1.72768]}, "properties": {"species": "pongo_pygmaeus", "date_acq": "2026-08-11T557", "confidence": "n", "brightness": "350.63", "frp": "13.14", "daynight": "D"}}, {"type": "Feature", "geometry": {"type": "Point", "coordinates": [110.2589, -1.72635]}, "properties": {"species": "pongo_pygmaeus", "date_acq": "2026-08-11T557", "confidence": "n", "brightness": "349.3", "frp": "14.32", "daynight": "D"}}, {"type": "Feature", "geometry": {"type": "Point", "coordinates": [110.25658, -1.72621]}, "properties": {"species": "pongo_pygmaeus", "date_acq": "2026-08-11T557", "confidence": "n", "brightness": "341.16", "frp": "11.52", "daynight": "D"}}, {"type": "Feature", "geometry": {"type": "Point", "coordinates": [110.26154, -1.72547]}, "properties": {"species": "pongo_pygmaeus", "date_acq": "2026-08-11T557", "confidence": "n", "brightness": "352.41", "frp": "11.52", "daynight": "D"}}, {"type": "Feature", "geometry": {"type": "Point", "coordinates": [110.04265, -1.7232]}, "properties": {"species": "pongo_pygmaeus", "date_acq": "2026-08-11T557", "confidence": "n", "brightness": "341.91", "frp": "15.75", "daynight": "D"}}, {"type": "Feature", "geometry": {"type": "Point", "coordinates": [110.25337, -1.72318]}, "properties": {"species": "pongo_pygmaeus", "date_acq": "2026-08-11T557", "confidence": "l", "brightness": "333.57", "frp": "16.31", "daynight": "D"}}, {"type": "Feature", "geometry": {"type": "Point", "coordinates": [110.25833, -1.72242]}, "properties": {"species": "pongo_pygmaeus", "date_acq": "2026-08-11T557", "confidence": "n", "brightness": "347.88", "frp": "14.32", "daynight": "D"}}, {"type": "Feature", "geometry": {"type": "Point", "coordinates": [110.25599, -1.72227]}, "properties": {"species": "pongo_pygmaeus", "date_acq": "2026-08-11T557", "confidence": "l", "brightness": "334.27", "frp": "7.87", "daynight": "D"}}, {"type": "Feature", "geometry": {"type": "Point", "coordinates": [110.26328, -1.72165]}, "properties": {"species": "pongo_pygmaeus", "date_acq": "2026-08-11T557", "confidence": "n", "brightness": "357.21", "frp": "14.32", "daynight": "D"}}, {"type": "Feature", "geometry": {"type": "Point", "coordinates": [110.26096, -1.72154]}, "properties": {"species": "pongo_pygmaeus", "date_acq": "2026-08-11T557", "confidence": "n", "brightness": "355.69", "frp": "7.87", "daynight": "D"}}, {"type": "Feature", "geometry": {"type": "Point", "coordinates": [110.26591, -1.72081]}, "properties": {"species": "pongo_pygmaeus", "date_acq": "2026-08-11T557", "confidence": "n", "brightness": "354.67", "frp": "13.52", "daynight": "D"}}, {"type": "Feature", "geometry": {"type": "Point", "coordinates": [110.27086, -1.72008]}, "properties": {"species": "pongo_pygmaeus", "date_acq": "2026-08-11T557", "confidence": "n", "brightness": "336.07", "frp": "13.52", "daynight": "D"}}, {"type": "Feature", "geometry": {"type": "Point", "coordinates": [110.14572, -1.71961]}, "properties": {"species": "pongo_pygmaeus", "date_acq": "2026-08-11T557", "confidence": "n", "brightness": "343.22", "frp": "12.44", "daynight": "D"}}, {"type": "Feature", "geometry": {"type": "Point", "coordinates": [110.26036, -1.71761]}, "properties": {"species": "pongo_pygmaeus", "date_acq": "2026-08-11T557", "confidence": "n", "brightness": "330.45", "frp": "7.87", "daynight": "D"}}, {"type": "Feature", "geometry": {"type": "Point", "coordinates": [110.16579, -1.71652]}, "properties": {"species": "pongo_pygmaeus", "date_acq": "2026-08-11T557", "confidence": "n", "brightness": "340.31", "frp": "5.81", "daynight": "D"}}, {"type": "Feature", "geometry": {"type": "Point", "coordinates": [110.14012, -1.71642]}, "properties": {"species": "pongo_pygmaeus", "date_acq": "2026-08-11T557", "confidence": "n", "brightness": "335.96", "frp": "12.24", "daynight": "D"}}, {"type": "Feature", "geometry": {"type": "Point", "coordinates": [110.14515, -1.71565]}, "properties": {"species": "pongo_pygmaeus", "date_acq": "2026-08-11T557", "confidence": "n", "brightness": "339.39", "frp": "12.44", "daynight": "D"}}, {"type": "Feature", "geometry": {"type": "Point", "coordinates": [110.28069, -1.7029]}, "properties": {"species": "pongo_pygmaeus", "date_acq": "2026-08-11T557", "confidence": "n", "brightness": "341.83", "frp": "10.15", "daynight": "D"}}, {"type": "Feature", "geometry": {"type": "Point", "coordinates": [110.07082, -1.70263]}, "properties": {"species": "pongo_pygmaeus", "date_acq": "2026-08-11T557", "confidence": "n", "brightness": "348.05", "frp": "15.46", "daynight": "D"}}, {"type": "Feature", "geometry": {"type": "Point", "coordinates": [110.28562, -1.70214]}, "properties": {"species": "pongo_pygmaeus", "date_acq": "2026-08-11T557", "confidence": "n", "brightness": "337.36", "frp": "8.24", "daynight": "D"}}, {"type": "Feature", "geometry": {"type": "Point", "coordinates": [110.27516, -1.69973]}, "properties": {"species": "pongo_pygmaeus", "date_acq": "2026-08-11T557", "confidence": "n", "brightness": "334.63", "frp": "6.97", "daynight": "D"}}, {"type": "Feature", "geometry": {"type": "Point", "coordinates": [110.28008, -1.69898]}, "properties": {"species": "pongo_pygmaeus", "date_acq": "2026-08-11T557", "confidence": "n", "brightness": "336.88", "frp": "6.97", "daynight": "D"}}, {"type": "Feature", "geometry": {"type": "Point", "coordinates": [110.28502, -1.69822]}, "properties": {"species": "pongo_pygmaeus", "date_acq": "2026-08-11T557", "confidence": "n", "brightness": "335.31", "frp": "2.53", "daynight": "D"}}, {"type": "Feature", "geometry": {"type": "Point", "coordinates": [114.47742, -1.66712]}, "properties": {"species": "pongo_pygmaeus", "date_acq": "2026-08-11T557", "confidence": "n", "brightness": "335.21", "frp": "5.82", "daynight": "D"}}, {"type": "Feature", "geometry": {"type": "Point", "coordinates": [115.05921, -1.6559]}, "properties": {"species": "pongo_pygmaeus", "date_acq": "2026-08-11T557", "confidence": "l", "brightness": "332.68", "frp": "4.16", "daynight": "D"}}, {"type": "Feature", "geometry": {"type": "Point", "coordinates": [116.00743, -1.60324]}, "properties": {"species": "pongo_pygmaeus", "date_acq": "2026-08-11T557", "confidence": "n", "brightness": "333.4", "frp": "4.5", "daynight": "D"}}, {"type": "Feature", "geometry": {"type": "Point", "coordinates": [110.82772, -1.56065]}, "properties": {"species": "pongo_pygmaeus", "date_acq": "2026-08-11T557", "confidence": "n", "brightness": "334.8", "frp": "5.26", "daynight": "D"}}, {"type": "Feature", "geometry": {"type": "Point", "coordinates": [114.41035, -1.55581]}, "properties": {"species": "pongo_pygmaeus", "date_acq": "2026-08-11T557", "confidence": "n", "brightness": "334.5", "frp": "4.78", "daynight": "D"}}, {"type": "Feature", "geometry": {"type": "Point", "coordinates": [114.40985, -1.55248]}, "properties": {"species": "pongo_pygmaeus", "date_acq": "2026-08-11T557", "confidence": "n", "brightness": "335.09", "frp": "5.13", "daynight": "D"}}, {"type": "Feature", "geometry": {"type": "Point", "coordinates": [114.29792, -1.54301]}, "properties": {"species": "pongo_pygmaeus", "date_acq": "2026-08-11T557", "confidence": "n", "brightness": "338.6", "frp": "4.16", "daynight": "D"}}, {"type": "Feature", "geometry": {"type": "Point", "coordinates": [110.16805, -1.46025]}, "properties": {"species": "pongo_pygmaeus", "date_acq": "2026-08-11T557", "confidence": "n", "brightness": "350.49", "frp": "21.56", "daynight": "D"}}, {"type": "Feature", "geometry": {"type": "Point", "coordinates": [110.16746, -1.45631]}, "properties": {"species": "pongo_pygmaeus", "date_acq": "2026-08-11T557", "confidence": "n", "brightness": "334.85", "frp": "21.56", "daynight": "D"}}, {"type": "Feature", "geometry": {"type": "Point", "coordinates": [110.1619, -1.45312]}, "properties": {"species": "pongo_pygmaeus", "date_acq": "2026-08-11T557", "confidence": "n", "brightness": "332.2", "frp": "6.19", "daynight": "D"}}, {"type": "Feature", "geometry": {"type": "Point", "coordinates": [110.16131, -1.44918]}, "properties": {"species": "pongo_pygmaeus", "date_acq": "2026-08-11T557", "confidence": "n", "brightness": "337.61", "frp": "6.19", "daynight": "D"}}, {"type": "Feature", "geometry": {"type": "Point", "coordinates": [114.20338, -1.43934]}, "properties": {"species": "pongo_pygmaeus", "date_acq": "2026-08-11T557", "confidence": "n", "brightness": "335.32", "frp": "4.4", "daynight": "D"}}, {"type": "Feature", "geometry": {"type": "Point", "coordinates": [110.10711, -1.37405]}, "properties": {"species": "pongo_pygmaeus", "date_acq": "2026-08-11T557", "confidence": "n", "brightness": "354.41", "frp": "19.53", "daynight": "D"}}, {"type": "Feature", "geometry": {"type": "Point", "coordinates": [110.10652, -1.3701]}, "properties": {"species": "pongo_pygmaeus", "date_acq": "2026-08-11T557", "confidence": "n", "brightness": "352.23", "frp": "23.04", "daynight": "D"}}, {"type": "Feature", "geometry": {"type": "Point", "coordinates": [110.11152, -1.36934]}, "properties": {"species": "pongo_pygmaeus", "date_acq": "2026-08-11T557", "confidence": "n", "brightness": "335.29", "frp": "21.2", "daynight": "D"}}, {"type": "Feature", "geometry": {"type": "Point", "coordinates": [110.09589, -1.36768]}, "properties": {"species": "pongo_pygmaeus", "date_acq": "2026-08-11T557", "confidence": "n", "brightness": "342.72", "frp": "13.55", "daynight": "D"}}, {"type": "Feature", "geometry": {"type": "Point", "coordinates": [114.3162, -1.36415]}, "properties": {"species": "pongo_pygmaeus", "date_acq": "2026-08-11T557", "confidence": "n", "brightness": "336.98", "frp": "23.44", "daynight": "D"}}, {"type": "Feature", "geometry": {"type": "Point", "coordinates": [110.09529, -1.36372]}, "properties": {"species": "pongo_pygmaeus", "date_acq": "2026-08-11T557", "confidence": "n", "brightness": "340.13", "frp": "15.18", "daynight": "D"}}, {"type": "Feature", "geometry": {"type": "Point", "coordinates": [114.3157, -1.36082]}, "properties": {"species": "pongo_pygmaeus", "date_acq": "2026-08-11T557", "confidence": "n", "brightness": "336.11", "frp": "23.44", "daynight": "D"}}, {"type": "Feature", "geometry": {"type": "Point", "coordinates": [110.12181, -1.33552]}, "properties": {"species": "pongo_pygmaeus", "date_acq": "2026-08-11T557", "confidence": "n", "brightness": "345.57", "frp": "17.38", "daynight": "D"}}, {"type": "Feature", "geometry": {"type": "Point", "coordinates": [110.12679, -1.33477]}, "properties": {"species": "pongo_pygmaeus", "date_acq": "2026-08-11T557", "confidence": "n", "brightness": "331.35", "frp": "2.3", "daynight": "D"}}, {"type": "Feature", "geometry": {"type": "Point", "coordinates": [114.14169, -1.31312]}, "properties": {"species": "pongo_pygmaeus", "date_acq": "2026-08-11T557", "confidence": "n", "brightness": "347.21", "frp": "6.22", "daynight": "D"}}, {"type": "Feature", "geometry": {"type": "Point", "coordinates": [111.58764, -1.28231]}, "properties": {"species": "pongo_pygmaeus", "date_acq": "2026-08-11T557", "confidence": "n", "brightness": "336.06", "frp": "5.48", "daynight": "D"}}, {"type": "Feature", "geometry": {"type": "Point", "coordinates": [114.33726, -1.26962]}, "properties": {"species": "pongo_pygmaeus", "date_acq": "2026-08-11T557", "confidence": "n", "brightness": "334.37", "frp": "1.43", "daynight": "D"}}, {"type": "Feature", "geometry": {"type": "Point", "coordinates": [114.32287, -1.24457]}, "properties": {"species": "pongo_pygmaeus", "date_acq": "2026-08-11T557", "confidence": "n", "brightness": "338.3", "frp": "5.6", "daynight": "D"}}, {"type": "Feature", "geometry": {"type": "Point", "coordinates": [112.00044, -0.99555]}, "properties": {"species": "pongo_pygmaeus", "date_acq": "2026-08-11T557", "confidence": "n", "brightness": "330.02", "frp": "4.33", "daynight": "D"}}, {"type": "Feature", "geometry": {"type": "Point", "coordinates": [110.14151, -0.84548]}, "properties": {"species": "pongo_pygmaeus", "date_acq": "2026-08-11T557", "confidence": "l", "brightness": "330.18", "frp": "3.1", "daynight": "D"}}, {"type": "Feature", "geometry": {"type": "Point", "coordinates": [111.37576, -0.56655]}, "properties": {"species": "pongo_pygmaeus", "date_acq": "2026-08-11T557", "confidence": "n", "brightness": "345.45", "frp": "6.62", "daynight": "D"}}, {"type": "Feature", "geometry": {"type": "Point", "coordinates": [112.62417, -0.37031]}, "properties": {"species": "pongo_pygmaeus", "date_acq": "2026-08-11T557", "confidence": "l", "brightness": "344.16", "frp": "80.46", "daynight": "D"}}, {"type": "Feature", "geometry": {"type": "Point", "coordinates": [111.24518, -0.36686]}, "properties": {"species": "pongo_pygmaeus", "date_acq": "2026-08-11T557", "confidence": "n", "brightness": "343.27", "frp": "16.55", "daynight": "D"}}, {"type": "Feature", "geometry": {"type": "Point", "coordinates": [113.16399, 0.02377]}, "properties": {"species": "pongo_pygmaeus", "date_acq": "2026-08-11T557", "confidence": "n", "brightness": "335.09", "frp": "8.07", "daynight": "D"}}, {"type": "Feature", "geometry": {"type": "Point", "coordinates": [117.21478, 0.50463]}, "properties": {"species": "pongo_pygmaeus", "date_acq": "2026-08-11T557", "confidence": "n", "brightness": "336.4", "frp": "5.34", "daynight": "D"}}, {"type": "Feature", "geometry": {"type": "Point", "coordinates": [117.2532, 0.5558]}, "properties": {"species": "pongo_pygmaeus", "date_acq": "2026-08-11T557", "confidence": "n", "brightness": "332.83", "frp": "4.67", "daynight": "D"}}, {"type": "Feature", "geometry": {"type": "Point", "coordinates": [117.33849, 0.57612]}, "properties": {"species": "pongo_pygmaeus", "date_acq": "2026-08-11T557", "confidence": "n", "brightness": "330.07", "frp": "4.95", "daynight": "D"}}, {"type": "Feature", "geometry": {"type": "Point", "coordinates": [114.38581, 0.69138]}, "properties": {"species": "pongo_pygmaeus", "date_acq": "2026-08-11T557", "confidence": "n", "brightness": "334.13", "frp": "4.01", "daynight": "D"}}, {"type": "Feature", "geometry": {"type": "Point", "coordinates": [113.4778, 0.94735]}, "properties": {"species": "pongo_pygmaeus", "date_acq": "2026-08-11T557", "confidence": "n", "brightness": "344.82", "frp": "72.35", "daynight": "D"}}, {"type": "Feature", "geometry": {"type": "Point", "coordinates": [116.91912, 1.28692]}, "properties": {"species": "pongo_pygmaeus", "date_acq": "2026-08-11T557", "confidence": "n", "brightness": "339.8", "frp": "4.41", "daynight": "D"}}, {"type": "Feature", "geometry": {"type": "Point", "coordinates": [117.18049, 1.32299]}, "properties": {"species": "pongo_pygmaeus", "date_acq": "2026-08-11T557", "confidence": "n", "brightness": "333.16", "frp": "13", "daynight": "D"}}, {"type": "Feature", "geometry": {"type": "Point", "coordinates": [116.91763, 1.32322]}, "properties": {"species": "pongo_pygmaeus", "date_acq": "2026-08-11T557", "confidence": "n", "brightness": "332.13", "frp": "12.18", "daynight": "D"}}, {"type": "Feature", "geometry": {"type": "Point", "coordinates": [117.18462, 1.32362]}, "properties": {"species": "pongo_pygmaeus", "date_acq": "2026-08-11T557", "confidence": "n", "brightness": "334.6", "frp": "13", "daynight": "D"}}, {"type": "Feature", "geometry": {"type": "Point", "coordinates": [116.92166, 1.32384]}, "properties": {"species": "pongo_pygmaeus", "date_acq": "2026-08-11T557", "confidence": "n", "brightness": "338.14", "frp": "57.88", "daynight": "D"}}, {"type": "Feature", "geometry": {"type": "Point", "coordinates": [116.9257, 1.32447]}, "properties": {"species": "pongo_pygmaeus", "date_acq": "2026-08-11T557", "confidence": "n", "brightness": "339.53", "frp": "57.88", "daynight": "D"}}, {"type": "Feature", "geometry": {"type": "Point", "coordinates": [116.92113, 1.32742]}, "properties": {"species": "pongo_pygmaeus", "date_acq": "2026-08-11T557", "confidence": "n", "brightness": "352.13", "frp": "19.46", "daynight": "D"}}, {"type": "Feature", "geometry": {"type": "Point", "coordinates": [117.24175, 1.48466]}, "properties": {"species": "pongo_pygmaeus", "date_acq": "2026-08-11T557", "confidence": "n", "brightness": "338.61", "frp": "4.57", "daynight": "D"}}, {"type": "Feature", "geometry": {"type": "Point", "coordinates": [117.24592, 1.48531]}, "properties": {"species": "pongo_pygmaeus", "date_acq": "2026-08-11T557", "confidence": "n", "brightness": "331.13", "frp": "4.57", "daynight": "D"}}, {"type": "Feature", "geometry": {"type": "Point", "coordinates": [117.23722, 1.49544]}, "properties": {"species": "pongo_pygmaeus", "date_acq": "2026-08-11T557", "confidence": "n", "brightness": "330.65", "frp": "2.79", "daynight": "D"}}, {"type": "Feature", "geometry": {"type": "Point", "coordinates": [117.18452, 1.68061]}, "properties": {"species": "pongo_pygmaeus", "date_acq": "2026-08-11T557", "confidence": "n", "brightness": "330.13", "frp": "3.58", "daynight": "D"}}, {"type": "Feature", "geometry": {"type": "Point", "coordinates": [117.18398, 1.68424]}, "properties": {"species": "pongo_pygmaeus", "date_acq": "2026-08-11T557", "confidence": "n", "brightness": "336.79", "frp": "5.47", "daynight": "D"}}, {"type": "Feature", "geometry": {"type": "Point", "coordinates": [116.64108, 0.15946]}, "properties": {"species": "pongo_pygmaeus", "date_acq": "2026-08-11T1658", "confidence": "n", "brightness": "315.12", "frp": "3.59", "daynight": "N"}}, {"type": "Feature", "geometry": {"type": "Point", "coordinates": [116.63699, 0.16092]}, "properties": {"species": "pongo_pygmaeus", "date_acq": "2026-08-11T1658", "confidence": "n", "brightness": "304.53", "frp": "1.7", "daynight": "N"}}, {"type": "Feature", "geometry": {"type": "Point", "coordinates": [117.24573, 1.48927]}, "properties": {"species": "pongo_pygmaeus", "date_acq": "2026-08-11T1658", "confidence": "n", "brightness": "307.01", "frp": "2.01", "daynight": "N"}}, {"type": "Feature", "geometry": {"type": "Point", "coordinates": [117.17952, 1.68359]}, "properties": {"species": "pongo_pygmaeus", "date_acq": "2026-08-11T1658", "confidence": "n", "brightness": "302.53", "frp": "1.37", "daynight": "N"}}, {"type": "Feature", "geometry": {"type": "Point", "coordinates": [116.64437, 0.15504]}, "properties": {"species": "pongo_pygmaeus", "date_acq": "2026-08-11T1838", "confidence": "n", "brightness": "301.94", "frp": "1.93", "daynight": "N"}}, {"type": "Feature", "geometry": {"type": "Point", "coordinates": [116.64456, 0.15765]}, "properties": {"species": "pongo_pygmaeus", "date_acq": "2026-08-11T1838", "confidence": "n", "brightness": "306.25", "frp": "1.91", "daynight": "N"}}, {"type": "Feature", "geometry": {"type": "Point", "coordinates": [116.63879, 0.15856]}, "properties": {"species": "pongo_pygmaeus", "date_acq": "2026-08-11T1838", "confidence": "n", "brightness": "304.83", "frp": "2.59", "daynight": "N"}}, {"type": "Feature", "geometry": {"type": "Point", "coordinates": [112.19926, 0.88006]}, "properties": {"species": "pongo_pygmaeus", "date_acq": "2026-08-11T1838", "confidence": "n", "brightness": "307.36", "frp": "1.76", "daynight": "N"}}, {"type": "Feature", "geometry": {"type": "Point", "coordinates": [112.19375, 0.88093]}, "properties": {"species": "pongo_pygmaeus", "date_acq": "2026-08-11T1838", "confidence": "n", "brightness": "312.19", "frp": "1.76", "daynight": "N"}}, {"type": "Feature", "geometry": {"type": "Point", "coordinates": [112.195, 0.88252]}, "properties": {"species": "pongo_pygmaeus", "date_acq": "2026-08-11T1838", "confidence": "n", "brightness": "314.43", "frp": "2.14", "daynight": "N"}}, {"type": "Feature", "geometry": {"type": "Point", "coordinates": [117.24591, 1.48833]}, "properties": {"species": "pongo_pygmaeus", "date_acq": "2026-08-11T1838", "confidence": "n", "brightness": "297.9", "frp": "2.88", "daynight": "N"}}, {"type": "Feature", "geometry": {"type": "Point", "coordinates": [117.18176, 1.68144]}, "properties": {"species": "pongo_pygmaeus", "date_acq": "2026-08-11T1838", "confidence": "n", "brightness": "298.48", "frp": "0.74", "daynight": "N"}}, {"type": "Feature", "geometry": {"type": "Point", "coordinates": [112.88546, -3.12026]}, "properties": {"species": "pongo_pygmaeus", "date_acq": "2026-08-11T1841", "confidence": "n", "brightness": "349.7", "frp": "3.81", "daynight": "N"}}, {"type": "Feature", "geometry": {"type": "Point", "coordinates": [112.88189, -3.11973]}, "properties": {"species": "pongo_pygmaeus", "date_acq": "2026-08-11T1841", "confidence": "n", "brightness": "312.17", "frp": "4.19", "daynight": "N"}}, {"type": "Feature", "geometry": {"type": "Point", "coordinates": [112.87833, -3.1192]}, "properties": {"species": "pongo_pygmaeus", "date_acq": "2026-08-11T1841", "confidence": "n", "brightness": "325.9", "frp": "4.19", "daynight": "N"}}, {"type": "Feature", "geometry": {"type": "Point", "coordinates": [112.87476, -3.11867]}, "properties": {"species": "pongo_pygmaeus", "date_acq": "2026-08-11T1841", "confidence": "n", "brightness": "328.38", "frp": "4.88", "daynight": "N"}}, {"type": "Feature", "geometry": {"type": "Point", "coordinates": [112.87913, -3.11371]}, "properties": {"species": "pongo_pygmaeus", "date_acq": "2026-08-11T1841", "confidence": "n", "brightness": "354.7", "frp": "4.9", "daynight": "N"}}, {"type": "Feature", "geometry": {"type": "Point", "coordinates": [112.8756, -3.11318]}, "properties": {"species": "pongo_pygmaeus", "date_acq": "2026-08-11T1841", "confidence": "n", "brightness": "331.84", "frp": "6.93", "daynight": "N"}}, {"type": "Feature", "geometry": {"type": "Point", "coordinates": [111.56055, -2.62121]}, "properties": {"species": "pongo_pygmaeus", "date_acq": "2026-08-11T1841", "confidence": "n", "brightness": "316.42", "frp": "4.32", "daynight": "N"}}, {"type": "Feature", "geometry": {"type": "Point", "coordinates": [111.57259, -2.61794]}, "properties": {"species": "pongo_pygmaeus", "date_acq": "2026-08-11T1841", "confidence": "n", "brightness": "310.51", "frp": "6.33", "daynight": "N"}}, {"type": "Feature", "geometry": {"type": "Point", "coordinates": [111.56694, -2.61708]}, "properties": {"species": "pongo_pygmaeus", "date_acq": "2026-08-11T1841", "confidence": "n", "brightness": "339.55", "frp": "6.33", "daynight": "N"}}, {"type": "Feature", "geometry": {"type": "Point", "coordinates": [111.56131, -2.61623]}, "properties": {"species": "pongo_pygmaeus", "date_acq": "2026-08-11T1841", "confidence": "n", "brightness": "355.52", "frp": "30.93", "daynight": "N"}}, {"type": "Feature", "geometry": {"type": "Point", "coordinates": [111.5677, -2.6121]}, "properties": {"species": "pongo_pygmaeus", "date_acq": "2026-08-11T1841", "confidence": "n", "brightness": "326.74", "frp": "6.33", "daynight": "N"}}, {"type": "Feature", "geometry": {"type": "Point", "coordinates": [111.41646, -2.38476]}, "properties": {"species": "pongo_pygmaeus", "date_acq": "2026-08-11T1841", "confidence": "n", "brightness": "306.78", "frp": "3.03", "daynight": "N"}}, {"type": "Feature", "geometry": {"type": "Point", "coordinates": [112.21062, -2.36749]}, "properties": {"species": "pongo_pygmaeus", "date_acq": "2026-08-11T1841", "confidence": "n", "brightness": "302.55", "frp": "0.69", "daynight": "N"}}, {"type": "Feature", "geometry": {"type": "Point", "coordinates": [110.2756, -2.25593]}, "properties": {"species": "pongo_pygmaeus", "date_acq": "2026-08-11T1841", "confidence": "n", "brightness": "303.94", "frp": "1.22", "daynight": "N"}}, {"type": "Feature", "geometry": {"type": "Point", "coordinates": [110.28333, -2.25365]}, "properties": {"species": "pongo_pygmaeus", "date_acq": "2026-08-11T1841", "confidence": "n", "brightness": "304.61", "frp": "1.14", "daynight": "N"}}, {"type": "Feature", "geometry": {"type": "Point", "coordinates": [110.27879, -2.25298]}, "properties": {"species": "pongo_pygmaeus", "date_acq": "2026-08-11T1841", "confidence": "n", "brightness": "315.91", "frp": "3.62", "daynight": "N"}}, {"type": "Feature", "geometry": {"type": "Point", "coordinates": [110.28082, -2.25212]}, "properties": {"species": "pongo_pygmaeus", "date_acq": "2026-08-11T1841", "confidence": "n", "brightness": "315.97", "frp": "2.96", "daynight": "N"}}, {"type": "Feature", "geometry": {"type": "Point", "coordinates": [111.13198, -2.12163]}, "properties": {"species": "pongo_pygmaeus", "date_acq": "2026-08-11T1841", "confidence": "n", "brightness": "304.5", "frp": "1.12", "daynight": "N"}}, {"type": "Feature", "geometry": {"type": "Point", "coordinates": [111.15614, -2.10075]}, "properties": {"species": "pongo_pygmaeus", "date_acq": "2026-08-11T1841", "confidence": "n", "brightness": "309.97", "frp": "2.14", "daynight": "N"}}, {"type": "Feature", "geometry": {"type": "Point", "coordinates": [111.1357, -2.07409]}, "properties": {"species": "pongo_pygmaeus", "date_acq": "2026-08-11T1841", "confidence": "n", "brightness": "308.27", "frp": "1.42", "daynight": "N"}}, {"type": "Feature", "geometry": {"type": "Point", "coordinates": [111.13338, -2.07276]}, "properties": {"species": "pongo_pygmaeus", "date_acq": "2026-08-11T1841", "confidence": "n", "brightness": "305.24", "frp": "1.67", "daynight": "N"}}, {"type": "Feature", "geometry": {"type": "Point", "coordinates": [114.1334, -2.0345]}, "properties": {"species": "pongo_pygmaeus", "date_acq": "2026-08-11T1841", "confidence": "n", "brightness": "300.9", "frp": "1.09", "daynight": "N"}}, {"type": "Feature", "geometry": {"type": "Point", "coordinates": [110.22665, -2.03297]}, "properties": {"species": "pongo_pygmaeus", "date_acq": "2026-08-11T1841", "confidence": "n", "brightness": "304.61", "frp": "0.61", "daynight": "N"}}, {"type": "Feature", "geometry": {"type": "Point", "coordinates": [114.13432, -2.02863]}, "properties": {"species": "pongo_pygmaeus", "date_acq": "2026-08-11T1841", "confidence": "n", "brightness": "314.01", "frp": "1.09", "daynight": "N"}}, {"type": "Feature", "geometry": {"type": "Point", "coordinates": [110.22878, -2.01949]}, "properties": {"species": "pongo_pygmaeus", "date_acq": "2026-08-11T1841", "confidence": "n", "brightness": "305.22", "frp": "1.37", "daynight": "N"}}, {"type": "Feature", "geometry": {"type": "Point", "coordinates": [110.56252, -2.01523]}, "properties": {"species": "pongo_pygmaeus", "date_acq": "2026-08-11T1841", "confidence": "n", "brightness": "302.42", "frp": "1.07", "daynight": "N"}}, {"type": "Feature", "geometry": {"type": "Point", "coordinates": [110.22495, -2.01428]}, "properties": {"species": "pongo_pygmaeus", "date_acq": "2026-08-11T1841", "confidence": "n", "brightness": "300.7", "frp": "1.34", "daynight": "N"}}, {"type": "Feature", "geometry": {"type": "Point", "coordinates": [110.29787, -1.98868]}, "properties": {"species": "pongo_pygmaeus", "date_acq": "2026-08-11T1841", "confidence": "n", "brightness": "301.46", "frp": "1.5", "daynight": "N"}}, {"type": "Feature", "geometry": {"type": "Point", "coordinates": [110.20607, -1.98834]}, "properties": {"species": "pongo_pygmaeus", "date_acq": "2026-08-11T1841", "confidence": "n", "brightness": "322.02", "frp": "2.62", "daynight": "N"}}, {"type": "Feature", "geometry": {"type": "Point", "coordinates": [110.21117, -1.98454]}, "properties": {"species": "pongo_pygmaeus", "date_acq": "2026-08-11T1841", "confidence": "n", "brightness": "300.1", "frp": "2.62", "daynight": "N"}}, {"type": "Feature", "geometry": {"type": "Point", "coordinates": [110.20674, -1.98385]}, "properties": {"species": "pongo_pygmaeus", "date_acq": "2026-08-11T1841", "confidence": "n", "brightness": "330.25", "frp": "2.62", "daynight": "N"}}, {"type": "Feature", "geometry": {"type": "Point", "coordinates": [110.20231, -1.98317]}, "properties": {"species": "pongo_pygmaeus", "date_acq": "2026-08-11T1841", "confidence": "n", "brightness": "315.3", "frp": "3.4", "daynight": "N"}}, {"type": "Feature", "geometry": {"type": "Point", "coordinates": [110.20742, -1.97936]}, "properties": {"species": "pongo_pygmaeus", "date_acq": "2026-08-11T1841", "confidence": "n", "brightness": "303.74", "frp": "1.21", "daynight": "N"}}, {"type": "Feature", "geometry": {"type": "Point", "coordinates": [111.10579, -1.94198]}, "properties": {"species": "pongo_pygmaeus", "date_acq": "2026-08-11T1841", "confidence": "n", "brightness": "307.52", "frp": "4.29", "daynight": "N"}}, {"type": "Feature", "geometry": {"type": "Point", "coordinates": [111.10651, -1.9372]}, "properties": {"species": "pongo_pygmaeus", "date_acq": "2026-08-11T1841", "confidence": "n", "brightness": "343.48", "frp": "4.29", "daynight": "N"}}, {"type": "Feature", "geometry": {"type": "Point", "coordinates": [111.10139, -1.9364]}, "properties": {"species": "pongo_pygmaeus", "date_acq": "2026-08-11T1841", "confidence": "n", "brightness": "302.34", "frp": "5.72", "daynight": "N"}}, {"type": "Feature", "geometry": {"type": "Point", "coordinates": [110.14673, -1.89472]}, "properties": {"species": "pongo_pygmaeus", "date_acq": "2026-08-11T1841", "confidence": "n", "brightness": "301.54", "frp": "0.79", "daynight": "N"}}, {"type": "Feature", "geometry": {"type": "Point", "coordinates": [110.15182, -1.89095]}, "properties": {"species": "pongo_pygmaeus", "date_acq": "2026-08-11T1841", "confidence": "n", "brightness": "312.11", "frp": "1.83", "daynight": "N"}}, {"type": "Feature", "geometry": {"type": "Point", "coordinates": [110.16133, -1.88786]}, "properties": {"species": "pongo_pygmaeus", "date_acq": "2026-08-11T1841", "confidence": "n", "brightness": "302.58", "frp": "1.55", "daynight": "N"}}, {"type": "Feature", "geometry": {"type": "Point", "coordinates": [110.14812, -1.8858]}, "properties": {"species": "pongo_pygmaeus", "date_acq": "2026-08-11T1841", "confidence": "n", "brightness": "306.45", "frp": "1.83", "daynight": "N"}}, {"type": "Feature", "geometry": {"type": "Point", "coordinates": [110.1488, -1.88133]}, "properties": {"species": "pongo_pygmaeus", "date_acq": "2026-08-11T1841", "confidence": "n", "brightness": "303.82", "frp": "2.12", "daynight": "N"}}, {"type": "Feature", "geometry": {"type": "Point", "coordinates": [110.16273, -1.87893]}, "properties": {"species": "pongo_pygmaeus", "date_acq": "2026-08-11T1841", "confidence": "n", "brightness": "306.93", "frp": "3.08", "daynight": "N"}}, {"type": "Feature", "geometry": {"type": "Point", "coordinates": [110.16341, -1.87446]}, "properties": {"species": "pongo_pygmaeus", "date_acq": "2026-08-11T1841", "confidence": "n", "brightness": "357.04", "frp": "7.64", "daynight": "N"}}, {"type": "Feature", "geometry": {"type": "Point", "coordinates": [110.15899, -1.87378]}, "properties": {"species": "pongo_pygmaeus", "date_acq": "2026-08-11T1841", "confidence": "n", "brightness": "342.05", "frp": "7.64", "daynight": "N"}}, {"type": "Feature", "geometry": {"type": "Point", "coordinates": [110.16411, -1.87]}, "properties": {"species": "pongo_pygmaeus", "date_acq": "2026-08-11T1841", "confidence": "n", "brightness": "321.53", "frp": "7.64", "daynight": "N"}}, {"type": "Feature", "geometry": {"type": "Point", "coordinates": [110.15968, -1.86931]}, "properties": {"species": "pongo_pygmaeus", "date_acq": "2026-08-11T1841", "confidence": "n", "brightness": "339.21", "frp": "7.64", "daynight": "N"}}, {"type": "Feature", "geometry": {"type": "Point", "coordinates": [110.07221, -1.75687]}, "properties": {"species": "pongo_pygmaeus", "date_acq": "2026-08-11T1841", "confidence": "n", "brightness": "305.09", "frp": "1", "daynight": "N"}}, {"type": "Feature", "geometry": {"type": "Point", "coordinates": [111.46736, -1.73391]}, "properties": {"species": "pongo_pygmaeus", "date_acq": "2026-08-11T1841", "confidence": "n", "brightness": "297.59", "frp": "0.74", "daynight": "N"}}, {"type": "Feature", "geometry": {"type": "Point", "coordinates": [110.24615, -1.73345]}, "properties": {"species": "pongo_pygmaeus", "date_acq": "2026-08-11T1841", "confidence": "n", "brightness": "304.02", "frp": "1.66", "daynight": "N"}}, {"type": "Feature", "geometry": {"type": "Point", "coordinates": [110.25797, -1.729]}, "properties": {"species": "pongo_pygmaeus", "date_acq": "2026-08-11T1841", "confidence": "n", "brightness": "303.8", "frp": "1.53", "daynight": "N"}}, {"type": "Feature", "geometry": {"type": "Point", "coordinates": [110.24242, -1.72829]}, "properties": {"species": "pongo_pygmaeus", "date_acq": "2026-08-11T1841", "confidence": "n", "brightness": "312.43", "frp": "1.66", "daynight": "N"}}, {"type": "Feature", "geometry": {"type": "Point", "coordinates": [110.24467, -1.72688]}, "properties": {"species": "pongo_pygmaeus", "date_acq": "2026-08-11T1841", "confidence": "n", "brightness": "304.93", "frp": "1.33", "daynight": "N"}}, {"type": "Feature", "geometry": {"type": "Point", "coordinates": [110.25644, -1.72583]}, "properties": {"species": "pongo_pygmaeus", "date_acq": "2026-08-11T1841", "confidence": "n", "brightness": "317.23", "frp": "1.48", "daynight": "N"}}, {"type": "Feature", "geometry": {"type": "Point", "coordinates": [110.252, -1.72515]}, "properties": {"species": "pongo_pygmaeus", "date_acq": "2026-08-11T1841", "confidence": "n", "brightness": "301.58", "frp": "1.48", "daynight": "N"}}, {"type": "Feature", "geometry": {"type": "Point", "coordinates": [110.25865, -1.72451]}, "properties": {"species": "pongo_pygmaeus", "date_acq": "2026-08-11T1841", "confidence": "n", "brightness": "317.92", "frp": "1.53", "daynight": "N"}}, {"type": "Feature", "geometry": {"type": "Point", "coordinates": [110.25422, -1.72381]}, "properties": {"species": "pongo_pygmaeus", "date_acq": "2026-08-11T1841", "confidence": "n", "brightness": "305.43", "frp": "2.08", "daynight": "N"}}, {"type": "Feature", "geometry": {"type": "Point", "coordinates": [110.26602, -1.72268]}, "properties": {"species": "pongo_pygmaeus", "date_acq": "2026-08-11T1841", "confidence": "n", "brightness": "331.56", "frp": "2.9", "daynight": "N"}}, {"type": "Feature", "geometry": {"type": "Point", "coordinates": [110.26158, -1.72201]}, "properties": {"species": "pongo_pygmaeus", "date_acq": "2026-08-11T1841", "confidence": "n", "brightness": "314.49", "frp": "2.9", "daynight": "N"}}, {"type": "Feature", "geometry": {"type": "Point", "coordinates": [110.25713, -1.72134]}, "properties": {"species": "pongo_pygmaeus", "date_acq": "2026-08-11T1841", "confidence": "n", "brightness": "305.5", "frp": "1.48", "daynight": "N"}}, {"type": "Feature", "geometry": {"type": "Point", "coordinates": [110.26377, -1.72073]}, "properties": {"species": "pongo_pygmaeus", "date_acq": "2026-08-11T1841", "confidence": "n", "brightness": "332.62", "frp": "2.84", "daynight": "N"}}, {"type": "Feature", "geometry": {"type": "Point", "coordinates": [110.25933, -1.72003]}, "properties": {"species": "pongo_pygmaeus", "date_acq": "2026-08-11T1841", "confidence": "n", "brightness": "304.4", "frp": "2.84", "daynight": "N"}}, {"type": "Feature", "geometry": {"type": "Point", "coordinates": [110.26672, -1.71819]}, "properties": {"species": "pongo_pygmaeus", "date_acq": "2026-08-11T1841", "confidence": "n", "brightness": "335.02", "frp": "3.58", "daynight": "N"}}, {"type": "Feature", "geometry": {"type": "Point", "coordinates": [110.14488, -1.71804]}, "properties": {"species": "pongo_pygmaeus", "date_acq": "2026-08-11T1841", "confidence": "n", "brightness": "309.72", "frp": "1.34", "daynight": "N"}}, {"type": "Feature", "geometry": {"type": "Point", "coordinates": [110.26228, -1.71752]}, "properties": {"species": "pongo_pygmaeus", "date_acq": "2026-08-11T1841", "confidence": "n", "brightness": "313.67", "frp": "3.58", "daynight": "N"}}, {"type": "Feature", "geometry": {"type": "Point", "coordinates": [110.26891, -1.71695]}, "properties": {"species": "pongo_pygmaeus", "date_acq": "2026-08-11T1841", "confidence": "n", "brightness": "321.73", "frp": "3.11", "daynight": "N"}}, {"type": "Feature", "geometry": {"type": "Point", "coordinates": [110.16307, -1.71625]}, "properties": {"species": "pongo_pygmaeus", "date_acq": "2026-08-11T1841", "confidence": "n", "brightness": "313.65", "frp": "2.31", "daynight": "N"}}, {"type": "Feature", "geometry": {"type": "Point", "coordinates": [110.26447, -1.71625]}, "properties": {"species": "pongo_pygmaeus", "date_acq": "2026-08-11T1841", "confidence": "n", "brightness": "328.31", "frp": "2.84", "daynight": "N"}}, {"type": "Feature", "geometry": {"type": "Point", "coordinates": [110.26003, -1.71554]}, "properties": {"species": "pongo_pygmaeus", "date_acq": "2026-08-11T1841", "confidence": "n", "brightness": "303.78", "frp": "2.84", "daynight": "N"}}, {"type": "Feature", "geometry": {"type": "Point", "coordinates": [110.26742, -1.7137]}, "properties": {"species": "pongo_pygmaeus", "date_acq": "2026-08-11T1841", "confidence": "n", "brightness": "324.07", "frp": "3.58", "daynight": "N"}}, {"type": "Feature", "geometry": {"type": "Point", "coordinates": [110.26958, -1.71246]}, "properties": {"species": "pongo_pygmaeus", "date_acq": "2026-08-11T1841", "confidence": "n", "brightness": "302.39", "frp": "0.59", "daynight": "N"}}, {"type": "Feature", "geometry": {"type": "Point", "coordinates": [110.17393, -1.7042]}, "properties": {"species": "pongo_pygmaeus", "date_acq": "2026-08-11T1841", "confidence": "n", "brightness": "304.53", "frp": "5.22", "daynight": "N"}}, {"type": "Feature", "geometry": {"type": "Point", "coordinates": [110.17629, -1.70226]}, "properties": {"species": "pongo_pygmaeus", "date_acq": "2026-08-11T1841", "confidence": "n", "brightness": "339", "frp": "4.94", "daynight": "N"}}, {"type": "Feature", "geometry": {"type": "Point", "coordinates": [110.0675, -1.70173]}, "properties": {"species": "pongo_pygmaeus", "date_acq": "2026-08-11T1841", "confidence": "n", "brightness": "305.03", "frp": "1.43", "daynight": "N"}}, {"type": "Feature", "geometry": {"type": "Point", "coordinates": [110.17192, -1.70157]}, "properties": {"species": "pongo_pygmaeus", "date_acq": "2026-08-11T1841", "confidence": "n", "brightness": "317.38", "frp": "4.94", "daynight": "N"}}, {"type": "Feature", "geometry": {"type": "Point", "coordinates": [110.28056, -1.70039]}, "properties": {"species": "pongo_pygmaeus", "date_acq": "2026-08-11T1841", "confidence": "n", "brightness": "304.22", "frp": "1.08", "daynight": "N"}}, {"type": "Feature", "geometry": {"type": "Point", "coordinates": [110.17462, -1.69974]}, "properties": {"species": "pongo_pygmaeus", "date_acq": "2026-08-11T1841", "confidence": "n", "brightness": "347.43", "frp": "5.22", "daynight": "N"}}, {"type": "Feature", "geometry": {"type": "Point", "coordinates": [110.17698, -1.6978]}, "properties": {"species": "pongo_pygmaeus", "date_acq": "2026-08-11T1841", "confidence": "n", "brightness": "311.94", "frp": "1.26", "daynight": "N"}}, {"type": "Feature", "geometry": {"type": "Point", "coordinates": [110.17261, -1.69711]}, "properties": {"species": "pongo_pygmaeus", "date_acq": "2026-08-11T1841", "confidence": "n", "brightness": "307.71", "frp": "1.26", "daynight": "N"}}, {"type": "Feature", "geometry": {"type": "Point", "coordinates": [110.78918, -1.6058]}, "properties": {"species": "pongo_pygmaeus", "date_acq": "2026-08-11T1841", "confidence": "n", "brightness": "307.31", "frp": "1.17", "daynight": "N"}}, {"type": "Feature", "geometry": {"type": "Point", "coordinates": [110.07646, -1.58746]}, "properties": {"species": "pongo_pygmaeus", "date_acq": "2026-08-11T1841", "confidence": "n", "brightness": "314.79", "frp": "2.26", "daynight": "N"}}, {"type": "Feature", "geometry": {"type": "Point", "coordinates": [110.07423, -1.58642]}, "properties": {"species": "pongo_pygmaeus", "date_acq": "2026-08-11T1841", "confidence": "n", "brightness": "315.66", "frp": "2.28", "daynight": "N"}}, {"type": "Feature", "geometry": {"type": "Point", "coordinates": [110.16965, -1.46304]}, "properties": {"species": "pongo_pygmaeus", "date_acq": "2026-08-11T1841", "confidence": "n", "brightness": "309.38", "frp": "2.6", "daynight": "N"}}, {"type": "Feature", "geometry": {"type": "Point", "coordinates": [110.16528, -1.46235]}, "properties": {"species": "pongo_pygmaeus", "date_acq": "2026-08-11T1841", "confidence": "n", "brightness": "333.16", "frp": "3.76", "daynight": "N"}}, {"type": "Feature", "geometry": {"type": "Point", "coordinates": [110.16599, -1.45792]}, "properties": {"species": "pongo_pygmaeus", "date_acq": "2026-08-11T1841", "confidence": "n", "brightness": "320.97", "frp": "3.76", "daynight": "N"}}, {"type": "Feature", "geometry": {"type": "Point", "coordinates": [110.15871, -1.44768]}, "properties": {"species": "pongo_pygmaeus", "date_acq": "2026-08-11T1841", "confidence": "n", "brightness": "318.86", "frp": "4.32", "daynight": "N"}}, {"type": "Feature", "geometry": {"type": "Point", "coordinates": [110.17004, -1.43127]}, "properties": {"species": "pongo_pygmaeus", "date_acq": "2026-08-11T1841", "confidence": "n", "brightness": "305.21", "frp": "1.13", "daynight": "N"}}, {"type": "Feature", "geometry": {"type": "Point", "coordinates": [110.11038, -1.37739]}, "properties": {"species": "pongo_pygmaeus", "date_acq": "2026-08-11T1841", "confidence": "n", "brightness": "301.8", "frp": "0.65", "daynight": "N"}}, {"type": "Feature", "geometry": {"type": "Point", "coordinates": [110.10611, -1.3767]}, "properties": {"species": "pongo_pygmaeus", "date_acq": "2026-08-11T1841", "confidence": "n", "brightness": "307.38", "frp": "1.56", "daynight": "N"}}, {"type": "Feature", "geometry": {"type": "Point", "coordinates": [110.10796, -1.37641]}, "properties": {"species": "pongo_pygmaeus", "date_acq": "2026-08-11T1841", "confidence": "n", "brightness": "318.85", "frp": "2.91", "daynight": "N"}}, {"type": "Feature", "geometry": {"type": "Point", "coordinates": [110.11106, -1.37297]}, "properties": {"species": "pongo_pygmaeus", "date_acq": "2026-08-11T1841", "confidence": "n", "brightness": "323.38", "frp": "2.09", "daynight": "N"}}, {"type": "Feature", "geometry": {"type": "Point", "coordinates": [110.10678, -1.37229]}, "properties": {"species": "pongo_pygmaeus", "date_acq": "2026-08-11T1841", "confidence": "n", "brightness": "334.83", "frp": "4.04", "daynight": "N"}}, {"type": "Feature", "geometry": {"type": "Point", "coordinates": [110.10864, -1.37199]}, "properties": {"species": "pongo_pygmaeus", "date_acq": "2026-08-11T1841", "confidence": "n", "brightness": "340.61", "frp": "3.23", "daynight": "N"}}, {"type": "Feature", "geometry": {"type": "Point", "coordinates": [110.10435, -1.37134]}, "properties": {"species": "pongo_pygmaeus", "date_acq": "2026-08-11T1841", "confidence": "n", "brightness": "313.03", "frp": "3.23", "daynight": "N"}}, {"type": "Feature", "geometry": {"type": "Point", "coordinates": [110.09404, -1.37025]}, "properties": {"species": "pongo_pygmaeus", "date_acq": "2026-08-11T1841", "confidence": "n", "brightness": "305.72", "frp": "1.34", "daynight": "N"}}, {"type": "Feature", "geometry": {"type": "Point", "coordinates": [110.11176, -1.36856]}, "properties": {"species": "pongo_pygmaeus", "date_acq": "2026-08-11T1841", "confidence": "n", "brightness": "310.9", "frp": "2.09", "daynight": "N"}}, {"type": "Feature", "geometry": {"type": "Point", "coordinates": [110.10748, -1.36787]}, "properties": {"species": "pongo_pygmaeus", "date_acq": "2026-08-11T1841", "confidence": "n", "brightness": "305.13", "frp": "4.04", "daynight": "N"}}, {"type": "Feature", "geometry": {"type": "Point", "coordinates": [110.10934, -1.36758]}, "properties": {"species": "pongo_pygmaeus", "date_acq": "2026-08-11T1841", "confidence": "n", "brightness": "307.93", "frp": "3.23", "daynight": "N"}}, {"type": "Feature", "geometry": {"type": "Point", "coordinates": [110.0947, -1.36584]}, "properties": {"species": "pongo_pygmaeus", "date_acq": "2026-08-11T1841", "confidence": "n", "brightness": "311.6", "frp": "1.34", "daynight": "N"}}, {"type": "Feature", "geometry": {"type": "Point", "coordinates": [110.09653, -1.36564]}, "properties": {"species": "pongo_pygmaeus", "date_acq": "2026-08-11T1841", "confidence": "n", "brightness": "303.9", "frp": "1.7", "daynight": "N"}}, {"type": "Feature", "geometry": {"type": "Point", "coordinates": [110.12508, -1.33899]}, "properties": {"species": "pongo_pygmaeus", "date_acq": "2026-08-11T1841", "confidence": "n", "brightness": "302.6", "frp": "0.75", "daynight": "N"}}, {"type": "Feature", "geometry": {"type": "Point", "coordinates": [110.79988, -1.2949]}, "properties": {"species": "pongo_pygmaeus", "date_acq": "2026-08-11T1841", "confidence": "n", "brightness": "302.18", "frp": "1.66", "daynight": "N"}}, {"type": "Feature", "geometry": {"type": "Point", "coordinates": [110.80059, -1.29027]}, "properties": {"species": "pongo_pygmaeus", "date_acq": "2026-08-11T1841", "confidence": "n", "brightness": "315.73", "frp": "2.4", "daynight": "N"}}, {"type": "Feature", "geometry": {"type": "Point", "coordinates": [114.2603, -1.28995]}, "properties": {"species": "pongo_pygmaeus", "date_acq": "2026-08-11T1841", "confidence": "n", "brightness": "299.05", "frp": "1.63", "daynight": "N"}}, {"type": "Feature", "geometry": {"type": "Point", "coordinates": [110.79583, -1.28954]}, "properties": {"species": "pongo_pygmaeus", "date_acq": "2026-08-11T1841", "confidence": "n", "brightness": "310.78", "frp": "2.4", "daynight": "N"}}, {"type": "Feature", "geometry": {"type": "Point", "coordinates": [113.94991, -0.90543]}, "properties": {"species": "pongo_pygmaeus", "date_acq": "2026-08-11T1841", "confidence": "n", "brightness": "307.65", "frp": "0.91", "daynight": "N"}}, {"type": "Feature", "geometry": {"type": "Point", "coordinates": [113.94861, -0.90318]}, "properties": {"species": "pongo_pygmaeus", "date_acq": "2026-08-11T1841", "confidence": "n", "brightness": "311.96", "frp": "1.48", "daynight": "N"}}, {"type": "Feature", "geometry": {"type": "Point", "coordinates": [113.95113, -0.89977]}, "properties": {"species": "pongo_pygmaeus", "date_acq": "2026-08-11T1841", "confidence": "n", "brightness": "302.36", "frp": "0.91", "daynight": "N"}}, {"type": "Feature", "geometry": {"type": "Point", "coordinates": [112.88279, -3.12757]}, "properties": {"species": "pongo_pygmaeus", "date_acq": "2026-08-12T538", "confidence": "n", "brightness": "341.7", "frp": "7.09", "daynight": "D"}}, {"type": "Feature", "geometry": {"type": "Point", "coordinates": [112.87735, -3.12366]}, "properties": {"species": "pongo_pygmaeus", "date_acq": "2026-08-12T538", "confidence": "n", "brightness": "333.48", "frp": "6.28", "daynight": "D"}}, {"type": "Feature", "geometry": {"type": "Point", "coordinates": [112.87193, -3.11973]}, "properties": {"species": "pongo_pygmaeus", "date_acq": "2026-08-12T538", "confidence": "n", "brightness": "332.06", "frp": "6.28", "daynight": "D"}}, {"type": "Feature", "geometry": {"type": "Point", "coordinates": [112.87669, -3.11902]}, "properties": {"species": "pongo_pygmaeus", "date_acq": "2026-08-12T538", "confidence": "n", "brightness": "349.06", "frp": "6.28", "daynight": "D"}}, {"type": "Feature", "geometry": {"type": "Point", "coordinates": [112.88145, -3.1183]}, "properties": {"species": "pongo_pygmaeus", "date_acq": "2026-08-12T538", "confidence": "n", "brightness": "336.65", "frp": "13.28", "daynight": "D"}}, {"type": "Feature", "geometry": {"type": "Point", "coordinates": [112.87603, -3.11438]}, "properties": {"species": "pongo_pygmaeus", "date_acq": "2026-08-12T538", "confidence": "h", "brightness": "367", "frp": "21.36", "daynight": "D"}}, {"type": "Feature", "geometry": {"type": "Point", "coordinates": [112.88081, -3.11366]}, "properties": {"species": "pongo_pygmaeus", "date_acq": "2026-08-12T538", "confidence": "n", "brightness": "355.73", "frp": "20.36", "daynight": "D"}}, {"type": "Feature", "geometry": {"type": "Point", "coordinates": [112.88557, -3.11294]}, "properties": {"species": "pongo_pygmaeus", "date_acq": "2026-08-12T538", "confidence": "n", "brightness": "343.28", "frp": "20.36", "daynight": "D"}}, {"type": "Feature", "geometry": {"type": "Point", "coordinates": [112.87056, -3.11046]}, "properties": {"species": "pongo_pygmaeus", "date_acq": "2026-08-12T538", "confidence": "n", "brightness": "344.52", "frp": "21.36", "daynight": "D"}}, {"type": "Feature", "geometry": {"type": "Point", "coordinates": [112.88013, -3.10902]}, "properties": {"species": "pongo_pygmaeus", "date_acq": "2026-08-12T538", "confidence": "n", "brightness": "350.02", "frp": "20.36", "daynight": "D"}}, {"type": "Feature", "geometry": {"type": "Point", "coordinates": [112.8849, -3.10831]}, "properties": {"species": "pongo_pygmaeus", "date_acq": "2026-08-12T538", "confidence": "n", "brightness": "340.82", "frp": "20.36", "daynight": "D"}}, {"type": "Feature", "geometry": {"type": "Point", "coordinates": [112.86398, -3.03089]}, "properties": {"species": "pongo_pygmaeus", "date_acq": "2026-08-12T538", "confidence": "n", "brightness": "343.44", "frp": "5.32", "daynight": "D"}}, {"type": "Feature", "geometry": {"type": "Point", "coordinates": [112.86172, -3.02849]}, "properties": {"species": "pongo_pygmaeus", "date_acq": "2026-08-12T538", "confidence": "n", "brightness": "334.66", "frp": "7.27", "daynight": "D"}}, {"type": "Feature", "geometry": {"type": "Point", "coordinates": [112.86648, -3.02777]}, "properties": {"species": "pongo_pygmaeus", "date_acq": "2026-08-12T538", "confidence": "n", "brightness": "343.29", "frp": "7.27", "daynight": "D"}}, {"type": "Feature", "geometry": {"type": "Point", "coordinates": [112.8633, -3.02625]}, "properties": {"species": "pongo_pygmaeus", "date_acq": "2026-08-12T538", "confidence": "n", "brightness": "339.62", "frp": "5.32", "daynight": "D"}}, {"type": "Feature", "geometry": {"type": "Point", "coordinates": [112.85086, -3.02066]}, "properties": {"species": "pongo_pygmaeus", "date_acq": "2026-08-12T538", "confidence": "n", "brightness": "336.9", "frp": "9.81", "daynight": "D"}}, {"type": "Feature", "geometry": {"type": "Point", "coordinates": [112.8604, -3.01921]}, "properties": {"species": "pongo_pygmaeus", "date_acq": "2026-08-12T538", "confidence": "n", "brightness": "346.58", "frp": "11.06", "daynight": "D"}}, {"type": "Feature", "geometry": {"type": "Point", "coordinates": [112.85501, -3.01529]}, "properties": {"species": "pongo_pygmaeus", "date_acq": "2026-08-12T538", "confidence": "n", "brightness": "345.25", "frp": "9.81", "daynight": "D"}}, {"type": "Feature", "geometry": {"type": "Point", "coordinates": [112.85975, -3.01458]}, "properties": {"species": "pongo_pygmaeus", "date_acq": "2026-08-12T538", "confidence": "n", "brightness": "343.24", "frp": "11.06", "daynight": "D"}}, {"type": "Feature", "geometry": {"type": "Point", "coordinates": [112.87061, -2.98928]}, "properties": {"species": "pongo_pygmaeus", "date_acq": "2026-08-12T538", "confidence": "n", "brightness": "333.61", "frp": "24.52", "daynight": "D"}}, {"type": "Feature", "geometry": {"type": "Point", "coordinates": [112.87466, -2.98394]}, "properties": {"species": "pongo_pygmaeus", "date_acq": "2026-08-12T538", "confidence": "h", "brightness": "367", "frp": "28.49", "daynight": "D"}}, {"type": "Feature", "geometry": {"type": "Point", "coordinates": [111.57251, -2.61624]}, "properties": {"species": "pongo_pygmaeus", "date_acq": "2026-08-12T538", "confidence": "n", "brightness": "354.73", "frp": "70.73", "daynight": "D"}}, {"type": "Feature", "geometry": {"type": "Point", "coordinates": [110.2047, -1.98651]}, "properties": {"species": "pongo_pygmaeus", "date_acq": "2026-08-12T540", "confidence": "h", "brightness": "367", "frp": "11.48", "daynight": "D"}}, {"type": "Feature", "geometry": {"type": "Point", "coordinates": [110.20824, -1.98598]}, "properties": {"species": "pongo_pygmaeus", "date_acq": "2026-08-12T540", "confidence": "h", "brightness": "367", "frp": "11.48", "daynight": "D"}}, {"type": "Feature", "geometry": {"type": "Point", "coordinates": [110.21175, -1.98545]}, "properties": {"species": "pongo_pygmaeus", "date_acq": "2026-08-12T540", "confidence": "n", "brightness": "348.09", "frp": "12.8", "daynight": "D"}}, {"type": "Feature", "geometry": {"type": "Point", "coordinates": [110.15073, -1.89395]}, "properties": {"species": "pongo_pygmaeus", "date_acq": "2026-08-12T540", "confidence": "n", "brightness": "333.42", "frp": "6.01", "daynight": "D"}}, {"type": "Feature", "geometry": {"type": "Point", "coordinates": [110.15885, -1.87591]}, "properties": {"species": "pongo_pygmaeus", "date_acq": "2026-08-12T540", "confidence": "n", "brightness": "355.94", "frp": "58.39", "daynight": "D"}}, {"type": "Feature", "geometry": {"type": "Point", "coordinates": [110.16235, -1.87539]}, "properties": {"species": "pongo_pygmaeus", "date_acq": "2026-08-12T540", "confidence": "h", "brightness": "367", "frp": "58.39", "daynight": "D"}}, {"type": "Feature", "geometry": {"type": "Point", "coordinates": [110.16583, -1.87487]}, "properties": {"species": "pongo_pygmaeus", "date_acq": "2026-08-12T540", "confidence": "n", "brightness": "342.86", "frp": "43.8", "daynight": "D"}}, {"type": "Feature", "geometry": {"type": "Point", "coordinates": [110.15105, -1.87147]}, "properties": {"species": "pongo_pygmaeus", "date_acq": "2026-08-12T540", "confidence": "n", "brightness": "330.54", "frp": "7.71", "daynight": "D"}}, {"type": "Feature", "geometry": {"type": "Point", "coordinates": [110.15457, -1.87095]}, "properties": {"species": "pongo_pygmaeus", "date_acq": "2026-08-12T540", "confidence": "n", "brightness": "334.71", "frp": "7.71", "daynight": "D"}}, {"type": "Feature", "geometry": {"type": "Point", "coordinates": [110.15807, -1.87043]}, "properties": {"species": "pongo_pygmaeus", "date_acq": "2026-08-12T540", "confidence": "n", "brightness": "349.85", "frp": "58.39", "daynight": "D"}}, {"type": "Feature", "geometry": {"type": "Point", "coordinates": [110.16503, -1.86938]}, "properties": {"species": "pongo_pygmaeus", "date_acq": "2026-08-12T540", "confidence": "h", "brightness": "367", "frp": "43.8", "daynight": "D"}}, {"type": "Feature", "geometry": {"type": "Point", "coordinates": [110.1685, -1.86886]}, "properties": {"species": "pongo_pygmaeus", "date_acq": "2026-08-12T540", "confidence": "n", "brightness": "347.56", "frp": "43.8", "daynight": "D"}}, {"type": "Feature", "geometry": {"type": "Point", "coordinates": [111.34929, -1.86068]}, "properties": {"species": "pongo_pygmaeus", "date_acq": "2026-08-12T540", "confidence": "n", "brightness": "356.18", "frp": "3.95", "daynight": "D"}}, {"type": "Feature", "geometry": {"type": "Point", "coordinates": [111.34856, -1.85562]}, "properties": {"species": "pongo_pygmaeus", "date_acq": "2026-08-12T540", "confidence": "l", "brightness": "356.86", "frp": "5.1", "daynight": "D"}}, {"type": "Feature", "geometry": {"type": "Point", "coordinates": [110.06101, -1.75539]}, "properties": {"species": "pongo_pygmaeus", "date_acq": "2026-08-12T540", "confidence": "n", "brightness": "330.69", "frp": "5.16", "daynight": "D"}}, {"type": "Feature", "geometry": {"type": "Point", "coordinates": [110.05928, -1.75055]}, "properties": {"species": "pongo_pygmaeus", "date_acq": "2026-08-12T540", "confidence": "n", "brightness": "331.45", "frp": "6.9", "daynight": "D"}}, {"type": "Feature", "geometry": {"type": "Point", "coordinates": [110.24443, -1.73377]}, "properties": {"species": "pongo_pygmaeus", "date_acq": "2026-08-12T540", "confidence": "n", "brightness": "331.96", "frp": "6.33", "daynight": "D"}}, {"type": "Feature", "geometry": {"type": "Point", "coordinates": [110.24361, -1.72833]}, "properties": {"species": "pongo_pygmaeus", "date_acq": "2026-08-12T540", "confidence": "n", "brightness": "350.23", "frp": "6.33", "daynight": "D"}}, {"type": "Feature", "geometry": {"type": "Point", "coordinates": [110.24224, -1.72767]}, "properties": {"species": "pongo_pygmaeus", "date_acq": "2026-08-12T540", "confidence": "n", "brightness": "346.75", "frp": "5.91", "daynight": "D"}}, {"type": "Feature", "geometry": {"type": "Point", "coordinates": [110.26701, -1.71931]}, "properties": {"species": "pongo_pygmaeus", "date_acq": "2026-08-12T540", "confidence": "n", "brightness": "339.29", "frp": "8.04", "daynight": "D"}}, {"type": "Feature", "geometry": {"type": "Point", "coordinates": [110.27045, -1.7188]}, "properties": {"species": "pongo_pygmaeus", "date_acq": "2026-08-12T540", "confidence": "n", "brightness": "343.64", "frp": "8.31", "daynight": "D"}}, {"type": "Feature", "geometry": {"type": "Point", "coordinates": [110.26559, -1.71848]}, "properties": {"species": "pongo_pygmaeus", "date_acq": "2026-08-12T540", "confidence": "n", "brightness": "333.46", "frp": "5.77", "daynight": "D"}}, {"type": "Feature", "geometry": {"type": "Point", "coordinates": [110.26904, -1.71794]}, "properties": {"species": "pongo_pygmaeus", "date_acq": "2026-08-12T540", "confidence": "n", "brightness": "348.29", "frp": "12.06", "daynight": "D"}}, {"type": "Feature", "geometry": {"type": "Point", "coordinates": [114.48178, -1.66329]}, "properties": {"species": "pongo_pygmaeus", "date_acq": "2026-08-12T540", "confidence": "n", "brightness": "340.28", "frp": "2.66", "daynight": "D"}}, {"type": "Feature", "geometry": {"type": "Point", "coordinates": [113.86835, -1.59707]}, "properties": {"species": "pongo_pygmaeus", "date_acq": "2026-08-12T540", "confidence": "n", "brightness": "333.82", "frp": "2.38", "daynight": "D"}}, {"type": "Feature", "geometry": {"type": "Point", "coordinates": [113.8685, -1.59626]}, "properties": {"species": "pongo_pygmaeus", "date_acq": "2026-08-12T540", "confidence": "n", "brightness": "333", "frp": "4.38", "daynight": "D"}}, {"type": "Feature", "geometry": {"type": "Point", "coordinates": [113.68598, -1.52188]}, "properties": {"species": "pongo_pygmaeus", "date_acq": "2026-08-12T540", "confidence": "n", "brightness": "351.74", "frp": "19.87", "daynight": "D"}}, {"type": "Feature", "geometry": {"type": "Point", "coordinates": [110.16775, -1.46416]}, "properties": {"species": "pongo_pygmaeus", "date_acq": "2026-08-12T540", "confidence": "h", "brightness": "367", "frp": "6.09", "daynight": "D"}}, {"type": "Feature", "geometry": {"type": "Point", "coordinates": [110.16694, -1.45871]}, "properties": {"species": "pongo_pygmaeus", "date_acq": "2026-08-12T540", "confidence": "n", "brightness": "331.86", "frp": "5.59", "daynight": "D"}}, {"type": "Feature", "geometry": {"type": "Point", "coordinates": [110.10805, -1.37724]}, "properties": {"species": "pongo_pygmaeus", "date_acq": "2026-08-12T540", "confidence": "h", "brightness": "367", "frp": "6.95", "daynight": "D"}}, {"type": "Feature", "geometry": {"type": "Point", "coordinates": [110.11154, -1.37671]}, "properties": {"species": "pongo_pygmaeus", "date_acq": "2026-08-12T540", "confidence": "n", "brightness": "356.22", "frp": "6.4", "daynight": "D"}}, {"type": "Feature", "geometry": {"type": "Point", "coordinates": [110.11504, -1.37617]}, "properties": {"species": "pongo_pygmaeus", "date_acq": "2026-08-12T540", "confidence": "n", "brightness": "333.15", "frp": "6.4", "daynight": "D"}}, {"type": "Feature", "geometry": {"type": "Point", "coordinates": [110.11073, -1.37125]}, "properties": {"species": "pongo_pygmaeus", "date_acq": "2026-08-12T540", "confidence": "n", "brightness": "340.96", "frp": "4.05", "daynight": "D"}}, {"type": "Feature", "geometry": {"type": "Point", "coordinates": [110.11422, -1.37072]}, "properties": {"species": "pongo_pygmaeus", "date_acq": "2026-08-12T540", "confidence": "n", "brightness": "335.68", "frp": "4.05", "daynight": "D"}}, {"type": "Feature", "geometry": {"type": "Point", "coordinates": [114.31924, -1.36036]}, "properties": {"species": "pongo_pygmaeus", "date_acq": "2026-08-12T540", "confidence": "n", "brightness": "329.76", "frp": "2.3", "daynight": "D"}}, {"type": "Feature", "geometry": {"type": "Point", "coordinates": [114.40319, -1.33516]}, "properties": {"species": "pongo_pygmaeus", "date_acq": "2026-08-12T540", "confidence": "n", "brightness": "329.85", "frp": "1.94", "daynight": "D"}}, {"type": "Feature", "geometry": {"type": "Point", "coordinates": [113.62044, -1.29487]}, "properties": {"species": "pongo_pygmaeus", "date_acq": "2026-08-12T540", "confidence": "n", "brightness": "348.3", "frp": "12.34", "daynight": "D"}}, {"type": "Feature", "geometry": {"type": "Point", "coordinates": [110.76524, -1.2818]}, "properties": {"species": "pongo_pygmaeus", "date_acq": "2026-08-12T540", "confidence": "h", "brightness": "367", "frp": "10.4", "daynight": "D"}}, {"type": "Feature", "geometry": {"type": "Point", "coordinates": [114.2132, -1.27324]}, "properties": {"species": "pongo_pygmaeus", "date_acq": "2026-08-12T540", "confidence": "n", "brightness": "338.46", "frp": "3.85", "daynight": "D"}}, {"type": "Feature", "geometry": {"type": "Point", "coordinates": [111.24218, -0.36147]}, "properties": {"species": "pongo_pygmaeus", "date_acq": "2026-08-12T540", "confidence": "n", "brightness": "334.74", "frp": "6.45", "daynight": "D"}}, {"type": "Feature", "geometry": {"type": "Point", "coordinates": [113.05609, -0.29735]}, "properties": {"species": "pongo_pygmaeus", "date_acq": "2026-08-12T540", "confidence": "n", "brightness": "347.6", "frp": "13.78", "daynight": "D"}}, {"type": "Feature", "geometry": {"type": "Point", "coordinates": [112.91264, -0.2926]}, "properties": {"species": "pongo_pygmaeus", "date_acq": "2026-08-12T540", "confidence": "n", "brightness": "339.97", "frp": "10.18", "daynight": "D"}}, {"type": "Feature", "geometry": {"type": "Point", "coordinates": [112.91685, -0.29195]}, "properties": {"species": "pongo_pygmaeus", "date_acq": "2026-08-12T540", "confidence": "n", "brightness": "333.71", "frp": "10.18", "daynight": "D"}}, {"type": "Feature", "geometry": {"type": "Point", "coordinates": [113.03638, -0.00907]}, "properties": {"species": "pongo_pygmaeus", "date_acq": "2026-08-12T540", "confidence": "n", "brightness": "343.75", "frp": "8.35", "daynight": "D"}}, {"type": "Feature", "geometry": {"type": "Point", "coordinates": [113.03706, -0.00901]}, "properties": {"species": "pongo_pygmaeus", "date_acq": "2026-08-12T540", "confidence": "n", "brightness": "327.37", "frp": "3.78", "daynight": "D"}}, {"type": "Feature", "geometry": {"type": "Point", "coordinates": [116.63877, 0.16218]}, "properties": {"species": "pongo_pygmaeus", "date_acq": "2026-08-12T540", "confidence": "n", "brightness": "336.39", "frp": "10.41", "daynight": "D"}}, {"type": "Feature", "geometry": {"type": "Point", "coordinates": [117.20795, 0.52185]}, "properties": {"species": "pongo_pygmaeus", "date_acq": "2026-08-12T540", "confidence": "n", "brightness": "342.8", "frp": "9.31", "daynight": "D"}}, {"type": "Feature", "geometry": {"type": "Point", "coordinates": [111.85733, 0.6615]}, "properties": {"species": "pongo_pygmaeus", "date_acq": "2026-08-12T540", "confidence": "n", "brightness": "340.66", "frp": "12.09", "daynight": "D"}}, {"type": "Feature", "geometry": {"type": "Point", "coordinates": [111.85936, 0.66325]}, "properties": {"species": "pongo_pygmaeus", "date_acq": "2026-08-12T540", "confidence": "n", "brightness": "345.24", "frp": "8.51", "daynight": "D"}}, {"type": "Feature", "geometry": {"type": "Point", "coordinates": [112.19628, 0.88158]}, "properties": {"species": "pongo_pygmaeus", "date_acq": "2026-08-12T540", "confidence": "n", "brightness": "343.15", "frp": "9.3", "daynight": "D"}}, {"type": "Feature", "geometry": {"type": "Point", "coordinates": [112.20086, 0.8823]}, "properties": {"species": "pongo_pygmaeus", "date_acq": "2026-08-12T540", "confidence": "n", "brightness": "339.02", "frp": "9.3", "daynight": "D"}}, {"type": "Feature", "geometry": {"type": "Point", "coordinates": [112.71948, 0.99981]}, "properties": {"species": "pongo_pygmaeus", "date_acq": "2026-08-12T540", "confidence": "n", "brightness": "343.86", "frp": "41.62", "daynight": "D"}}, {"type": "Feature", "geometry": {"type": "Point", "coordinates": [117.23935, 1.4195]}, "properties": {"species": "pongo_pygmaeus", "date_acq": "2026-08-12T540", "confidence": "n", "brightness": "336.37", "frp": "3.87", "daynight": "D"}}, {"type": "Feature", "geometry": {"type": "Point", "coordinates": [117.24768, 1.4382]}, "properties": {"species": "pongo_pygmaeus", "date_acq": "2026-08-12T540", "confidence": "n", "brightness": "340.08", "frp": "2.31", "daynight": "D"}}, {"type": "Feature", "geometry": {"type": "Point", "coordinates": [117.2446, 1.483]}, "properties": {"species": "pongo_pygmaeus", "date_acq": "2026-08-12T540", "confidence": "n", "brightness": "330.59", "frp": "3.03", "daynight": "D"}}, {"type": "Feature", "geometry": {"type": "Point", "coordinates": [117.24773, 1.48696]}, "properties": {"species": "pongo_pygmaeus", "date_acq": "2026-08-12T540", "confidence": "n", "brightness": "346.58", "frp": "25.45", "daynight": "D"}}, {"type": "Feature", "geometry": {"type": "Point", "coordinates": [117.24357, 1.4898]}, "properties": {"species": "pongo_pygmaeus", "date_acq": "2026-08-12T540", "confidence": "n", "brightness": "333.24", "frp": "25.45", "daynight": "D"}}, {"type": "Feature", "geometry": {"type": "Point", "coordinates": [117.24721, 1.49036]}, "properties": {"species": "pongo_pygmaeus", "date_acq": "2026-08-12T540", "confidence": "n", "brightness": "339.31", "frp": "25.45", "daynight": "D"}}, {"type": "Feature", "geometry": {"type": "Point", "coordinates": [117.23945, 1.49265]}, "properties": {"species": "pongo_pygmaeus", "date_acq": "2026-08-12T540", "confidence": "n", "brightness": "349.6", "frp": "12.99", "daynight": "D"}}, {"type": "Feature", "geometry": {"type": "Point", "coordinates": [117.23893, 1.49606]}, "properties": {"species": "pongo_pygmaeus", "date_acq": "2026-08-12T540", "confidence": "n", "brightness": "340.38", "frp": "12.99", "daynight": "D"}}, {"type": "Feature", "geometry": {"type": "Point", "coordinates": [117.17819, 1.69588]}, "properties": {"species": "pongo_pygmaeus", "date_acq": "2026-08-12T540", "confidence": "n", "brightness": "337.3", "frp": "8.8", "daynight": "D"}}, {"type": "Feature", "geometry": {"type": "Point", "coordinates": [116.5585, 6.17523]}, "properties": {"species": "pongo_pygmaeus", "date_acq": "2026-08-12T542", "confidence": "n", "brightness": "334.52", "frp": "4.19", "daynight": "D"}}, {"type": "Feature", "geometry": {"type": "Point", "coordinates": [111.31064, -2.05246]}, "properties": {"species": "pongo_pygmaeus", "date_acq": "2026-08-12T1819", "confidence": "n", "brightness": "310.87", "frp": "1.03", "daynight": "N"}}, {"type": "Feature", "geometry": {"type": "Point", "coordinates": [110.29729, -1.99451]}, "properties": {"species": "pongo_pygmaeus", "date_acq": "2026-08-12T1819", "confidence": "n", "brightness": "302.64", "frp": "0.64", "daynight": "N"}}, {"type": "Feature", "geometry": {"type": "Point", "coordinates": [110.29359, -1.99393]}, "properties": {"species": "pongo_pygmaeus", "date_acq": "2026-08-12T1819", "confidence": "n", "brightness": "310.49", "frp": "1.06", "daynight": "N"}}, {"type": "Feature", "geometry": {"type": "Point", "coordinates": [110.29782, -1.99108]}, "properties": {"species": "pongo_pygmaeus", "date_acq": "2026-08-12T1819", "confidence": "n", "brightness": "306.07", "frp": "1.5", "daynight": "N"}}, {"type": "Feature", "geometry": {"type": "Point", "coordinates": [110.20784, -1.98743]}, "properties": {"species": "pongo_pygmaeus", "date_acq": "2026-08-12T1819", "confidence": "n", "brightness": "320.25", "frp": "2.95", "daynight": "N"}}, {"type": "Feature", "geometry": {"type": "Point", "coordinates": [110.20417, -1.98685]}, "properties": {"species": "pongo_pygmaeus", "date_acq": "2026-08-12T1819", "confidence": "n", "brightness": "336.09", "frp": "3.29", "daynight": "N"}}, {"type": "Feature", "geometry": {"type": "Point", "coordinates": [110.20836, -1.98401]}, "properties": {"species": "pongo_pygmaeus", "date_acq": "2026-08-12T1819", "confidence": "n", "brightness": "320.25", "frp": "1.53", "daynight": "N"}}, {"type": "Feature", "geometry": {"type": "Point", "coordinates": [110.2047, -1.98344]}, "properties": {"species": "pongo_pygmaeus", "date_acq": "2026-08-12T1819", "confidence": "n", "brightness": "312.18", "frp": "1.94", "daynight": "N"}}, {"type": "Feature", "geometry": {"type": "Point", "coordinates": [110.20889, -1.9806]}, "properties": {"species": "pongo_pygmaeus", "date_acq": "2026-08-12T1819", "confidence": "n", "brightness": "304.01", "frp": "1.53", "daynight": "N"}}, {"type": "Feature", "geometry": {"type": "Point", "coordinates": [111.10534, -1.94121]}, "properties": {"species": "pongo_pygmaeus", "date_acq": "2026-08-12T1819", "confidence": "n", "brightness": "307.66", "frp": "3.09", "daynight": "N"}}, {"type": "Feature", "geometry": {"type": "Point", "coordinates": [111.10139, -1.94058]}, "properties": {"species": "pongo_pygmaeus", "date_acq": "2026-08-12T1819", "confidence": "n", "brightness": "336.18", "frp": "3.09", "daynight": "N"}}, {"type": "Feature", "geometry": {"type": "Point", "coordinates": [111.10589, -1.93767]}, "properties": {"species": "pongo_pygmaeus", "date_acq": "2026-08-12T1819", "confidence": "n", "brightness": "332.04", "frp": "5.66", "daynight": "N"}}, {"type": "Feature", "geometry": {"type": "Point", "coordinates": [111.10194, -1.93705]}, "properties": {"species": "pongo_pygmaeus", "date_acq": "2026-08-12T1819", "confidence": "n", "brightness": "354.17", "frp": "5.66", "daynight": "N"}}, {"type": "Feature", "geometry": {"type": "Point", "coordinates": [111.10249, -1.93351]}, "properties": {"species": "pongo_pygmaeus", "date_acq": "2026-08-12T1819", "confidence": "n", "brightness": "301.25", "frp": "5.66", "daynight": "N"}}, {"type": "Feature", "geometry": {"type": "Point", "coordinates": [110.15121, -1.89442]}, "properties": {"species": "pongo_pygmaeus", "date_acq": "2026-08-12T1819", "confidence": "n", "brightness": "303.18", "frp": "1.37", "daynight": "N"}}, {"type": "Feature", "geometry": {"type": "Point", "coordinates": [110.15175, -1.89101]}, "properties": {"species": "pongo_pygmaeus", "date_acq": "2026-08-12T1819", "confidence": "n", "brightness": "312.09", "frp": "1.37", "daynight": "N"}}, {"type": "Feature", "geometry": {"type": "Point", "coordinates": [110.15228, -1.8876]}, "properties": {"species": "pongo_pygmaeus", "date_acq": "2026-08-12T1819", "confidence": "n", "brightness": "307.38", "frp": "1.52", "daynight": "N"}}, {"type": "Feature", "geometry": {"type": "Point", "coordinates": [110.16376, -1.88593]}, "properties": {"species": "pongo_pygmaeus", "date_acq": "2026-08-12T1819", "confidence": "n", "brightness": "307.69", "frp": "0.82", "daynight": "N"}}, {"type": "Feature", "geometry": {"type": "Point", "coordinates": [110.16012, -1.88535]}, "properties": {"species": "pongo_pygmaeus", "date_acq": "2026-08-12T1819", "confidence": "n", "brightness": "308.83", "frp": "2.06", "daynight": "N"}}, {"type": "Feature", "geometry": {"type": "Point", "coordinates": [110.14969, -1.88021]}, "properties": {"species": "pongo_pygmaeus", "date_acq": "2026-08-12T1819", "confidence": "n", "brightness": "305.56", "frp": "1.79", "daynight": "N"}}, {"type": "Feature", "geometry": {"type": "Point", "coordinates": [110.16537, -1.87571]}, "properties": {"species": "pongo_pygmaeus", "date_acq": "2026-08-12T1819", "confidence": "n", "brightness": "314.82", "frp": "6.84", "daynight": "N"}}, {"type": "Feature", "geometry": {"type": "Point", "coordinates": [110.16171, -1.87513]}, "properties": {"species": "pongo_pygmaeus", "date_acq": "2026-08-12T1819", "confidence": "n", "brightness": "328.67", "frp": "12.14", "daynight": "N"}}, {"type": "Feature", "geometry": {"type": "Point", "coordinates": [110.15805, -1.87455]}, "properties": {"species": "pongo_pygmaeus", "date_acq": "2026-08-12T1819", "confidence": "n", "brightness": "325.59", "frp": "12.14", "daynight": "N"}}, {"type": "Feature", "geometry": {"type": "Point", "coordinates": [110.16589, -1.8723]}, "properties": {"species": "pongo_pygmaeus", "date_acq": "2026-08-12T1819", "confidence": "n", "brightness": "348.53", "frp": "6.84", "daynight": "N"}}, {"type": "Feature", "geometry": {"type": "Point", "coordinates": [110.16224, -1.87172]}, "properties": {"species": "pongo_pygmaeus", "date_acq": "2026-08-12T1819", "confidence": "h", "brightness": "367", "frp": "12.14", "daynight": "N"}}, {"type": "Feature", "geometry": {"type": "Point", "coordinates": [110.15858, -1.87114]}, "properties": {"species": "pongo_pygmaeus", "date_acq": "2026-08-12T1819", "confidence": "n", "brightness": "351", "frp": "12.14", "daynight": "N"}}, {"type": "Feature", "geometry": {"type": "Point", "coordinates": [110.16643, -1.86889]}, "properties": {"species": "pongo_pygmaeus", "date_acq": "2026-08-12T1819", "confidence": "n", "brightness": "355.41", "frp": "13.52", "daynight": "N"}}, {"type": "Feature", "geometry": {"type": "Point", "coordinates": [110.16277, -1.86831]}, "properties": {"species": "pongo_pygmaeus", "date_acq": "2026-08-12T1819", "confidence": "n", "brightness": "351.86", "frp": "6.88", "daynight": "N"}}, {"type": "Feature", "geometry": {"type": "Point", "coordinates": [110.15911, -1.86774]}, "properties": {"species": "pongo_pygmaeus", "date_acq": "2026-08-12T1819", "confidence": "n", "brightness": "303.9", "frp": "6.88", "daynight": "N"}}, {"type": "Feature", "geometry": {"type": "Point", "coordinates": [110.24818, -1.82577]}, "properties": {"species": "pongo_pygmaeus", "date_acq": "2026-08-12T1819", "confidence": "n", "brightness": "305.97", "frp": "0.52", "daynight": "N"}}, {"type": "Feature", "geometry": {"type": "Point", "coordinates": [111.37429, -1.8131]}, "properties": {"species": "pongo_pygmaeus", "date_acq": "2026-08-12T1819", "confidence": "n", "brightness": "326.71", "frp": "2.75", "daynight": "N"}}, {"type": "Feature", "geometry": {"type": "Point", "coordinates": [111.37485, -1.80952]}, "properties": {"species": "pongo_pygmaeus", "date_acq": "2026-08-12T1819", "confidence": "n", "brightness": "322.24", "frp": "2.75", "daynight": "N"}}, {"type": "Feature", "geometry": {"type": "Point", "coordinates": [110.14513, -1.76093]}, "properties": {"species": "pongo_pygmaeus", "date_acq": "2026-08-12T1819", "confidence": "n", "brightness": "301.65", "frp": "2.8", "daynight": "N"}}, {"type": "Feature", "geometry": {"type": "Point", "coordinates": [110.14148, -1.76036]}, "properties": {"species": "pongo_pygmaeus", "date_acq": "2026-08-12T1819", "confidence": "n", "brightness": "302.2", "frp": "9.06", "daynight": "N"}}, {"type": "Feature", "geometry": {"type": "Point", "coordinates": [110.22756, -1.75996]}, "properties": {"species": "pongo_pygmaeus", "date_acq": "2026-08-12T1819", "confidence": "n", "brightness": "301.66", "frp": "0.37", "daynight": "N"}}, {"type": "Feature", "geometry": {"type": "Point", "coordinates": [110.24699, -1.73154]}, "properties": {"species": "pongo_pygmaeus", "date_acq": "2026-08-12T1819", "confidence": "n", "brightness": "309.88", "frp": "0.87", "daynight": "N"}}, {"type": "Feature", "geometry": {"type": "Point", "coordinates": [110.24332, -1.73096]}, "properties": {"species": "pongo_pygmaeus", "date_acq": "2026-08-12T1819", "confidence": "n", "brightness": "319.44", "frp": "1.19", "daynight": "N"}}, {"type": "Feature", "geometry": {"type": "Point", "coordinates": [110.23966, -1.73039]}, "properties": {"species": "pongo_pygmaeus", "date_acq": "2026-08-12T1819", "confidence": "n", "brightness": "300.08", "frp": "1.19", "daynight": "N"}}, {"type": "Feature", "geometry": {"type": "Point", "coordinates": [110.24753, -1.72812]}, "properties": {"species": "pongo_pygmaeus", "date_acq": "2026-08-12T1819", "confidence": "n", "brightness": "305.74", "frp": "0.87", "daynight": "N"}}, {"type": "Feature", "geometry": {"type": "Point", "coordinates": [110.24386, -1.72755]}, "properties": {"species": "pongo_pygmaeus", "date_acq": "2026-08-12T1819", "confidence": "n", "brightness": "301.87", "frp": "1.19", "daynight": "N"}}, {"type": "Feature", "geometry": {"type": "Point", "coordinates": [113.45219, -1.72726]}, "properties": {"species": "pongo_pygmaeus", "date_acq": "2026-08-12T1819", "confidence": "n", "brightness": "314.15", "frp": "1.23", "daynight": "N"}}, {"type": "Feature", "geometry": {"type": "Point", "coordinates": [113.44868, -1.72672]}, "properties": {"species": "pongo_pygmaeus", "date_acq": "2026-08-12T1819", "confidence": "n", "brightness": "302.08", "frp": "1.13", "daynight": "N"}}, {"type": "Feature", "geometry": {"type": "Point", "coordinates": [110.25906, -1.72642]}, "properties": {"species": "pongo_pygmaeus", "date_acq": "2026-08-12T1819", "confidence": "n", "brightness": "305.57", "frp": "1.9", "daynight": "N"}}, {"type": "Feature", "geometry": {"type": "Point", "coordinates": [110.26326, -1.72358]}, "properties": {"species": "pongo_pygmaeus", "date_acq": "2026-08-12T1819", "confidence": "n", "brightness": "305.66", "frp": "0.9", "daynight": "N"}}, {"type": "Feature", "geometry": {"type": "Point", "coordinates": [110.26379, -1.72017]}, "properties": {"species": "pongo_pygmaeus", "date_acq": "2026-08-12T1819", "confidence": "n", "brightness": "307.24", "frp": "1.59", "daynight": "N"}}, {"type": "Feature", "geometry": {"type": "Point", "coordinates": [110.27134, -1.71784]}, "properties": {"species": "pongo_pygmaeus", "date_acq": "2026-08-12T1819", "confidence": "n", "brightness": "299.94", "frp": "0.46", "daynight": "N"}}, {"type": "Feature", "geometry": {"type": "Point", "coordinates": [110.26799, -1.71732]}, "properties": {"species": "pongo_pygmaeus", "date_acq": "2026-08-12T1819", "confidence": "n", "brightness": "317.65", "frp": "1.59", "daynight": "N"}}, {"type": "Feature", "geometry": {"type": "Point", "coordinates": [110.26768, -1.71726]}, "properties": {"species": "pongo_pygmaeus", "date_acq": "2026-08-12T1819", "confidence": "n", "brightness": "317.62", "frp": "1.54", "daynight": "N"}}, {"type": "Feature", "geometry": {"type": "Point", "coordinates": [110.26432, -1.71675]}, "properties": {"species": "pongo_pygmaeus", "date_acq": "2026-08-12T1819", "confidence": "n", "brightness": "305.91", "frp": "1.59", "daynight": "N"}}, {"type": "Feature", "geometry": {"type": "Point", "coordinates": [110.26401, -1.71667]}, "properties": {"species": "pongo_pygmaeus", "date_acq": "2026-08-12T1819", "confidence": "n", "brightness": "304.6", "frp": "1.54", "daynight": "N"}}, {"type": "Feature", "geometry": {"type": "Point", "coordinates": [110.14159, -1.71157]}, "properties": {"species": "pongo_pygmaeus", "date_acq": "2026-08-12T1819", "confidence": "n", "brightness": "313.91", "frp": "2.07", "daynight": "N"}}, {"type": "Feature", "geometry": {"type": "Point", "coordinates": [110.13796, -1.71101]}, "properties": {"species": "pongo_pygmaeus", "date_acq": "2026-08-12T1819", "confidence": "n", "brightness": "318.87", "frp": "2.07", "daynight": "N"}}, {"type": "Feature", "geometry": {"type": "Point", "coordinates": [110.17287, -1.70251]}, "properties": {"species": "pongo_pygmaeus", "date_acq": "2026-08-12T1819", "confidence": "n", "brightness": "305.71", "frp": "1.21", "daynight": "N"}}, {"type": "Feature", "geometry": {"type": "Point", "coordinates": [110.17267, -1.70212]}, "properties": {"species": "pongo_pygmaeus", "date_acq": "2026-08-12T1819", "confidence": "n", "brightness": "306.24", "frp": "0.81", "daynight": "N"}}, {"type": "Feature", "geometry": {"type": "Point", "coordinates": [113.35738, -1.67148]}, "properties": {"species": "pongo_pygmaeus", "date_acq": "2026-08-12T1819", "confidence": "n", "brightness": "302.69", "frp": "0.87", "daynight": "N"}}, {"type": "Feature", "geometry": {"type": "Point", "coordinates": [114.38284, -1.52248]}, "properties": {"species": "pongo_pygmaeus", "date_acq": "2026-08-12T1819", "confidence": "n", "brightness": "304.1", "frp": "2.18", "daynight": "N"}}, {"type": "Feature", "geometry": {"type": "Point", "coordinates": [110.17085, -1.46779]}, "properties": {"species": "pongo_pygmaeus", "date_acq": "2026-08-12T1819", "confidence": "n", "brightness": "310.21", "frp": "1.36", "daynight": "N"}}, {"type": "Feature", "geometry": {"type": "Point", "coordinates": [110.16722, -1.46722]}, "properties": {"species": "pongo_pygmaeus", "date_acq": "2026-08-12T1819", "confidence": "n", "brightness": "310.03", "frp": "1.36", "daynight": "N"}}, {"type": "Feature", "geometry": {"type": "Point", "coordinates": [110.16776, -1.46382]}, "properties": {"species": "pongo_pygmaeus", "date_acq": "2026-08-12T1819", "confidence": "n", "brightness": "344.02", "frp": "4.98", "daynight": "N"}}, {"type": "Feature", "geometry": {"type": "Point", "coordinates": [110.16829, -1.46042]}, "properties": {"species": "pongo_pygmaeus", "date_acq": "2026-08-12T1819", "confidence": "n", "brightness": "316.74", "frp": "4.98", "daynight": "N"}}, {"type": "Feature", "geometry": {"type": "Point", "coordinates": [110.16466, -1.45984]}, "properties": {"species": "pongo_pygmaeus", "date_acq": "2026-08-12T1819", "confidence": "n", "brightness": "305.11", "frp": "1.58", "daynight": "N"}}, {"type": "Feature", "geometry": {"type": "Point", "coordinates": [110.15899, -1.4485]}, "properties": {"species": "pongo_pygmaeus", "date_acq": "2026-08-12T1819", "confidence": "n", "brightness": "313.07", "frp": "2.37", "daynight": "N"}}, {"type": "Feature", "geometry": {"type": "Point", "coordinates": [110.11419, -1.37885]}, "properties": {"species": "pongo_pygmaeus", "date_acq": "2026-08-12T1819", "confidence": "n", "brightness": "333.59", "frp": "4.13", "daynight": "N"}}, {"type": "Feature", "geometry": {"type": "Point", "coordinates": [110.11059, -1.37829]}, "properties": {"species": "pongo_pygmaeus", "date_acq": "2026-08-12T1819", "confidence": "n", "brightness": "341.28", "frp": "3.45", "daynight": "N"}}, {"type": "Feature", "geometry": {"type": "Point", "coordinates": [110.10697, -1.37772]}, "properties": {"species": "pongo_pygmaeus", "date_acq": "2026-08-12T1819", "confidence": "n", "brightness": "311.71", "frp": "3.45", "daynight": "N"}}, {"type": "Feature", "geometry": {"type": "Point", "coordinates": [110.11472, -1.37546]}, "properties": {"species": "pongo_pygmaeus", "date_acq": "2026-08-12T1819", "confidence": "n", "brightness": "333.63", "frp": "4.13", "daynight": "N"}}, {"type": "Feature", "geometry": {"type": "Point", "coordinates": [110.11112, -1.3749]}, "properties": {"species": "pongo_pygmaeus", "date_acq": "2026-08-12T1819", "confidence": "n", "brightness": "332.03", "frp": "3.45", "daynight": "N"}}, {"type": "Feature", "geometry": {"type": "Point", "coordinates": [110.10751, -1.37433]}, "properties": {"species": "pongo_pygmaeus", "date_acq": "2026-08-12T1819", "confidence": "n", "brightness": "319.35", "frp": "3.45", "daynight": "N"}}, {"type": "Feature", "geometry": {"type": "Point", "coordinates": [110.11526, -1.37207]}, "properties": {"species": "pongo_pygmaeus", "date_acq": "2026-08-12T1819", "confidence": "n", "brightness": "344.69", "frp": "4.08", "daynight": "N"}}, {"type": "Feature", "geometry": {"type": "Point", "coordinates": [110.11165, -1.37151]}, "properties": {"species": "pongo_pygmaeus", "date_acq": "2026-08-12T1819", "confidence": "n", "brightness": "346.94", "frp": "3.88", "daynight": "N"}}, {"type": "Feature", "geometry": {"type": "Point", "coordinates": [110.10803, -1.37094]}, "properties": {"species": "pongo_pygmaeus", "date_acq": "2026-08-12T1819", "confidence": "n", "brightness": "320.88", "frp": "3.88", "daynight": "N"}}, {"type": "Feature", "geometry": {"type": "Point", "coordinates": [110.11579, -1.36868]}, "properties": {"species": "pongo_pygmaeus", "date_acq": "2026-08-12T1819", "confidence": "n", "brightness": "312.82", "frp": "4.08", "daynight": "N"}}, {"type": "Feature", "geometry": {"type": "Point", "coordinates": [110.11601, -1.36837]}, "properties": {"species": "pongo_pygmaeus", "date_acq": "2026-08-12T1819", "confidence": "n", "brightness": "306.72", "frp": "0.53", "daynight": "N"}}, {"type": "Feature", "geometry": {"type": "Point", "coordinates": [110.11217, -1.36812]}, "properties": {"species": "pongo_pygmaeus", "date_acq": "2026-08-12T1819", "confidence": "n", "brightness": "304.21", "frp": "3.88", "daynight": "N"}}, {"type": "Feature", "geometry": {"type": "Point", "coordinates": [114.47328, -1.34299]}, "properties": {"species": "pongo_pygmaeus", "date_acq": "2026-08-12T1819", "confidence": "n", "brightness": "311.76", "frp": "1.15", "daynight": "N"}}, {"type": "Feature", "geometry": {"type": "Point", "coordinates": [110.12489, -1.33503]}, "properties": {"species": "pongo_pygmaeus", "date_acq": "2026-08-12T1819", "confidence": "n", "brightness": "306.06", "frp": "0.91", "daynight": "N"}}, {"type": "Feature", "geometry": {"type": "Point", "coordinates": [109.92635, -0.95429]}, "properties": {"species": "pongo_pygmaeus", "date_acq": "2026-08-12T1819", "confidence": "n", "brightness": "310.95", "frp": "1.51", "daynight": "N"}}, {"type": "Feature", "geometry": {"type": "Point", "coordinates": [111.24519, -0.36181]}, "properties": {"species": "pongo_pygmaeus", "date_acq": "2026-08-12T1819", "confidence": "n", "brightness": "306.47", "frp": "0.52", "daynight": "N"}}, {"type": "Feature", "geometry": {"type": "Point", "coordinates": [112.68452, -0.31878]}, "properties": {"species": "pongo_pygmaeus", "date_acq": "2026-08-12T1819", "confidence": "n", "brightness": "304.57", "frp": "0.8", "daynight": "N"}}, {"type": "Feature", "geometry": {"type": "Point", "coordinates": [116.63248, 0.17746]}, "properties": {"species": "pongo_pygmaeus", "date_acq": "2026-08-12T1819", "confidence": "n", "brightness": "299.84", "frp": "3.11", "daynight": "N"}}, {"type": "Feature", "geometry": {"type": "Point", "coordinates": [116.63417, 0.17942]}, "properties": {"species": "pongo_pygmaeus", "date_acq": "2026-08-12T1819", "confidence": "n", "brightness": "301.88", "frp": "1.43", "daynight": "N"}}, {"type": "Feature", "geometry": {"type": "Point", "coordinates": [117.20023, 0.51249]}, "properties": {"species": "pongo_pygmaeus", "date_acq": "2026-08-12T1819", "confidence": "n", "brightness": "302.83", "frp": "0.49", "daynight": "N"}}, {"type": "Feature", "geometry": {"type": "Point", "coordinates": [117.20107, 0.51752]}, "properties": {"species": "pongo_pygmaeus", "date_acq": "2026-08-12T1819", "confidence": "n", "brightness": "302.02", "frp": "0.49", "daynight": "N"}}, {"type": "Feature", "geometry": {"type": "Point", "coordinates": [111.96366, 0.97103]}, "properties": {"species": "pongo_pygmaeus", "date_acq": "2026-08-12T1819", "confidence": "n", "brightness": "304.45", "frp": "2.33", "daynight": "N"}}, {"type": "Feature", "geometry": {"type": "Point", "coordinates": [112.88178, -3.12897]}, "properties": {"species": "pongo_pygmaeus", "date_acq": "2026-08-12T1821", "confidence": "n", "brightness": "324.39", "frp": "3.46", "daynight": "N"}}, {"type": "Feature", "geometry": {"type": "Point", "coordinates": [112.87731, -3.12423]}, "properties": {"species": "pongo_pygmaeus", "date_acq": "2026-08-12T1821", "confidence": "n", "brightness": "312.32", "frp": "1.87", "daynight": "N"}}, {"type": "Feature", "geometry": {"type": "Point", "coordinates": [112.87222, -3.12346]}, "properties": {"species": "pongo_pygmaeus", "date_acq": "2026-08-12T1821", "confidence": "n", "brightness": "311.7", "frp": "1.87", "daynight": "N"}}, {"type": "Feature", "geometry": {"type": "Point", "coordinates": [112.87792, -3.12026]}, "properties": {"species": "pongo_pygmaeus", "date_acq": "2026-08-12T1821", "confidence": "n", "brightness": "307.88", "frp": "1.87", "daynight": "N"}}, {"type": "Feature", "geometry": {"type": "Point", "coordinates": [112.87283, -3.11949]}, "properties": {"species": "pongo_pygmaeus", "date_acq": "2026-08-12T1821", "confidence": "n", "brightness": "316.95", "frp": "1.87", "daynight": "N"}}, {"type": "Feature", "geometry": {"type": "Point", "coordinates": [112.87852, -3.11629]}, "properties": {"species": "pongo_pygmaeus", "date_acq": "2026-08-12T1821", "confidence": "n", "brightness": "327.65", "frp": "5.2", "daynight": "N"}}, {"type": "Feature", "geometry": {"type": "Point", "coordinates": [112.87345, -3.11553]}, "properties": {"species": "pongo_pygmaeus", "date_acq": "2026-08-12T1821", "confidence": "n", "brightness": "312.7", "frp": "5.2", "daynight": "N"}}, {"type": "Feature", "geometry": {"type": "Point", "coordinates": [112.88419, -3.11309]}, "properties": {"species": "pongo_pygmaeus", "date_acq": "2026-08-12T1821", "confidence": "n", "brightness": "338.37", "frp": "2.86", "daynight": "N"}}, {"type": "Feature", "geometry": {"type": "Point", "coordinates": [112.87911, -3.11233]}, "properties": {"species": "pongo_pygmaeus", "date_acq": "2026-08-12T1821", "confidence": "n", "brightness": "340.58", "frp": "5.2", "daynight": "N"}}, {"type": "Feature", "geometry": {"type": "Point", "coordinates": [112.87405, -3.11156]}, "properties": {"species": "pongo_pygmaeus", "date_acq": "2026-08-12T1821", "confidence": "n", "brightness": "332.31", "frp": "5.2", "daynight": "N"}}, {"type": "Feature", "geometry": {"type": "Point", "coordinates": [112.869, -3.11079]}, "properties": {"species": "pongo_pygmaeus", "date_acq": "2026-08-12T1821", "confidence": "n", "brightness": "310.37", "frp": "3.08", "daynight": "N"}}, {"type": "Feature", "geometry": {"type": "Point", "coordinates": [112.8899, -3.10989]}, "properties": {"species": "pongo_pygmaeus", "date_acq": "2026-08-12T1821", "confidence": "n", "brightness": "308.87", "frp": "2.89", "daynight": "N"}}, {"type": "Feature", "geometry": {"type": "Point", "coordinates": [112.8848, -3.10912]}, "properties": {"species": "pongo_pygmaeus", "date_acq": "2026-08-12T1821", "confidence": "n", "brightness": "327.44", "frp": "2.89", "daynight": "N"}}, {"type": "Feature", "geometry": {"type": "Point", "coordinates": [112.87974, -3.10836]}, "properties": {"species": "pongo_pygmaeus", "date_acq": "2026-08-12T1821", "confidence": "n", "brightness": "324.65", "frp": "2.51", "daynight": "N"}}, {"type": "Feature", "geometry": {"type": "Point", "coordinates": [112.87467, -3.10759]}, "properties": {"species": "pongo_pygmaeus", "date_acq": "2026-08-12T1821", "confidence": "n", "brightness": "315.21", "frp": "2.51", "daynight": "N"}}, {"type": "Feature", "geometry": {"type": "Point", "coordinates": [112.88682, -3.10749]}, "properties": {"species": "pongo_pygmaeus", "date_acq": "2026-08-12T1821", "confidence": "n", "brightness": "324.51", "frp": "2.21", "daynight": "N"}}, {"type": "Feature", "geometry": {"type": "Point", "coordinates": [112.88174, -3.10669]}, "properties": {"species": "pongo_pygmaeus", "date_acq": "2026-08-12T1821", "confidence": "n", "brightness": "309.39", "frp": "2.21", "daynight": "N"}}, {"type": "Feature", "geometry": {"type": "Point", "coordinates": [112.859, -3.01797]}, "properties": {"species": "pongo_pygmaeus", "date_acq": "2026-08-12T1821", "confidence": "n", "brightness": "314.69", "frp": "1.82", "daynight": "N"}}, {"type": "Feature", "geometry": {"type": "Point", "coordinates": [112.85394, -3.0172]}, "properties": {"species": "pongo_pygmaeus", "date_acq": "2026-08-12T1821", "confidence": "n", "brightness": "304.78", "frp": "1.82", "daynight": "N"}}, {"type": "Feature", "geometry": {"type": "Point", "coordinates": [112.8596, -3.01401]}, "properties": {"species": "pongo_pygmaeus", "date_acq": "2026-08-12T1821", "confidence": "n", "brightness": "312.17", "frp": "2.36", "daynight": "N"}}, {"type": "Feature", "geometry": {"type": "Point", "coordinates": [112.85455, -3.01324]}, "properties": {"species": "pongo_pygmaeus", "date_acq": "2026-08-12T1821", "confidence": "n", "brightness": "319.67", "frp": "2.36", "daynight": "N"}}, {"type": "Feature", "geometry": {"type": "Point", "coordinates": [112.86926, -2.99651]}, "properties": {"species": "pongo_pygmaeus", "date_acq": "2026-08-12T1821", "confidence": "n", "brightness": "308.7", "frp": "5.68", "daynight": "N"}}, {"type": "Feature", "geometry": {"type": "Point", "coordinates": [112.86423, -2.99572]}, "properties": {"species": "pongo_pygmaeus", "date_acq": "2026-08-12T1821", "confidence": "n", "brightness": "330.19", "frp": "5.68", "daynight": "N"}}, {"type": "Feature", "geometry": {"type": "Point", "coordinates": [112.86772, -2.99499]}, "properties": {"species": "pongo_pygmaeus", "date_acq": "2026-08-12T1821", "confidence": "n", "brightness": "329.18", "frp": "5.28", "daynight": "N"}}, {"type": "Feature", "geometry": {"type": "Point", "coordinates": [112.86269, -2.99423]}, "properties": {"species": "pongo_pygmaeus", "date_acq": "2026-08-12T1821", "confidence": "n", "brightness": "328.35", "frp": "5.44", "daynight": "N"}}, {"type": "Feature", "geometry": {"type": "Point", "coordinates": [112.86833, -2.99103]}, "properties": {"species": "pongo_pygmaeus", "date_acq": "2026-08-12T1821", "confidence": "n", "brightness": "330.58", "frp": "4.08", "daynight": "N"}}, {"type": "Feature", "geometry": {"type": "Point", "coordinates": [112.87553, -2.98939]}, "properties": {"species": "pongo_pygmaeus", "date_acq": "2026-08-12T1821", "confidence": "n", "brightness": "308.25", "frp": "2.28", "daynight": "N"}}, {"type": "Feature", "geometry": {"type": "Point", "coordinates": [112.87048, -2.9886]}, "properties": {"species": "pongo_pygmaeus", "date_acq": "2026-08-12T1821", "confidence": "n", "brightness": "309.43", "frp": "5.65", "daynight": "N"}}, {"type": "Feature", "geometry": {"type": "Point", "coordinates": [112.87401, -2.98784]}, "properties": {"species": "pongo_pygmaeus", "date_acq": "2026-08-12T1821", "confidence": "n", "brightness": "313.99", "frp": "4.08", "daynight": "N"}}, {"type": "Feature", "geometry": {"type": "Point", "coordinates": [112.86895, -2.98708]}, "properties": {"species": "pongo_pygmaeus", "date_acq": "2026-08-12T1821", "confidence": "n", "brightness": "333.53", "frp": "4.08", "daynight": "N"}}, {"type": "Feature", "geometry": {"type": "Point", "coordinates": [112.87615, -2.98544]}, "properties": {"species": "pongo_pygmaeus", "date_acq": "2026-08-12T1821", "confidence": "n", "brightness": "316.37", "frp": "2.28", "daynight": "N"}}, {"type": "Feature", "geometry": {"type": "Point", "coordinates": [112.87462, -2.98388]}, "properties": {"species": "pongo_pygmaeus", "date_acq": "2026-08-12T1821", "confidence": "n", "brightness": "324.09", "frp": "4.51", "daynight": "N"}}, {"type": "Feature", "geometry": {"type": "Point", "coordinates": [112.26126, -2.89633]}, "properties": {"species": "pongo_pygmaeus", "date_acq": "2026-08-12T1821", "confidence": "n", "brightness": "302.86", "frp": "1.08", "daynight": "N"}}, {"type": "Feature", "geometry": {"type": "Point", "coordinates": [112.26385, -2.89579]}, "properties": {"species": "pongo_pygmaeus", "date_acq": "2026-08-12T1821", "confidence": "n", "brightness": "306.62", "frp": "1.3", "daynight": "N"}}, {"type": "Feature", "geometry": {"type": "Point", "coordinates": [111.56367, -2.62184]}, "properties": {"species": "pongo_pygmaeus", "date_acq": "2026-08-12T1821", "confidence": "n", "brightness": "306.46", "frp": "2.78", "daynight": "N"}}, {"type": "Feature", "geometry": {"type": "Point", "coordinates": [111.55946, -2.62118]}, "properties": {"species": "pongo_pygmaeus", "date_acq": "2026-08-12T1821", "confidence": "n", "brightness": "305.37", "frp": "1.78", "daynight": "N"}}, {"type": "Feature", "geometry": {"type": "Point", "coordinates": [111.57269, -2.61951]}, "properties": {"species": "pongo_pygmaeus", "date_acq": "2026-08-12T1821", "confidence": "n", "brightness": "305.29", "frp": "0.88", "daynight": "N"}}, {"type": "Feature", "geometry": {"type": "Point", "coordinates": [111.56847, -2.61885]}, "properties": {"species": "pongo_pygmaeus", "date_acq": "2026-08-12T1821", "confidence": "n", "brightness": "330.69", "frp": "2.78", "daynight": "N"}}, {"type": "Feature", "geometry": {"type": "Point", "coordinates": [111.56424, -2.61819]}, "properties": {"species": "pongo_pygmaeus", "date_acq": "2026-08-12T1821", "confidence": "n", "brightness": "322.9", "frp": "2.78", "daynight": "N"}}, {"type": "Feature", "geometry": {"type": "Point", "coordinates": [111.56001, -2.61754]}, "properties": {"species": "pongo_pygmaeus", "date_acq": "2026-08-12T1821", "confidence": "n", "brightness": "313.32", "frp": "1.78", "daynight": "N"}}, {"type": "Feature", "geometry": {"type": "Point", "coordinates": [111.57748, -2.61651]}, "properties": {"species": "pongo_pygmaeus", "date_acq": "2026-08-12T1821", "confidence": "n", "brightness": "299.86", "frp": "2.07", "daynight": "N"}}, {"type": "Feature", "geometry": {"type": "Point", "coordinates": [111.57325, -2.61586]}, "properties": {"species": "pongo_pygmaeus", "date_acq": "2026-08-12T1821", "confidence": "n", "brightness": "323.79", "frp": "2.07", "daynight": "N"}}, {"type": "Feature", "geometry": {"type": "Point", "coordinates": [111.56902, -2.6152]}, "properties": {"species": "pongo_pygmaeus", "date_acq": "2026-08-12T1821", "confidence": "n", "brightness": "311.45", "frp": "3.87", "daynight": "N"}}, {"type": "Feature", "geometry": {"type": "Point", "coordinates": [111.5648, -2.61455]}, "properties": {"species": "pongo_pygmaeus", "date_acq": "2026-08-12T1821", "confidence": "n", "brightness": "311.56", "frp": "3.87", "daynight": "N"}}, {"type": "Feature", "geometry": {"type": "Point", "coordinates": [111.56058, -2.61389]}, "properties": {"species": "pongo_pygmaeus", "date_acq": "2026-08-12T1821", "confidence": "n", "brightness": "345.91", "frp": "7.65", "daynight": "N"}}, {"type": "Feature", "geometry": {"type": "Point", "coordinates": [111.57804, -2.61286]}, "properties": {"species": "pongo_pygmaeus", "date_acq": "2026-08-12T1821", "confidence": "n", "brightness": "316.33", "frp": "2.07", "daynight": "N"}}, {"type": "Feature", "geometry": {"type": "Point", "coordinates": [111.57381, -2.61221]}, "properties": {"species": "pongo_pygmaeus", "date_acq": "2026-08-12T1821", "confidence": "n", "brightness": "321.39", "frp": "2.07", "daynight": "N"}}, {"type": "Feature", "geometry": {"type": "Point", "coordinates": [111.56958, -2.61155]}, "properties": {"species": "pongo_pygmaeus", "date_acq": "2026-08-12T1821", "confidence": "n", "brightness": "352.49", "frp": "3.87", "daynight": "N"}}, {"type": "Feature", "geometry": {"type": "Point", "coordinates": [111.56537, -2.6109]}, "properties": {"species": "pongo_pygmaeus", "date_acq": "2026-08-12T1821", "confidence": "n", "brightness": "317.25", "frp": "3.87", "daynight": "N"}}, {"type": "Feature", "geometry": {"type": "Point", "coordinates": [111.57014, -2.60791]}, "properties": {"species": "pongo_pygmaeus", "date_acq": "2026-08-12T1821", "confidence": "n", "brightness": "347.34", "frp": "7.83", "daynight": "N"}}, {"type": "Feature", "geometry": {"type": "Point", "coordinates": [110.27718, -2.25356]}, "properties": {"species": "pongo_pygmaeus", "date_acq": "2026-08-12T1821", "confidence": "n", "brightness": "302.38", "frp": "1.42", "daynight": "N"}}, {"type": "Feature", "geometry": {"type": "Point", "coordinates": [110.28143, -2.25072]}, "properties": {"species": "pongo_pygmaeus", "date_acq": "2026-08-12T1821", "confidence": "n", "brightness": "304.54", "frp": "1.91", "daynight": "N"}}, {"type": "Feature", "geometry": {"type": "Point", "coordinates": [110.2272, -2.03252]}, "properties": {"species": "pongo_pygmaeus", "date_acq": "2026-08-12T1821", "confidence": "n", "brightness": "309.53", "frp": "1.61", "daynight": "N"}}, {"type": "Feature", "geometry": {"type": "Point", "coordinates": [110.22774, -2.0291]}, "properties": {"species": "pongo_pygmaeus", "date_acq": "2026-08-12T1821", "confidence": "n", "brightness": "305.3", "frp": "1.65", "daynight": "N"}}, {"type": "Feature", "geometry": {"type": "Point", "coordinates": [110.22617, -2.01484]}, "properties": {"species": "pongo_pygmaeus", "date_acq": "2026-08-12T1821", "confidence": "n", "brightness": "305.92", "frp": "1.1", "daynight": "N"}}, {"type": "Feature", "geometry": {"type": "Point", "coordinates": [111.1035, -1.94352]}, "properties": {"species": "pongo_pygmaeus", "date_acq": "2026-08-13T521", "confidence": "n", "brightness": "341.33", "frp": "9.18", "daynight": "D"}}, {"type": "Feature", "geometry": {"type": "Point", "coordinates": [111.10252, -1.93655]}, "properties": {"species": "pongo_pygmaeus", "date_acq": "2026-08-13T521", "confidence": "n", "brightness": "342.86", "frp": "11.25", "daynight": "D"}}, {"type": "Feature", "geometry": {"type": "Point", "coordinates": [114.36344, -1.65344]}, "properties": {"species": "pongo_pygmaeus", "date_acq": "2026-08-13T521", "confidence": "n", "brightness": "333.82", "frp": "4.73", "daynight": "D"}}, {"type": "Feature", "geometry": {"type": "Point", "coordinates": [114.11273, -0.25129]}, "properties": {"species": "pongo_pygmaeus", "date_acq": "2026-08-13T521", "confidence": "n", "brightness": "328.83", "frp": "15.32", "daynight": "D"}}, {"type": "Feature", "geometry": {"type": "Point", "coordinates": [114.1147, -0.24521]}, "properties": {"species": "pongo_pygmaeus", "date_acq": "2026-08-13T521", "confidence": "n", "brightness": "343.7", "frp": "15.32", "daynight": "D"}}, {"type": "Feature", "geometry": {"type": "Point", "coordinates": [117.27099, 0.48972]}, "properties": {"species": "pongo_pygmaeus", "date_acq": "2026-08-13T521", "confidence": "n", "brightness": "341.86", "frp": "6.52", "daynight": "D"}}, {"type": "Feature", "geometry": {"type": "Point", "coordinates": [117.24042, 1.32334]}, "properties": {"species": "pongo_pygmaeus", "date_acq": "2026-08-13T521", "confidence": "n", "brightness": "338.33", "frp": "5.73", "daynight": "D"}}, {"type": "Feature", "geometry": {"type": "Point", "coordinates": [117.19095, 1.65614]}, "properties": {"species": "pongo_pygmaeus", "date_acq": "2026-08-13T523", "confidence": "n", "brightness": "339.69", "frp": "10.05", "daynight": "D"}}, {"type": "Feature", "geometry": {"type": "Point", "coordinates": [117.19547, 1.65685]}, "properties": {"species": "pongo_pygmaeus", "date_acq": "2026-08-13T523", "confidence": "h", "brightness": "367", "frp": "25.19", "daynight": "D"}}, {"type": "Feature", "geometry": {"type": "Point", "coordinates": [117.19452, 1.66124]}, "properties": {"species": "pongo_pygmaeus", "date_acq": "2026-08-13T523", "confidence": "n", "brightness": "352.12", "frp": "12.15", "daynight": "D"}}, {"type": "Feature", "geometry": {"type": "Point", "coordinates": [112.8549, -3.01514]}, "properties": {"species": "pongo_pygmaeus", "date_acq": "2026-08-13T659", "confidence": "n", "brightness": "334.59", "frp": "15.48", "daynight": "D"}}, {"type": "Feature", "geometry": {"type": "Point", "coordinates": [112.86179, -3.01398]}, "properties": {"species": "pongo_pygmaeus", "date_acq": "2026-08-13T659", "confidence": "n", "brightness": "330.69", "frp": "16.27", "daynight": "D"}}, {"type": "Feature", "geometry": {"type": "Point", "coordinates": [112.85584, -3.01157]}, "properties": {"species": "pongo_pygmaeus", "date_acq": "2026-08-13T659", "confidence": "n", "brightness": "352.75", "frp": "26.53", "daynight": "D"}}, {"type": "Feature", "geometry": {"type": "Point", "coordinates": [112.34626, -3.14355]}, "properties": {"species": "pongo_pygmaeus", "date_acq": "2026-08-13T1802", "confidence": "n", "brightness": "303.3", "frp": "0.46", "daynight": "N"}}, {"type": "Feature", "geometry": {"type": "Point", "coordinates": [112.34279, -3.143]}, "properties": {"species": "pongo_pygmaeus", "date_acq": "2026-08-13T1802", "confidence": "n", "brightness": "301.52", "frp": "0.46", "daynight": "N"}}, {"type": "Feature", "geometry": {"type": "Point", "coordinates": [112.88274, -3.1275]}, "properties": {"species": "pongo_pygmaeus", "date_acq": "2026-08-13T1802", "confidence": "n", "brightness": "310.02", "frp": "0.87", "daynight": "N"}}, {"type": "Feature", "geometry": {"type": "Point", "coordinates": [112.87637, -3.12309]}, "properties": {"species": "pongo_pygmaeus", "date_acq": "2026-08-13T1802", "confidence": "n", "brightness": "311.05", "frp": "1.57", "daynight": "N"}}, {"type": "Feature", "geometry": {"type": "Point", "coordinates": [112.87292, -3.12254]}, "properties": {"species": "pongo_pygmaeus", "date_acq": "2026-08-13T1802", "confidence": "n", "brightness": "310.41", "frp": "1.49", "daynight": "N"}}, {"type": "Feature", "geometry": {"type": "Point", "coordinates": [112.8774, -3.11646]}, "properties": {"species": "pongo_pygmaeus", "date_acq": "2026-08-13T1802", "confidence": "n", "brightness": "305.79", "frp": "1.27", "daynight": "N"}}, {"type": "Feature", "geometry": {"type": "Point", "coordinates": [112.87793, -3.11315]}, "properties": {"species": "pongo_pygmaeus", "date_acq": "2026-08-13T1802", "confidence": "n", "brightness": "310.46", "frp": "1.27", "daynight": "N"}}, {"type": "Feature", "geometry": {"type": "Point", "coordinates": [112.87448, -3.1126]}, "properties": {"species": "pongo_pygmaeus", "date_acq": "2026-08-13T1802", "confidence": "n", "brightness": "308.24", "frp": "1.17", "daynight": "N"}}, {"type": "Feature", "geometry": {"type": "Point", "coordinates": [112.87104, -3.11205]}, "properties": {"species": "pongo_pygmaeus", "date_acq": "2026-08-13T1802", "confidence": "n", "brightness": "309.97", "frp": "1.17", "daynight": "N"}}, {"type": "Feature", "geometry": {"type": "Point", "coordinates": [112.8819, -3.11038]}, "properties": {"species": "pongo_pygmaeus", "date_acq": "2026-08-13T1802", "confidence": "n", "brightness": "307.59", "frp": "1.04", "daynight": "N"}}, {"type": "Feature", "geometry": {"type": "Point", "coordinates": [112.87845, -3.10983]}, "properties": {"species": "pongo_pygmaeus", "date_acq": "2026-08-13T1802", "confidence": "n", "brightness": "307.33", "frp": "1.04", "daynight": "N"}}, {"type": "Feature", "geometry": {"type": "Point", "coordinates": [112.875, -3.10928]}, "properties": {"species": "pongo_pygmaeus", "date_acq": "2026-08-13T1802", "confidence": "n", "brightness": "312.06", "frp": "2.64", "daynight": "N"}}, {"type": "Feature", "geometry": {"type": "Point", "coordinates": [112.87156, -3.10874]}, "properties": {"species": "pongo_pygmaeus", "date_acq": "2026-08-13T1802", "confidence": "n", "brightness": "323.85", "frp": "2.64", "daynight": "N"}}, {"type": "Feature", "geometry": {"type": "Point", "coordinates": [112.86812, -3.10819]}, "properties": {"species": "pongo_pygmaeus", "date_acq": "2026-08-13T1802", "confidence": "n", "brightness": "306.67", "frp": "1.77", "daynight": "N"}}, {"type": "Feature", "geometry": {"type": "Point", "coordinates": [112.88345, -3.10043]}, "properties": {"species": "pongo_pygmaeus", "date_acq": "2026-08-13T1802", "confidence": "n", "brightness": "308.27", "frp": "0.86", "daynight": "N"}}, {"type": "Feature", "geometry": {"type": "Point", "coordinates": [112.87434, -3.0278]}, "properties": {"species": "pongo_pygmaeus", "date_acq": "2026-08-13T1802", "confidence": "n", "brightness": "308.88", "frp": "0.88", "daynight": "N"}}, {"type": "Feature", "geometry": {"type": "Point", "coordinates": [112.8616, -3.01898]}, "properties": {"species": "pongo_pygmaeus", "date_acq": "2026-08-13T1802", "confidence": "n", "brightness": "309", "frp": "1.41", "daynight": "N"}}, {"type": "Feature", "geometry": {"type": "Point", "coordinates": [112.85815, -3.01844]}, "properties": {"species": "pongo_pygmaeus", "date_acq": "2026-08-13T1802", "confidence": "n", "brightness": "310.55", "frp": "1.41", "daynight": "N"}}, {"type": "Feature", "geometry": {"type": "Point", "coordinates": [112.86211, -3.01567]}, "properties": {"species": "pongo_pygmaeus", "date_acq": "2026-08-13T1802", "confidence": "n", "brightness": "309.02", "frp": "1.41", "daynight": "N"}}, {"type": "Feature", "geometry": {"type": "Point", "coordinates": [112.85867, -3.01512]}, "properties": {"species": "pongo_pygmaeus", "date_acq": "2026-08-13T1802", "confidence": "n", "brightness": "331.67", "frp": "1.41", "daynight": "N"}}, {"type": "Feature", "geometry": {"type": "Point", "coordinates": [112.85523, -3.01458]}, "properties": {"species": "pongo_pygmaeus", "date_acq": "2026-08-13T1802", "confidence": "n", "brightness": "309.29", "frp": "1.41", "daynight": "N"}}, {"type": "Feature", "geometry": {"type": "Point", "coordinates": [112.85575, -3.01126]}, "properties": {"species": "pongo_pygmaeus", "date_acq": "2026-08-13T1802", "confidence": "n", "brightness": "317.3", "frp": "1.46", "daynight": "N"}}, {"type": "Feature", "geometry": {"type": "Point", "coordinates": [112.8523, -3.01071]}, "properties": {"species": "pongo_pygmaeus", "date_acq": "2026-08-13T1802", "confidence": "n", "brightness": "314.64", "frp": "1.46", "daynight": "N"}}, {"type": "Feature", "geometry": {"type": "Point", "coordinates": [112.85282, -3.0074]}, "properties": {"species": "pongo_pygmaeus", "date_acq": "2026-08-13T1802", "confidence": "n", "brightness": "315.96", "frp": "1.46", "daynight": "N"}}, {"type": "Feature", "geometry": {"type": "Point", "coordinates": [112.86868, -2.99632]}, "properties": {"species": "pongo_pygmaeus", "date_acq": "2026-08-13T1802", "confidence": "n", "brightness": "311.51", "frp": "1.04", "daynight": "N"}}, {"type": "Feature", "geometry": {"type": "Point", "coordinates": [112.86523, -2.99578]}, "properties": {"species": "pongo_pygmaeus", "date_acq": "2026-08-13T1802", "confidence": "n", "brightness": "305.87", "frp": "0.92", "daynight": "N"}}, {"type": "Feature", "geometry": {"type": "Point", "coordinates": [112.8692, -2.99301]}, "properties": {"species": "pongo_pygmaeus", "date_acq": "2026-08-13T1802", "confidence": "n", "brightness": "320.56", "frp": "5.73", "daynight": "N"}}, {"type": "Feature", "geometry": {"type": "Point", "coordinates": [112.86972, -2.98969]}, "properties": {"species": "pongo_pygmaeus", "date_acq": "2026-08-13T1802", "confidence": "n", "brightness": "340.99", "frp": "5.73", "daynight": "N"}}, {"type": "Feature", "geometry": {"type": "Point", "coordinates": [112.87369, -2.98693]}, "properties": {"species": "pongo_pygmaeus", "date_acq": "2026-08-13T1802", "confidence": "n", "brightness": "312.22", "frp": "2.62", "daynight": "N"}}, {"type": "Feature", "geometry": {"type": "Point", "coordinates": [112.87421, -2.98361]}, "properties": {"species": "pongo_pygmaeus", "date_acq": "2026-08-13T1802", "confidence": "n", "brightness": "307.86", "frp": "2.62", "daynight": "N"}}, {"type": "Feature", "geometry": {"type": "Point", "coordinates": [111.5658, -2.61997]}, "properties": {"species": "pongo_pygmaeus", "date_acq": "2026-08-13T1802", "confidence": "n", "brightness": "303.56", "frp": "0.77", "daynight": "N"}}, {"type": "Feature", "geometry": {"type": "Point", "coordinates": [111.57354, -2.61773]}, "properties": {"species": "pongo_pygmaeus", "date_acq": "2026-08-13T1802", "confidence": "n", "brightness": "304.79", "frp": "3.37", "daynight": "N"}}, {"type": "Feature", "geometry": {"type": "Point", "coordinates": [111.58126, -2.6155]}, "properties": {"species": "pongo_pygmaeus", "date_acq": "2026-08-13T1802", "confidence": "n", "brightness": "307.08", "frp": "0.93", "daynight": "N"}}, {"type": "Feature", "geometry": {"type": "Point", "coordinates": [111.55914, -2.61544]}, "properties": {"species": "pongo_pygmaeus", "date_acq": "2026-08-13T1802", "confidence": "n", "brightness": "314.91", "frp": "2.45", "daynight": "N"}}, {"type": "Feature", "geometry": {"type": "Point", "coordinates": [111.57766, -2.61493]}, "properties": {"species": "pongo_pygmaeus", "date_acq": "2026-08-13T1802", "confidence": "n", "brightness": "342.18", "frp": "3.37", "daynight": "N"}}, {"type": "Feature", "geometry": {"type": "Point", "coordinates": [111.57407, -2.61435]}, "properties": {"species": "pongo_pygmaeus", "date_acq": "2026-08-13T1802", "confidence": "n", "brightness": "329.38", "frp": "3.37", "daynight": "N"}}, {"type": "Feature", "geometry": {"type": "Point", "coordinates": [111.56328, -2.61263]}, "properties": {"species": "pongo_pygmaeus", "date_acq": "2026-08-13T1802", "confidence": "n", "brightness": "333.37", "frp": "2.45", "daynight": "N"}}, {"type": "Feature", "geometry": {"type": "Point", "coordinates": [111.58179, -2.61212]}, "properties": {"species": "pongo_pygmaeus", "date_acq": "2026-08-13T1802", "confidence": "n", "brightness": "318.72", "frp": "1.83", "daynight": "N"}}, {"type": "Feature", "geometry": {"type": "Point", "coordinates": [111.55968, -2.61206]}, "properties": {"species": "pongo_pygmaeus", "date_acq": "2026-08-13T1802", "confidence": "n", "brightness": "314.78", "frp": "2.45", "daynight": "N"}}, {"type": "Feature", "geometry": {"type": "Point", "coordinates": [111.5782, -2.61154]}, "properties": {"species": "pongo_pygmaeus", "date_acq": "2026-08-13T1802", "confidence": "n", "brightness": "336.32", "frp": "4.57", "daynight": "N"}}, {"type": "Feature", "geometry": {"type": "Point", "coordinates": [111.57101, -2.6104]}, "properties": {"species": "pongo_pygmaeus", "date_acq": "2026-08-13T1802", "confidence": "n", "brightness": "313.88", "frp": "1.69", "daynight": "N"}}, {"type": "Feature", "geometry": {"type": "Point", "coordinates": [111.56741, -2.60982]}, "properties": {"species": "pongo_pygmaeus", "date_acq": "2026-08-13T1802", "confidence": "n", "brightness": "313.7", "frp": "1.69", "daynight": "N"}}, {"type": "Feature", "geometry": {"type": "Point", "coordinates": [112.17213, -2.30032]}, "properties": {"species": "pongo_pygmaeus", "date_acq": "2026-08-13T1802", "confidence": "n", "brightness": "304.67", "frp": "0.32", "daynight": "N"}}, {"type": "Feature", "geometry": {"type": "Point", "coordinates": [114.13372, -2.03212]}, "properties": {"species": "pongo_pygmaeus", "date_acq": "2026-08-13T1802", "confidence": "n", "brightness": "312.61", "frp": "1.96", "daynight": "N"}}, {"type": "Feature", "geometry": {"type": "Point", "coordinates": [111.10332, -1.94257]}, "properties": {"species": "pongo_pygmaeus", "date_acq": "2026-08-13T1802", "confidence": "n", "brightness": "341.44", "frp": "4.97", "daynight": "N"}}, {"type": "Feature", "geometry": {"type": "Point", "coordinates": [111.09957, -1.94198]}, "properties": {"species": "pongo_pygmaeus", "date_acq": "2026-08-13T1802", "confidence": "n", "brightness": "313.46", "frp": "4.97", "daynight": "N"}}, {"type": "Feature", "geometry": {"type": "Point", "coordinates": [111.10719, -1.94193]}, "properties": {"species": "pongo_pygmaeus", "date_acq": "2026-08-13T1802", "confidence": "n", "brightness": "302.43", "frp": "0.8", "daynight": "N"}}, {"type": "Feature", "geometry": {"type": "Point", "coordinates": [111.10344, -1.94133]}, "properties": {"species": "pongo_pygmaeus", "date_acq": "2026-08-13T1802", "confidence": "n", "brightness": "348.53", "frp": "7.11", "daynight": "N"}}, {"type": "Feature", "geometry": {"type": "Point", "coordinates": [111.09969, -1.94072]}, "properties": {"species": "pongo_pygmaeus", "date_acq": "2026-08-13T1802", "confidence": "n", "brightness": "328.7", "frp": "7.11", "daynight": "N"}}, {"type": "Feature", "geometry": {"type": "Point", "coordinates": [111.09594, -1.94011]}, "properties": {"species": "pongo_pygmaeus", "date_acq": "2026-08-13T1802", "confidence": "n", "brightness": "302.48", "frp": "0.76", "daynight": "N"}}, {"type": "Feature", "geometry": {"type": "Point", "coordinates": [111.10762, -1.93971]}, "properties": {"species": "pongo_pygmaeus", "date_acq": "2026-08-13T1802", "confidence": "n", "brightness": "303.25", "frp": "1.2", "daynight": "N"}}, {"type": "Feature", "geometry": {"type": "Point", "coordinates": [111.10387, -1.93912]}, "properties": {"species": "pongo_pygmaeus", "date_acq": "2026-08-13T1802", "confidence": "n", "brightness": "343.57", "frp": "4.97", "daynight": "N"}}, {"type": "Feature", "geometry": {"type": "Point", "coordinates": [111.10012, -1.93853]}, "properties": {"species": "pongo_pygmaeus", "date_acq": "2026-08-13T1802", "confidence": "n", "brightness": "349.2", "frp": "4.97", "daynight": "N"}}, {"type": "Feature", "geometry": {"type": "Point", "coordinates": [111.09637, -1.93794]}, "properties": {"species": "pongo_pygmaeus", "date_acq": "2026-08-13T1802", "confidence": "n", "brightness": "303.7", "frp": "1.2", "daynight": "N"}}, {"type": "Feature", "geometry": {"type": "Point", "coordinates": [111.10442, -1.93567]}, "properties": {"species": "pongo_pygmaeus", "date_acq": "2026-08-13T1802", "confidence": "n", "brightness": "303.88", "frp": "0.57", "daynight": "N"}}, {"type": "Feature", "geometry": {"type": "Point", "coordinates": [111.10067, -1.93508]}, "properties": {"species": "pongo_pygmaeus", "date_acq": "2026-08-13T1802", "confidence": "n", "brightness": "305.12", "frp": "0.57", "daynight": "N"}}, {"type": "Feature", "geometry": {"type": "Point", "coordinates": [110.16693, -1.87414]}, "properties": {"species": "pongo_pygmaeus", "date_acq": "2026-08-13T1802", "confidence": "n", "brightness": "298.12", "frp": "1.6", "daynight": "N"}}, {"type": "Feature", "geometry": {"type": "Point", "coordinates": [110.16283, -1.87349]}, "properties": {"species": "pongo_pygmaeus", "date_acq": "2026-08-13T1802", "confidence": "n", "brightness": "305.07", "frp": "1.6", "daynight": "N"}}, {"type": "Feature", "geometry": {"type": "Point", "coordinates": [110.15872, -1.87284]}, "properties": {"species": "pongo_pygmaeus", "date_acq": "2026-08-13T1802", "confidence": "n", "brightness": "311.67", "frp": "1.67", "daynight": "N"}}, {"type": "Feature", "geometry": {"type": "Point", "coordinates": [110.1675, -1.87054]}, "properties": {"species": "pongo_pygmaeus", "date_acq": "2026-08-13T1802", "confidence": "n", "brightness": "307.08", "frp": "1.6", "daynight": "N"}}, {"type": "Feature", "geometry": {"type": "Point", "coordinates": [110.16341, -1.86989]}, "properties": {"species": "pongo_pygmaeus", "date_acq": "2026-08-13T1802", "confidence": "n", "brightness": "325.42", "frp": "1.6", "daynight": "N"}}, {"type": "Feature", "geometry": {"type": "Point", "coordinates": [110.15931, -1.86924]}, "properties": {"species": "pongo_pygmaeus", "date_acq": "2026-08-13T1802", "confidence": "n", "brightness": "305.66", "frp": "1.67", "daynight": "N"}}, {"type": "Feature", "geometry": {"type": "Point", "coordinates": [110.16807, -1.86694]}, "properties": {"species": "pongo_pygmaeus", "date_acq": "2026-08-13T1802", "confidence": "n", "brightness": "296.96", "frp": "0.62", "daynight": "N"}}, {"type": "Feature", "geometry": {"type": "Point", "coordinates": [110.16397, -1.86629]}, "properties": {"species": "pongo_pygmaeus", "date_acq": "2026-08-13T1802", "confidence": "n", "brightness": "295.04", "frp": "0.62", "daynight": "N"}}, {"type": "Feature", "geometry": {"type": "Point", "coordinates": [110.14198, -1.76189]}, "properties": {"species": "pongo_pygmaeus", "date_acq": "2026-08-13T1802", "confidence": "n", "brightness": "308.11", "frp": "1.24", "daynight": "N"}}, {"type": "Feature", "geometry": {"type": "Point", "coordinates": [110.24798, -1.73085]}, "properties": {"species": "pongo_pygmaeus", "date_acq": "2026-08-13T1802", "confidence": "n", "brightness": "311.85", "frp": "1.14", "daynight": "N"}}, {"type": "Feature", "geometry": {"type": "Point", "coordinates": [110.2439, -1.7302]}, "properties": {"species": "pongo_pygmaeus", "date_acq": "2026-08-13T1802", "confidence": "n", "brightness": "304.34", "frp": "1.14", "daynight": "N"}}, {"type": "Feature", "geometry": {"type": "Point", "coordinates": [110.266, -1.72272]}, "properties": {"species": "pongo_pygmaeus", "date_acq": "2026-08-13T1802", "confidence": "n", "brightness": "310.79", "frp": "1.3", "daynight": "N"}}, {"type": "Feature", "geometry": {"type": "Point", "coordinates": [110.27065, -1.71979]}, "properties": {"species": "pongo_pygmaeus", "date_acq": "2026-08-13T1802", "confidence": "n", "brightness": "308.09", "frp": "1.21", "daynight": "N"}}, {"type": "Feature", "geometry": {"type": "Point", "coordinates": [110.26657, -1.71914]}, "properties": {"species": "pongo_pygmaeus", "date_acq": "2026-08-13T1802", "confidence": "n", "brightness": "304.03", "frp": "1.3", "daynight": "N"}}, {"type": "Feature", "geometry": {"type": "Point", "coordinates": [110.14477, -1.71794]}, "properties": {"species": "pongo_pygmaeus", "date_acq": "2026-08-13T1802", "confidence": "n", "brightness": "300.52", "frp": "0.51", "daynight": "N"}}, {"type": "Feature", "geometry": {"type": "Point", "coordinates": [110.277, -1.70612]}, "properties": {"species": "pongo_pygmaeus", "date_acq": "2026-08-13T1802", "confidence": "n", "brightness": "328.25", "frp": "3.54", "daynight": "N"}}, {"type": "Feature", "geometry": {"type": "Point", "coordinates": [110.27987, -1.70517]}, "properties": {"species": "pongo_pygmaeus", "date_acq": "2026-08-13T1802", "confidence": "n", "brightness": "302.09", "frp": "0.92", "daynight": "N"}}, {"type": "Feature", "geometry": {"type": "Point", "coordinates": [110.27579, -1.70453]}, "properties": {"species": "pongo_pygmaeus", "date_acq": "2026-08-13T1802", "confidence": "n", "brightness": "335.43", "frp": "4.88", "daynight": "N"}}, {"type": "Feature", "geometry": {"type": "Point", "coordinates": [110.27756, -1.70253]}, "properties": {"species": "pongo_pygmaeus", "date_acq": "2026-08-13T1802", "confidence": "n", "brightness": "308.36", "frp": "1.21", "daynight": "N"}}, {"type": "Feature", "geometry": {"type": "Point", "coordinates": [110.27348, -1.70187]}, "properties": {"species": "pongo_pygmaeus", "date_acq": "2026-08-13T1802", "confidence": "n", "brightness": "311.24", "frp": "1.21", "daynight": "N"}}, {"type": "Feature", "geometry": {"type": "Point", "coordinates": [110.85769, -1.61941]}, "properties": {"species": "pongo_pygmaeus", "date_acq": "2026-08-13T1802", "confidence": "n", "brightness": "306.67", "frp": "1.05", "daynight": "N"}}, {"type": "Feature", "geometry": {"type": "Point", "coordinates": [114.45106, -1.56796]}, "properties": {"species": "pongo_pygmaeus", "date_acq": "2026-08-13T1802", "confidence": "n", "brightness": "305.68", "frp": "0.71", "daynight": "N"}}, {"type": "Feature", "geometry": {"type": "Point", "coordinates": [114.48883, -1.51196]}, "properties": {"species": "pongo_pygmaeus", "date_acq": "2026-08-13T1802", "confidence": "n", "brightness": "309.24", "frp": "0.8", "daynight": "N"}}, {"type": "Feature", "geometry": {"type": "Point", "coordinates": [114.51366, -1.46976]}, "properties": {"species": "pongo_pygmaeus", "date_acq": "2026-08-13T1802", "confidence": "n", "brightness": "306.24", "frp": "0.59", "daynight": "N"}}, {"type": "Feature", "geometry": {"type": "Point", "coordinates": [114.37628, -1.46861]}, "properties": {"species": "pongo_pygmaeus", "date_acq": "2026-08-13T1802", "confidence": "n", "brightness": "304.03", "frp": "0.48", "daynight": "N"}}, {"type": "Feature", "geometry": {"type": "Point", "coordinates": [110.16933, -1.46462]}, "properties": {"species": "pongo_pygmaeus", "date_acq": "2026-08-13T1802", "confidence": "n", "brightness": "330.57", "frp": "4.88", "daynight": "N"}}, {"type": "Feature", "geometry": {"type": "Point", "coordinates": [110.16792, -1.46382]}, "properties": {"species": "pongo_pygmaeus", "date_acq": "2026-08-13T1802", "confidence": "n", "brightness": "320.51", "frp": "3.62", "daynight": "N"}}, {"type": "Feature", "geometry": {"type": "Point", "coordinates": [110.16191, -1.44805]}, "properties": {"species": "pongo_pygmaeus", "date_acq": "2026-08-13T1802", "confidence": "n", "brightness": "303.83", "frp": "1.29", "daynight": "N"}}, {"type": "Feature", "geometry": {"type": "Point", "coordinates": [110.17612, -1.43918]}, "properties": {"species": "pongo_pygmaeus", "date_acq": "2026-08-13T1802", "confidence": "n", "brightness": "315.15", "frp": "1.75", "daynight": "N"}}, {"type": "Feature", "geometry": {"type": "Point", "coordinates": [114.46478, -1.4345]}, "properties": {"species": "pongo_pygmaeus", "date_acq": "2026-08-13T1802", "confidence": "n", "brightness": "305.98", "frp": "0.87", "daynight": "N"}}, {"type": "Feature", "geometry": {"type": "Point", "coordinates": [114.46125, -1.43394]}, "properties": {"species": "pongo_pygmaeus", "date_acq": "2026-08-13T1802", "confidence": "n", "brightness": "335.67", "frp": "3.81", "daynight": "N"}}, {"type": "Feature", "geometry": {"type": "Point", "coordinates": [114.31414, -1.42788]}, "properties": {"species": "pongo_pygmaeus", "date_acq": "2026-08-13T1802", "confidence": "n", "brightness": "304.4", "frp": "0.47", "daynight": "N"}}, {"type": "Feature", "geometry": {"type": "Point", "coordinates": [114.36143, -1.42506]}, "properties": {"species": "pongo_pygmaeus", "date_acq": "2026-08-13T1802", "confidence": "n", "brightness": "306.09", "frp": "1.03", "daynight": "N"}}, {"type": "Feature", "geometry": {"type": "Point", "coordinates": [114.31467, -1.42453]}, "properties": {"species": "pongo_pygmaeus", "date_acq": "2026-08-13T1802", "confidence": "n", "brightness": "305.32", "frp": "0.47", "daynight": "N"}}, {"type": "Feature", "geometry": {"type": "Point", "coordinates": [114.2792, -1.39837]}, "properties": {"species": "pongo_pygmaeus", "date_acq": "2026-08-13T1802", "confidence": "n", "brightness": "320.68", "frp": "1.45", "daynight": "N"}}, {"type": "Feature", "geometry": {"type": "Point", "coordinates": [110.11282, -1.38081]}, "properties": {"species": "pongo_pygmaeus", "date_acq": "2026-08-13T1802", "confidence": "n", "brightness": "312.51", "frp": "2.38", "daynight": "N"}}, {"type": "Feature", "geometry": {"type": "Point", "coordinates": [110.10864, -1.38013]}, "properties": {"species": "pongo_pygmaeus", "date_acq": "2026-08-13T1802", "confidence": "n", "brightness": "329.87", "frp": "2.38", "daynight": "N"}}, {"type": "Feature", "geometry": {"type": "Point", "coordinates": [114.26428, -1.37889]}, "properties": {"species": "pongo_pygmaeus", "date_acq": "2026-08-13T1802", "confidence": "n", "brightness": "307.77", "frp": "0.49", "daynight": "N"}}, {"type": "Feature", "geometry": {"type": "Point", "coordinates": [114.3255, -1.37824]}, "properties": {"species": "pongo_pygmaeus", "date_acq": "2026-08-13T1802", "confidence": "n", "brightness": "307.65", "frp": "0.79", "daynight": "N"}}, {"type": "Feature", "geometry": {"type": "Point", "coordinates": [110.11758, -1.37785]}, "properties": {"species": "pongo_pygmaeus", "date_acq": "2026-08-13T1802", "confidence": "n", "brightness": "316.76", "frp": "2.55", "daynight": "N"}}, {"type": "Feature", "geometry": {"type": "Point", "coordinates": [110.1134, -1.37718]}, "properties": {"species": "pongo_pygmaeus", "date_acq": "2026-08-13T1802", "confidence": "n", "brightness": "320.51", "frp": "2.38", "daynight": "N"}}, {"type": "Feature", "geometry": {"type": "Point", "coordinates": [110.10921, -1.3765]}, "properties": {"species": "pongo_pygmaeus", "date_acq": "2026-08-13T1802", "confidence": "n", "brightness": "310.35", "frp": "2.38", "daynight": "N"}}, {"type": "Feature", "geometry": {"type": "Point", "coordinates": [110.10502, -1.37583]}, "properties": {"species": "pongo_pygmaeus", "date_acq": "2026-08-13T1802", "confidence": "n", "brightness": "298.58", "frp": "0.52", "daynight": "N"}}, {"type": "Feature", "geometry": {"type": "Point", "coordinates": [114.2648, -1.37555]}, "properties": {"species": "pongo_pygmaeus", "date_acq": "2026-08-13T1802", "confidence": "n", "brightness": "306.09", "frp": "0.49", "daynight": "N"}}, {"type": "Feature", "geometry": {"type": "Point", "coordinates": [114.28637, -1.37552]}, "properties": {"species": "pongo_pygmaeus", "date_acq": "2026-08-13T1802", "confidence": "n", "brightness": "316.53", "frp": "0.98", "daynight": "N"}}, {"type": "Feature", "geometry": {"type": "Point", "coordinates": [114.00402, -1.3754]}, "properties": {"species": "pongo_pygmaeus", "date_acq": "2026-08-13T1802", "confidence": "n", "brightness": "302.55", "frp": "0.83", "daynight": "N"}}, {"type": "Feature", "geometry": {"type": "Point", "coordinates": [114.32603, -1.37489]}, "properties": {"species": "pongo_pygmaeus", "date_acq": "2026-08-13T1802", "confidence": "n", "brightness": "304.91", "frp": "0.44", "daynight": "N"}}, {"type": "Feature", "geometry": {"type": "Point", "coordinates": [114.00055, -1.37485]}, "properties": {"species": "pongo_pygmaeus", "date_acq": "2026-08-13T1802", "confidence": "n", "brightness": "303.88", "frp": "0.83", "daynight": "N"}}, {"type": "Feature", "geometry": {"type": "Point", "coordinates": [110.09663, -1.37448]}, "properties": {"species": "pongo_pygmaeus", "date_acq": "2026-08-13T1802", "confidence": "n", "brightness": "308.63", "frp": "2.89", "daynight": "N"}}, {"type": "Feature", "geometry": {"type": "Point", "coordinates": [110.11816, -1.37423]}, "properties": {"species": "pongo_pygmaeus", "date_acq": "2026-08-13T1802", "confidence": "n", "brightness": "339.07", "frp": "6.41", "daynight": "N"}}, {"type": "Feature", "geometry": {"type": "Point", "coordinates": [110.11397, -1.37355]}, "properties": {"species": "pongo_pygmaeus", "date_acq": "2026-08-13T1802", "confidence": "n", "brightness": "343.82", "frp": "3.54", "daynight": "N"}}, {"type": "Feature", "geometry": {"type": "Point", "coordinates": [110.10979, -1.37288]}, "properties": {"species": "pongo_pygmaeus", "date_acq": "2026-08-13T1802", "confidence": "n", "brightness": "313.53", "frp": "3.54", "daynight": "N"}}, {"type": "Feature", "geometry": {"type": "Point", "coordinates": [110.10561, -1.3722]}, "properties": {"species": "pongo_pygmaeus", "date_acq": "2026-08-13T1802", "confidence": "n", "brightness": "300.46", "frp": "0.67", "daynight": "N"}}, {"type": "Feature", "geometry": {"type": "Point", "coordinates": [114.28689, -1.37217]}, "properties": {"species": "pongo_pygmaeus", "date_acq": "2026-08-13T1802", "confidence": "n", "brightness": "309.08", "frp": "0.98", "daynight": "N"}}, {"type": "Feature", "geometry": {"type": "Point", "coordinates": [114.00454, -1.37207]}, "properties": {"species": "pongo_pygmaeus", "date_acq": "2026-08-13T1802", "confidence": "n", "brightness": "303.89", "frp": "15.07", "daynight": "N"}}, {"type": "Feature", "geometry": {"type": "Point", "coordinates": [114.00106, -1.37152]}, "properties": {"species": "pongo_pygmaeus", "date_acq": "2026-08-13T1802", "confidence": "n", "brightness": "335.11", "frp": "15.07", "daynight": "N"}}, {"type": "Feature", "geometry": {"type": "Point", "coordinates": [110.11453, -1.36992]}, "properties": {"species": "pongo_pygmaeus", "date_acq": "2026-08-13T1802", "confidence": "n", "brightness": "333.37", "frp": "3.54", "daynight": "N"}}, {"type": "Feature", "geometry": {"type": "Point", "coordinates": [110.11036, -1.36925]}, "properties": {"species": "pongo_pygmaeus", "date_acq": "2026-08-13T1802", "confidence": "n", "brightness": "306.64", "frp": "3.54", "daynight": "N"}}, {"type": "Feature", "geometry": {"type": "Point", "coordinates": [114.00159, -1.36819]}, "properties": {"species": "pongo_pygmaeus", "date_acq": "2026-08-13T1802", "confidence": "n", "brightness": "341.84", "frp": "15.07", "daynight": "N"}}, {"type": "Feature", "geometry": {"type": "Point", "coordinates": [114.27689, -1.36718]}, "properties": {"species": "pongo_pygmaeus", "date_acq": "2026-08-13T1802", "confidence": "n", "brightness": "306.8", "frp": "0.95", "daynight": "N"}}, {"type": "Feature", "geometry": {"type": "Point", "coordinates": [114.29517, -1.36428]}, "properties": {"species": "pongo_pygmaeus", "date_acq": "2026-08-13T1802", "confidence": "n", "brightness": "318.75", "frp": "0.92", "daynight": "N"}}, {"type": "Feature", "geometry": {"type": "Point", "coordinates": [114.31673, -1.36428]}, "properties": {"species": "pongo_pygmaeus", "date_acq": "2026-08-13T1802", "confidence": "n", "brightness": "304.6", "frp": "0.38", "daynight": "N"}}, {"type": "Feature", "geometry": {"type": "Point", "coordinates": [114.29569, -1.36094]}, "properties": {"species": "pongo_pygmaeus", "date_acq": "2026-08-13T1802", "confidence": "n", "brightness": "308.18", "frp": "0.92", "daynight": "N"}}, {"type": "Feature", "geometry": {"type": "Point", "coordinates": [110.12193, -1.34087]}, "properties": {"species": "pongo_pygmaeus", "date_acq": "2026-08-13T1802", "confidence": "n", "brightness": "303.66", "frp": "0.51", "daynight": "N"}}, {"type": "Feature", "geometry": {"type": "Point", "coordinates": [114.26833, -1.32919]}, "properties": {"species": "pongo_pygmaeus", "date_acq": "2026-08-13T1802", "confidence": "n", "brightness": "317.61", "frp": "1.78", "daynight": "N"}}, {"type": "Feature", "geometry": {"type": "Point", "coordinates": [114.26884, -1.32585]}, "properties": {"species": "pongo_pygmaeus", "date_acq": "2026-08-13T1802", "confidence": "n", "brightness": "329.37", "frp": "1.75", "daynight": "N"}}, {"type": "Feature", "geometry": {"type": "Point", "coordinates": [114.26534, -1.32529]}, "properties": {"species": "pongo_pygmaeus", "date_acq": "2026-08-13T1802", "confidence": "n", "brightness": "306.04", "frp": "1.75", "daynight": "N"}}, {"type": "Feature", "geometry": {"type": "Point", "coordinates": [114.25834, -1.32418]}, "properties": {"species": "pongo_pygmaeus", "date_acq": "2026-08-13T1802", "confidence": "n", "brightness": "309.82", "frp": "0.64", "daynight": "N"}}, {"type": "Feature", "geometry": {"type": "Point", "coordinates": [114.20293, -1.31198]}, "properties": {"species": "pongo_pygmaeus", "date_acq": "2026-08-13T1802", "confidence": "n", "brightness": "308.94", "frp": "0.79", "daynight": "N"}}, {"type": "Feature", "geometry": {"type": "Point", "coordinates": [114.19661, -1.28362]}, "properties": {"species": "pongo_pygmaeus", "date_acq": "2026-08-13T1802", "confidence": "n", "brightness": "314.63", "frp": "1.84", "daynight": "N"}}, {"type": "Feature", "geometry": {"type": "Point", "coordinates": [114.19312, -1.28307]}, "properties": {"species": "pongo_pygmaeus", "date_acq": "2026-08-13T1802", "confidence": "n", "brightness": "328.44", "frp": "1.84", "daynight": "N"}}, {"type": "Feature", "geometry": {"type": "Point", "coordinates": [114.31785, -1.26507]}, "properties": {"species": "pongo_pygmaeus", "date_acq": "2026-08-13T1802", "confidence": "n", "brightness": "311.83", "frp": "0.79", "daynight": "N"}}, {"type": "Feature", "geometry": {"type": "Point", "coordinates": [114.17287, -1.25253]}, "properties": {"species": "pongo_pygmaeus", "date_acq": "2026-08-13T1802", "confidence": "n", "brightness": "323.08", "frp": "2.12", "daynight": "N"}}, {"type": "Feature", "geometry": {"type": "Point", "coordinates": [114.33101, -1.2481]}, "properties": {"species": "pongo_pygmaeus", "date_acq": "2026-08-13T1802", "confidence": "n", "brightness": "307.43", "frp": "0.68", "daynight": "N"}}, {"type": "Feature", "geometry": {"type": "Point", "coordinates": [114.4857, -1.20394]}, "properties": {"species": "pongo_pygmaeus", "date_acq": "2026-08-13T1802", "confidence": "n", "brightness": "311.53", "frp": "0.79", "daynight": "N"}}, {"type": "Feature", "geometry": {"type": "Point", "coordinates": [110.44994, -1.12116]}, "properties": {"species": "pongo_pygmaeus", "date_acq": "2026-08-13T1802", "confidence": "n", "brightness": "321.73", "frp": "2.51", "daynight": "N"}}, {"type": "Feature", "geometry": {"type": "Point", "coordinates": [110.45454, -1.11822]}, "properties": {"species": "pongo_pygmaeus", "date_acq": "2026-08-13T1802", "confidence": "n", "brightness": "318.28", "frp": "1.07", "daynight": "N"}}, {"type": "Feature", "geometry": {"type": "Point", "coordinates": [110.44646, -1.11693]}, "properties": {"species": "pongo_pygmaeus", "date_acq": "2026-08-13T1802", "confidence": "n", "brightness": "308.52", "frp": "0.93", "daynight": "N"}}, {"type": "Feature", "geometry": {"type": "Point", "coordinates": [110.62048, -0.96828]}, "properties": {"species": "pongo_pygmaeus", "date_acq": "2026-08-13T1802", "confidence": "n", "brightness": "311.74", "frp": "1.04", "daynight": "N"}}, {"type": "Feature", "geometry": {"type": "Point", "coordinates": [116.64368, 0.15217]}, "properties": {"species": "pongo_pygmaeus", "date_acq": "2026-08-13T1802", "confidence": "n", "brightness": "307.1", "frp": "0.82", "daynight": "N"}}, {"type": "Feature", "geometry": {"type": "Point", "coordinates": [116.64423, 0.15576]}, "properties": {"species": "pongo_pygmaeus", "date_acq": "2026-08-13T1802", "confidence": "n", "brightness": "305.73", "frp": "0.82", "daynight": "N"}}, {"type": "Feature", "geometry": {"type": "Point", "coordinates": [116.64015, 0.15641]}, "properties": {"species": "pongo_pygmaeus", "date_acq": "2026-08-13T1802", "confidence": "n", "brightness": "304.79", "frp": "1.05", "daynight": "N"}}, {"type": "Feature", "geometry": {"type": "Point", "coordinates": [116.64071, 0.16]}, "properties": {"species": "pongo_pygmaeus", "date_acq": "2026-08-13T1802", "confidence": "n", "brightness": "311.2", "frp": "1.25", "daynight": "N"}}, {"type": "Feature", "geometry": {"type": "Point", "coordinates": [116.63664, 0.16064]}, "properties": {"species": "pongo_pygmaeus", "date_acq": "2026-08-13T1802", "confidence": "n", "brightness": "310.87", "frp": "1.25", "daynight": "N"}}, {"type": "Feature", "geometry": {"type": "Point", "coordinates": [117.21296, 0.53599]}, "properties": {"species": "pongo_pygmaeus", "date_acq": "2026-08-13T1802", "confidence": "n", "brightness": "303.1", "frp": "0.34", "daynight": "N"}}, {"type": "Feature", "geometry": {"type": "Point", "coordinates": [117.22607, 0.57444]}, "properties": {"species": "pongo_pygmaeus", "date_acq": "2026-08-13T1802", "confidence": "n", "brightness": "315.58", "frp": "1.11", "daynight": "N"}}, {"type": "Feature", "geometry": {"type": "Point", "coordinates": [111.79794, 0.68249]}, "properties": {"species": "pongo_pygmaeus", "date_acq": "2026-08-13T1802", "confidence": "n", "brightness": "310.92", "frp": "1.58", "daynight": "N"}}, {"type": "Feature", "geometry": {"type": "Point", "coordinates": [112.20039, 0.87758]}, "properties": {"species": "pongo_pygmaeus", "date_acq": "2026-08-13T1802", "confidence": "n", "brightness": "321.85", "frp": "2.12", "daynight": "N"}}, {"type": "Feature", "geometry": {"type": "Point", "coordinates": [112.20091, 0.88098]}, "properties": {"species": "pongo_pygmaeus", "date_acq": "2026-08-13T1802", "confidence": "n", "brightness": "314.59", "frp": "2.12", "daynight": "N"}}, {"type": "Feature", "geometry": {"type": "Point", "coordinates": [117.25991, 1.48349]}, "properties": {"species": "pongo_pygmaeus", "date_acq": "2026-08-13T1802", "confidence": "n", "brightness": "303.79", "frp": "1.15", "daynight": "N"}}, {"type": "Feature", "geometry": {"type": "Point", "coordinates": [117.19324, 1.65473]}, "properties": {"species": "pongo_pygmaeus", "date_acq": "2026-08-13T1802", "confidence": "n", "brightness": "310.93", "frp": "1.54", "daynight": "N"}}, {"type": "Feature", "geometry": {"type": "Point", "coordinates": [117.19389, 1.65835]}, "properties": {"species": "pongo_pygmaeus", "date_acq": "2026-08-13T1802", "confidence": "n", "brightness": "323.68", "frp": "1.86", "daynight": "N"}}, {"type": "Feature", "geometry": {"type": "Point", "coordinates": [117.19452, 1.66196]}, "properties": {"species": "pongo_pygmaeus", "date_acq": "2026-08-13T1802", "confidence": "n", "brightness": "308.58", "frp": "1.86", "daynight": "N"}}, {"type": "Feature", "geometry": {"type": "Point", "coordinates": [117.17847, 1.69426]}, "properties": {"species": "pongo_pygmaeus", "date_acq": "2026-08-13T1802", "confidence": "n", "brightness": "305.38", "frp": "1.05", "daynight": "N"}}, {"type": "Feature", "geometry": {"type": "Point", "coordinates": [115.95808, -1.24732]}, "properties": {"species": "pongo_pygmaeus", "date_acq": "2026-08-14T501", "confidence": "n", "brightness": "328.13", "frp": "6.6", "daynight": "D"}}, {"type": "Feature", "geometry": {"type": "Point", "coordinates": [115.95995, -1.24663]}, "properties": {"species": "pongo_pygmaeus", "date_acq": "2026-08-14T501", "confidence": "n", "brightness": "339.91", "frp": "6.39", "daynight": "D"}}, {"type": "Feature", "geometry": {"type": "Point", "coordinates": [115.96428, -1.24635]}, "properties": {"species": "pongo_pygmaeus", "date_acq": "2026-08-14T501", "confidence": "n", "brightness": "330.54", "frp": "6.6", "daynight": "D"}}, {"type": "Feature", "geometry": {"type": "Point", "coordinates": [117.16993, 0.53399]}, "properties": {"species": "pongo_pygmaeus", "date_acq": "2026-08-14T501", "confidence": "h", "brightness": "367", "frp": "14.35", "daynight": "D"}}, {"type": "Feature", "geometry": {"type": "Point", "coordinates": [117.24904, 1.39816]}, "properties": {"species": "pongo_pygmaeus", "date_acq": "2026-08-14T501", "confidence": "h", "brightness": "367", "frp": "19.02", "daynight": "D"}}, {"type": "Feature", "geometry": {"type": "Point", "coordinates": [117.19576, 1.65829]}, "properties": {"species": "pongo_pygmaeus", "date_acq": "2026-08-14T501", "confidence": "n", "brightness": "329.56", "frp": "4.11", "daynight": "D"}}, {"type": "Feature", "geometry": {"type": "Point", "coordinates": [117.19725, 1.65887]}, "properties": {"species": "pongo_pygmaeus", "date_acq": "2026-08-14T501", "confidence": "n", "brightness": "327.74", "frp": "3", "daynight": "D"}}, {"type": "Feature", "geometry": {"type": "Point", "coordinates": [116.57393, 5.49333]}, "properties": {"species": "pongo_pygmaeus", "date_acq": "2026-08-14T504", "confidence": "n", "brightness": "325.73", "frp": "4.07", "daynight": "D"}}, {"type": "Feature", "geometry": {"type": "Point", "coordinates": [112.87241, -3.10726]}, "properties": {"species": "pongo_pygmaeus", "date_acq": "2026-08-14T642", "confidence": "n", "brightness": "333.83", "frp": "5.4", "daynight": "D"}}, {"type": "Feature", "geometry": {"type": "Point", "coordinates": [112.85326, -3.0143]}, "properties": {"species": "pongo_pygmaeus", "date_acq": "2026-08-14T642", "confidence": "n", "brightness": "348.01", "frp": "4.51", "daynight": "D"}}, {"type": "Feature", "geometry": {"type": "Point", "coordinates": [112.85647, -3.01377]}, "properties": {"species": "pongo_pygmaeus", "date_acq": "2026-08-14T642", "confidence": "n", "brightness": "339.62", "frp": "4.51", "daynight": "D"}}, {"type": "Feature", "geometry": {"type": "Point", "coordinates": [112.85243, -3.00903]}, "properties": {"species": "pongo_pygmaeus", "date_acq": "2026-08-14T642", "confidence": "h", "brightness": "367", "frp": "12.34", "daynight": "D"}}, {"type": "Feature", "geometry": {"type": "Point", "coordinates": [112.85563, -3.0085]}, "properties": {"species": "pongo_pygmaeus", "date_acq": "2026-08-14T642", "confidence": "n", "brightness": "347.3", "frp": "12.34", "daynight": "D"}}, {"type": "Feature", "geometry": {"type": "Point", "coordinates": [112.84843, -3.00428]}, "properties": {"species": "pongo_pygmaeus", "date_acq": "2026-08-14T642", "confidence": "n", "brightness": "333.77", "frp": "10.5", "daynight": "D"}}, {"type": "Feature", "geometry": {"type": "Point", "coordinates": [112.85161, -3.00375]}, "properties": {"species": "pongo_pygmaeus", "date_acq": "2026-08-14T642", "confidence": "h", "brightness": "367", "frp": "12.34", "daynight": "D"}}, {"type": "Feature", "geometry": {"type": "Point", "coordinates": [111.10616, -1.94197]}, "properties": {"species": "pongo_pygmaeus", "date_acq": "2026-08-14T642", "confidence": "n", "brightness": "344.53", "frp": "18.24", "daynight": "D"}}, {"type": "Feature", "geometry": {"type": "Point", "coordinates": [111.10036, -1.93801]}, "properties": {"species": "pongo_pygmaeus", "date_acq": "2026-08-14T642", "confidence": "n", "brightness": "334.2", "frp": "5.8", "daynight": "D"}}, {"type": "Feature", "geometry": {"type": "Point", "coordinates": [111.10542, -1.93721]}, "properties": {"species": "pongo_pygmaeus", "date_acq": "2026-08-14T642", "confidence": "n", "brightness": "337.77", "frp": "5.8", "daynight": "D"}}, {"type": "Feature", "geometry": {"type": "Point", "coordinates": [110.14027, -1.89542]}, "properties": {"species": "pongo_pygmaeus", "date_acq": "2026-08-14T642", "confidence": "n", "brightness": "335.83", "frp": "8.98", "daynight": "D"}}, {"type": "Feature", "geometry": {"type": "Point", "coordinates": [110.14896, -1.894]}, "properties": {"species": "pongo_pygmaeus", "date_acq": "2026-08-14T642", "confidence": "n", "brightness": "331.2", "frp": "9.02", "daynight": "D"}}, {"type": "Feature", "geometry": {"type": "Point", "coordinates": [110.15331, -1.89329]}, "properties": {"species": "pongo_pygmaeus", "date_acq": "2026-08-14T642", "confidence": "n", "brightness": "336.21", "frp": "8.45", "daynight": "D"}}, {"type": "Feature", "geometry": {"type": "Point", "coordinates": [110.14055, -1.89258]}, "properties": {"species": "pongo_pygmaeus", "date_acq": "2026-08-14T642", "confidence": "n", "brightness": "332.82", "frp": "7.32", "daynight": "D"}}, {"type": "Feature", "geometry": {"type": "Point", "coordinates": [110.15363, -1.89054]}, "properties": {"species": "pongo_pygmaeus", "date_acq": "2026-08-14T642", "confidence": "n", "brightness": "346.93", "frp": "7.05", "daynight": "D"}}, {"type": "Feature", "geometry": {"type": "Point", "coordinates": [110.15297, -1.88608]}, "properties": {"species": "pongo_pygmaeus", "date_acq": "2026-08-14T642", "confidence": "n", "brightness": "334.22", "frp": "7.05", "daynight": "D"}}, {"type": "Feature", "geometry": {"type": "Point", "coordinates": [110.15227, -1.88162]}, "properties": {"species": "pongo_pygmaeus", "date_acq": "2026-08-14T642", "confidence": "n", "brightness": "344.53", "frp": "5.98", "daynight": "D"}}, {"type": "Feature", "geometry": {"type": "Point", "coordinates": [110.15665, -1.88093]}, "properties": {"species": "pongo_pygmaeus", "date_acq": "2026-08-14T642", "confidence": "n", "brightness": "332.82", "frp": "5.98", "daynight": "D"}}, {"type": "Feature", "geometry": {"type": "Point", "coordinates": [110.16035, -1.87579]}, "properties": {"species": "pongo_pygmaeus", "date_acq": "2026-08-14T642", "confidence": "n", "brightness": "339.3", "frp": "5.32", "daynight": "D"}}, {"type": "Feature", "geometry": {"type": "Point", "coordinates": [110.16475, -1.8751]}, "properties": {"species": "pongo_pygmaeus", "date_acq": "2026-08-14T642", "confidence": "n", "brightness": "333.84", "frp": "5.32", "daynight": "D"}}, {"type": "Feature", "geometry": {"type": "Point", "coordinates": [110.15965, -1.87132]}, "properties": {"species": "pongo_pygmaeus", "date_acq": "2026-08-14T642", "confidence": "h", "brightness": "367", "frp": "32.47", "daynight": "D"}}, {"type": "Feature", "geometry": {"type": "Point", "coordinates": [110.16406, -1.87063]}, "properties": {"species": "pongo_pygmaeus", "date_acq": "2026-08-14T642", "confidence": "n", "brightness": "355.68", "frp": "32.47", "daynight": "D"}}, {"type": "Feature", "geometry": {"type": "Point", "coordinates": [110.16846, -1.86994]}, "properties": {"species": "pongo_pygmaeus", "date_acq": "2026-08-14T642", "confidence": "n", "brightness": "344.68", "frp": "18.35", "daynight": "D"}}, {"type": "Feature", "geometry": {"type": "Point", "coordinates": [111.34053, -1.77314]}, "properties": {"species": "pongo_pygmaeus", "date_acq": "2026-08-14T642", "confidence": "n", "brightness": "338.77", "frp": "9.67", "daynight": "D"}}, {"type": "Feature", "geometry": {"type": "Point", "coordinates": [111.34638, -1.77221]}, "properties": {"species": "pongo_pygmaeus", "date_acq": "2026-08-14T642", "confidence": "n", "brightness": "332.96", "frp": "9.67", "daynight": "D"}}, {"type": "Feature", "geometry": {"type": "Point", "coordinates": [110.14346, -1.7619]}, "properties": {"species": "pongo_pygmaeus", "date_acq": "2026-08-14T642", "confidence": "n", "brightness": "342.92", "frp": "8.12", "daynight": "D"}}, {"type": "Feature", "geometry": {"type": "Point", "coordinates": [110.14784, -1.76121]}, "properties": {"species": "pongo_pygmaeus", "date_acq": "2026-08-14T642", "confidence": "n", "brightness": "341.57", "frp": "8.12", "daynight": "D"}}, {"type": "Feature", "geometry": {"type": "Point", "coordinates": [110.18811, -1.75947]}, "properties": {"species": "pongo_pygmaeus", "date_acq": "2026-08-14T642", "confidence": "n", "brightness": "341.13", "frp": "6.04", "daynight": "D"}}, {"type": "Feature", "geometry": {"type": "Point", "coordinates": [110.07604, -1.75883]}, "properties": {"species": "pongo_pygmaeus", "date_acq": "2026-08-14T642", "confidence": "n", "brightness": "345.27", "frp": "45.54", "daynight": "D"}}, {"type": "Feature", "geometry": {"type": "Point", "coordinates": [110.19182, -1.7543]}, "properties": {"species": "pongo_pygmaeus", "date_acq": "2026-08-14T642", "confidence": "n", "brightness": "333.81", "frp": "6.04", "daynight": "D"}}, {"type": "Feature", "geometry": {"type": "Point", "coordinates": [110.0574, -1.75268]}, "properties": {"species": "pongo_pygmaeus", "date_acq": "2026-08-14T642", "confidence": "n", "brightness": "331.2", "frp": "3.76", "daynight": "D"}}, {"type": "Feature", "geometry": {"type": "Point", "coordinates": [110.19994, -1.74843]}, "properties": {"species": "pongo_pygmaeus", "date_acq": "2026-08-14T642", "confidence": "n", "brightness": "330.03", "frp": "8.52", "daynight": "D"}}, {"type": "Feature", "geometry": {"type": "Point", "coordinates": [110.2074, -1.73807]}, "properties": {"species": "pongo_pygmaeus", "date_acq": "2026-08-14T642", "confidence": "n", "brightness": "330.02", "frp": "3.36", "daynight": "D"}}, {"type": "Feature", "geometry": {"type": "Point", "coordinates": [110.24727, -1.73177]}, "properties": {"species": "pongo_pygmaeus", "date_acq": "2026-08-14T642", "confidence": "n", "brightness": "345.43", "frp": "13.13", "daynight": "D"}}, {"type": "Feature", "geometry": {"type": "Point", "coordinates": [110.25173, -1.73106]}, "properties": {"species": "pongo_pygmaeus", "date_acq": "2026-08-14T642", "confidence": "n", "brightness": "342.72", "frp": "13.13", "daynight": "D"}}, {"type": "Feature", "geometry": {"type": "Point", "coordinates": [110.2682, -1.71922]}, "properties": {"species": "pongo_pygmaeus", "date_acq": "2026-08-14T642", "confidence": "n", "brightness": "332.45", "frp": "10.51", "daynight": "D"}}, {"type": "Feature", "geometry": {"type": "Point", "coordinates": [110.27952, -1.70356]}, "properties": {"species": "pongo_pygmaeus", "date_acq": "2026-08-14T642", "confidence": "n", "brightness": "343.35", "frp": "6.31", "daynight": "D"}}, {"type": "Feature", "geometry": {"type": "Point", "coordinates": [113.56048, -1.70301]}, "properties": {"species": "pongo_pygmaeus", "date_acq": "2026-08-14T642", "confidence": "n", "brightness": "340.48", "frp": "4.05", "daynight": "D"}}, {"type": "Feature", "geometry": {"type": "Point", "coordinates": [110.11572, -1.38361]}, "properties": {"species": "pongo_pygmaeus", "date_acq": "2026-08-14T642", "confidence": "n", "brightness": "351.36", "frp": "38.09", "daynight": "D"}}, {"type": "Feature", "geometry": {"type": "Point", "coordinates": [110.12012, -1.3829]}, "properties": {"species": "pongo_pygmaeus", "date_acq": "2026-08-14T642", "confidence": "n", "brightness": "354.29", "frp": "38.09", "daynight": "D"}}, {"type": "Feature", "geometry": {"type": "Point", "coordinates": [110.10625, -1.38054]}, "properties": {"species": "pongo_pygmaeus", "date_acq": "2026-08-14T642", "confidence": "h", "brightness": "367", "frp": "12.99", "daynight": "D"}}, {"type": "Feature", "geometry": {"type": "Point", "coordinates": [110.11504, -1.37912]}, "properties": {"species": "pongo_pygmaeus", "date_acq": "2026-08-14T642", "confidence": "n", "brightness": "349.2", "frp": "38.09", "daynight": "D"}}, {"type": "Feature", "geometry": {"type": "Point", "coordinates": [110.11944, -1.37841]}, "properties": {"species": "pongo_pygmaeus", "date_acq": "2026-08-14T642", "confidence": "n", "brightness": "351.01", "frp": "38.09", "daynight": "D"}}, {"type": "Feature", "geometry": {"type": "Point", "coordinates": [110.11524, -1.37732]}, "properties": {"species": "pongo_pygmaeus", "date_acq": "2026-08-14T642", "confidence": "n", "brightness": "336.59", "frp": "11.68", "daynight": "D"}}, {"type": "Feature", "geometry": {"type": "Point", "coordinates": [110.11966, -1.37665]}, "properties": {"species": "pongo_pygmaeus", "date_acq": "2026-08-14T642", "confidence": "n", "brightness": "348.38", "frp": "11.68", "daynight": "D"}}, {"type": "Feature", "geometry": {"type": "Point", "coordinates": [110.097, -1.37554]}, "properties": {"species": "pongo_pygmaeus", "date_acq": "2026-08-14T642", "confidence": "h", "brightness": "367", "frp": "34.3", "daynight": "D"}}, {"type": "Feature", "geometry": {"type": "Point", "coordinates": [110.11436, -1.37464]}, "properties": {"species": "pongo_pygmaeus", "date_acq": "2026-08-14T642", "confidence": "n", "brightness": "335.84", "frp": "6.11", "daynight": "D"}}, {"type": "Feature", "geometry": {"type": "Point", "coordinates": [110.11877, -1.37392]}, "properties": {"species": "pongo_pygmaeus", "date_acq": "2026-08-14T642", "confidence": "n", "brightness": "345.34", "frp": "6.11", "daynight": "D"}}, {"type": "Feature", "geometry": {"type": "Point", "coordinates": [110.09615, -1.37299]}, "properties": {"species": "pongo_pygmaeus", "date_acq": "2026-08-14T642", "confidence": "h", "brightness": "367", "frp": "12.97", "daynight": "D"}}, {"type": "Feature", "geometry": {"type": "Point", "coordinates": [110.11457, -1.37284]}, "properties": {"species": "pongo_pygmaeus", "date_acq": "2026-08-14T642", "confidence": "n", "brightness": "341.66", "frp": "11.68", "daynight": "D"}}, {"type": "Feature", "geometry": {"type": "Point", "coordinates": [110.1005, -1.37228]}, "properties": {"species": "pongo_pygmaeus", "date_acq": "2026-08-14T642", "confidence": "n", "brightness": "336.77", "frp": "12.97", "daynight": "D"}}, {"type": "Feature", "geometry": {"type": "Point", "coordinates": [110.11369, -1.37015]}, "properties": {"species": "pongo_pygmaeus", "date_acq": "2026-08-14T642", "confidence": "n", "brightness": "334.6", "frp": "6.11", "daynight": "D"}}, {"type": "Feature", "geometry": {"type": "Point", "coordinates": [110.12371, -1.34386]}, "properties": {"species": "pongo_pygmaeus", "date_acq": "2026-08-14T642", "confidence": "n", "brightness": "348.01", "frp": "14.43", "daynight": "D"}}, {"type": "Feature", "geometry": {"type": "Point", "coordinates": [110.07859, -1.31421]}, "properties": {"species": "pongo_pygmaeus", "date_acq": "2026-08-14T642", "confidence": "n", "brightness": "332.88", "frp": "7.55", "daynight": "D"}}, {"type": "Feature", "geometry": {"type": "Point", "coordinates": [110.08665, -1.30835]}, "properties": {"species": "pongo_pygmaeus", "date_acq": "2026-08-14T642", "confidence": "n", "brightness": "331.17", "frp": "3.7", "daynight": "D"}}, {"type": "Feature", "geometry": {"type": "Point", "coordinates": [110.79276, -1.28903]}, "properties": {"species": "pongo_pygmaeus", "date_acq": "2026-08-14T642", "confidence": "n", "brightness": "348.01", "frp": "17.1", "daynight": "D"}}, {"type": "Feature", "geometry": {"type": "Point", "coordinates": [110.94726, -1.26426]}, "properties": {"species": "pongo_pygmaeus", "date_acq": "2026-08-14T642", "confidence": "n", "brightness": "341.32", "frp": "7.66", "daynight": "D"}}, {"type": "Feature", "geometry": {"type": "Point", "coordinates": [111.01647, -1.19495]}, "properties": {"species": "pongo_pygmaeus", "date_acq": "2026-08-14T642", "confidence": "n", "brightness": "331.54", "frp": "2.73", "daynight": "D"}}, {"type": "Feature", "geometry": {"type": "Point", "coordinates": [110.45495, -1.11854]}, "properties": {"species": "pongo_pygmaeus", "date_acq": "2026-08-14T642", "confidence": "n", "brightness": "334.59", "frp": "7.79", "daynight": "D"}}, {"type": "Feature", "geometry": {"type": "Point", "coordinates": [111.82465, -1.10766]}, "properties": {"species": "pongo_pygmaeus", "date_acq": "2026-08-14T642", "confidence": "h", "brightness": "367", "frp": "7.93", "daynight": "D"}}, {"type": "Feature", "geometry": {"type": "Point", "coordinates": [111.76489, -1.10701]}, "properties": {"species": "pongo_pygmaeus", "date_acq": "2026-08-14T642", "confidence": "n", "brightness": "347.71", "frp": "3.96", "daynight": "D"}}, {"type": "Feature", "geometry": {"type": "Point", "coordinates": [113.01365, -1.10619]}, "properties": {"species": "pongo_pygmaeus", "date_acq": "2026-08-14T642", "confidence": "n", "brightness": "333.78", "frp": "12.04", "daynight": "D"}}, {"type": "Feature", "geometry": {"type": "Point", "coordinates": [113.0172, -1.10563]}, "properties": {"species": "pongo_pygmaeus", "date_acq": "2026-08-14T642", "confidence": "h", "brightness": "367", "frp": "12.04", "daynight": "D"}}, {"type": "Feature", "geometry": {"type": "Point", "coordinates": [111.76431, -1.10349]}, "properties": {"species": "pongo_pygmaeus", "date_acq": "2026-08-14T642", "confidence": "n", "brightness": "348.11", "frp": "4.26", "daynight": "D"}}, {"type": "Feature", "geometry": {"type": "Point", "coordinates": [112.7674, -1.07849]}, "properties": {"species": "pongo_pygmaeus", "date_acq": "2026-08-14T642", "confidence": "n", "brightness": "331.81", "frp": "3.06", "daynight": "D"}}, {"type": "Feature", "geometry": {"type": "Point", "coordinates": [111.88509, -1.01169]}, "properties": {"species": "pongo_pygmaeus", "date_acq": "2026-08-14T642", "confidence": "n", "brightness": "356.36", "frp": "4.57", "daynight": "D"}}, {"type": "Feature", "geometry": {"type": "Point", "coordinates": [112.03793, -0.96605]}, "properties": {"species": "pongo_pygmaeus", "date_acq": "2026-08-14T642", "confidence": "n", "brightness": "335.9", "frp": "10.18", "daynight": "D"}}, {"type": "Feature", "geometry": {"type": "Point", "coordinates": [112.04099, -0.96555]}, "properties": {"species": "pongo_pygmaeus", "date_acq": "2026-08-14T642", "confidence": "h", "brightness": "367", "frp": "10.57", "daynight": "D"}}, {"type": "Feature", "geometry": {"type": "Point", "coordinates": [112.03883, -0.96411]}, "properties": {"species": "pongo_pygmaeus", "date_acq": "2026-08-14T642", "confidence": "n", "brightness": "354.94", "frp": "11.93", "daynight": "D"}}, {"type": "Feature", "geometry": {"type": "Point", "coordinates": [112.0419, -0.96364]}, "properties": {"species": "pongo_pygmaeus", "date_acq": "2026-08-14T642", "confidence": "n", "brightness": "353.25", "frp": "11.93", "daynight": "D"}}, {"type": "Feature", "geometry": {"type": "Point", "coordinates": [112.04018, -0.9604]}, "properties": {"species": "pongo_pygmaeus", "date_acq": "2026-08-14T642", "confidence": "n", "brightness": "345.31", "frp": "10.57", "daynight": "D"}}, {"type": "Feature", "geometry": {"type": "Point", "coordinates": [113.12819, -0.95262]}, "properties": {"species": "pongo_pygmaeus", "date_acq": "2026-08-14T642", "confidence": "n", "brightness": "332.69", "frp": "5.55", "daynight": "D"}}, {"type": "Feature", "geometry": {"type": "Point", "coordinates": [114.72903, -0.87876]}, "properties": {"species": "pongo_pygmaeus", "date_acq": "2026-08-14T642", "confidence": "n", "brightness": "334.23", "frp": "8.8", "daynight": "D"}}, {"type": "Feature", "geometry": {"type": "Point", "coordinates": [114.7337, -0.878]}, "properties": {"species": "pongo_pygmaeus", "date_acq": "2026-08-14T642", "confidence": "n", "brightness": "336.31", "frp": "8.93", "daynight": "D"}}, {"type": "Feature", "geometry": {"type": "Point", "coordinates": [110.94536, -0.80619]}, "properties": {"species": "pongo_pygmaeus", "date_acq": "2026-08-14T642", "confidence": "n", "brightness": "339.56", "frp": "4.42", "daynight": "D"}}, {"type": "Feature", "geometry": {"type": "Point", "coordinates": [110.94878, -0.80476]}, "properties": {"species": "pongo_pygmaeus", "date_acq": "2026-08-14T642", "confidence": "n", "brightness": "339.97", "frp": "5.41", "daynight": "D"}}, {"type": "Feature", "geometry": {"type": "Point", "coordinates": [110.82541, -0.72194]}, "properties": {"species": "pongo_pygmaeus", "date_acq": "2026-08-14T642", "confidence": "n", "brightness": "339.05", "frp": "5.31", "daynight": "D"}}, {"type": "Feature", "geometry": {"type": "Point", "coordinates": [110.09612, -0.70306]}, "properties": {"species": "pongo_pygmaeus", "date_acq": "2026-08-14T642", "confidence": "n", "brightness": "352", "frp": "16.06", "daynight": "D"}}, {"type": "Feature", "geometry": {"type": "Point", "coordinates": [111.34071, -0.69493]}, "properties": {"species": "pongo_pygmaeus", "date_acq": "2026-08-14T642", "confidence": "n", "brightness": "330.24", "frp": "3.33", "daynight": "D"}}, {"type": "Feature", "geometry": {"type": "Point", "coordinates": [113.83099, -0.60353]}, "properties": {"species": "pongo_pygmaeus", "date_acq": "2026-08-14T642", "confidence": "n", "brightness": "346.15", "frp": "8", "daynight": "D"}}, {"type": "Feature", "geometry": {"type": "Point", "coordinates": [111.65221, -0.52811]}, "properties": {"species": "pongo_pygmaeus", "date_acq": "2026-08-14T642", "confidence": "n", "brightness": "342.85", "frp": "4.52", "daynight": "D"}}, {"type": "Feature", "geometry": {"type": "Point", "coordinates": [113.03773, -0.30324]}, "properties": {"species": "pongo_pygmaeus", "date_acq": "2026-08-14T642", "confidence": "h", "brightness": "367", "frp": "14.51", "daynight": "D"}}, {"type": "Feature", "geometry": {"type": "Point", "coordinates": [112.78457, -0.28162]}, "properties": {"species": "pongo_pygmaeus", "date_acq": "2026-08-14T642", "confidence": "n", "brightness": "332.67", "frp": "39.43", "daynight": "D"}}, {"type": "Feature", "geometry": {"type": "Point", "coordinates": [112.78815, -0.28107]}, "properties": {"species": "pongo_pygmaeus", "date_acq": "2026-08-14T642", "confidence": "n", "brightness": "351.4", "frp": "144.58", "daynight": "D"}}, {"type": "Feature", "geometry": {"type": "Point", "coordinates": [112.86884, -0.22902]}, "properties": {"species": "pongo_pygmaeus", "date_acq": "2026-08-14T642", "confidence": "n", "brightness": "346.19", "frp": "19.61", "daynight": "D"}}, {"type": "Feature", "geometry": {"type": "Point", "coordinates": [113.59373, -0.0669]}, "properties": {"species": "pongo_pygmaeus", "date_acq": "2026-08-14T642", "confidence": "n", "brightness": "346.88", "frp": "6.68", "daynight": "D"}}, {"type": "Feature", "geometry": {"type": "Point", "coordinates": [113.59532, -0.06683]}, "properties": {"species": "pongo_pygmaeus", "date_acq": "2026-08-14T642", "confidence": "h", "brightness": "367", "frp": "8.36", "daynight": "D"}}, {"type": "Feature", "geometry": {"type": "Point", "coordinates": [113.59775, -0.06626]}, "properties": {"species": "pongo_pygmaeus", "date_acq": "2026-08-14T642", "confidence": "n", "brightness": "329.07", "frp": "7.24", "daynight": "D"}}, {"type": "Feature", "geometry": {"type": "Point", "coordinates": [117.16608, 0.53443]}, "properties": {"species": "pongo_pygmaeus", "date_acq": "2026-08-14T642", "confidence": "n", "brightness": "347.02", "frp": "15.48", "daynight": "D"}}, {"type": "Feature", "geometry": {"type": "Point", "coordinates": [111.88496, 0.85704]}, "properties": {"species": "pongo_pygmaeus", "date_acq": "2026-08-14T642", "confidence": "n", "brightness": "355.58", "frp": "7.12", "daynight": "D"}}, {"type": "Feature", "geometry": {"type": "Point", "coordinates": [113.50385, 0.97271]}, "properties": {"species": "pongo_pygmaeus", "date_acq": "2026-08-14T642", "confidence": "n", "brightness": "339.29", "frp": "8.63", "daynight": "D"}}, {"type": "Feature", "geometry": {"type": "Point", "coordinates": [113.52739, 0.98241]}, "properties": {"species": "pongo_pygmaeus", "date_acq": "2026-08-14T642", "confidence": "n", "brightness": "340.73", "frp": "10.72", "daynight": "D"}}, {"type": "Feature", "geometry": {"type": "Point", "coordinates": [113.52291, 0.98664]}, "properties": {"species": "pongo_pygmaeus", "date_acq": "2026-08-14T642", "confidence": "h", "brightness": "367", "frp": "15.7", "daynight": "D"}}, {"type": "Feature", "geometry": {"type": "Point", "coordinates": [113.52664, 0.9872]}, "properties": {"species": "pongo_pygmaeus", "date_acq": "2026-08-14T642", "confidence": "n", "brightness": "332.14", "frp": "14.57", "daynight": "D"}}, {"type": "Feature", "geometry": {"type": "Point", "coordinates": [113.52304, 0.98773]}, "properties": {"species": "pongo_pygmaeus", "date_acq": "2026-08-14T642", "confidence": "h", "brightness": "367", "frp": "17.91", "daynight": "D"}}, {"type": "Feature", "geometry": {"type": "Point", "coordinates": [113.52672, 0.98831]}, "properties": {"species": "pongo_pygmaeus", "date_acq": "2026-08-14T642", "confidence": "n", "brightness": "342.52", "frp": "10.72", "daynight": "D"}}, {"type": "Feature", "geometry": {"type": "Point", "coordinates": [113.52154, 0.99243]}, "properties": {"species": "pongo_pygmaeus", "date_acq": "2026-08-14T642", "confidence": "n", "brightness": "355.49", "frp": "22.72", "daynight": "D"}}, {"type": "Feature", "geometry": {"type": "Point", "coordinates": [113.52563, 0.99305]}, "properties": {"species": "pongo_pygmaeus", "date_acq": "2026-08-14T642", "confidence": "n", "brightness": "346.78", "frp": "21.79", "daynight": "D"}}, {"type": "Feature", "geometry": {"type": "Point", "coordinates": [113.52151, 0.99349]}, "properties": {"species": "pongo_pygmaeus", "date_acq": "2026-08-14T642", "confidence": "h", "brightness": "367", "frp": "14.1", "daynight": "D"}}, {"type": "Feature", "geometry": {"type": "Point", "coordinates": [113.52568, 0.99415]}, "properties": {"species": "pongo_pygmaeus", "date_acq": "2026-08-14T642", "confidence": "n", "brightness": "355.09", "frp": "17.73", "daynight": "D"}}, {"type": "Feature", "geometry": {"type": "Point", "coordinates": [112.81552, 0.99459]}, "properties": {"species": "pongo_pygmaeus", "date_acq": "2026-08-14T642", "confidence": "h", "brightness": "367", "frp": "8.81", "daynight": "D"}}, {"type": "Feature", "geometry": {"type": "Point", "coordinates": [116.6331, 0.17431]}, "properties": {"species": "pongo_pygmaeus", "date_acq": "2026-08-14T1741", "confidence": "n", "brightness": "331.09", "frp": "5.24", "daynight": "N"}}, {"type": "Feature", "geometry": {"type": "Point", "coordinates": [116.63364, 0.17772]}, "properties": {"species": "pongo_pygmaeus", "date_acq": "2026-08-14T1741", "confidence": "n", "brightness": "315.55", "frp": "1.4", "daynight": "N"}}, {"type": "Feature", "geometry": {"type": "Point", "coordinates": [116.63051, 0.18172]}, "properties": {"species": "pongo_pygmaeus", "date_acq": "2026-08-14T1741", "confidence": "n", "brightness": "305.66", "frp": "1.51", "daynight": "N"}}, {"type": "Feature", "geometry": {"type": "Point", "coordinates": [116.63104, 0.18513]}, "properties": {"species": "pongo_pygmaeus", "date_acq": "2026-08-14T1741", "confidence": "n", "brightness": "305.37", "frp": "1.22", "daynight": "N"}}, {"type": "Feature", "geometry": {"type": "Point", "coordinates": [117.20972, 0.48526]}, "properties": {"species": "pongo_pygmaeus", "date_acq": "2026-08-14T1741", "confidence": "n", "brightness": "309.45", "frp": "0.83", "daynight": "N"}}, {"type": "Feature", "geometry": {"type": "Point", "coordinates": [117.19565, 0.51163]}, "properties": {"species": "pongo_pygmaeus", "date_acq": "2026-08-14T1741", "confidence": "n", "brightness": "330.08", "frp": "3.07", "daynight": "N"}}, {"type": "Feature", "geometry": {"type": "Point", "coordinates": [117.25599, 1.49394]}, "properties": {"species": "pongo_pygmaeus", "date_acq": "2026-08-14T1741", "confidence": "n", "brightness": "305.51", "frp": "0.58", "daynight": "N"}}, {"type": "Feature", "geometry": {"type": "Point", "coordinates": [117.19109, 1.61966]}, "properties": {"species": "pongo_pygmaeus", "date_acq": "2026-08-14T1741", "confidence": "n", "brightness": "310.46", "frp": "0.92", "daynight": "N"}}, {"type": "Feature", "geometry": {"type": "Point", "coordinates": [117.18513, 1.68009]}, "properties": {"species": "pongo_pygmaeus", "date_acq": "2026-08-14T1741", "confidence": "n", "brightness": "304.87", "frp": "0.57", "daynight": "N"}}, {"type": "Feature", "geometry": {"type": "Point", "coordinates": [117.17582, 1.69197]}, "properties": {"species": "pongo_pygmaeus", "date_acq": "2026-08-14T1741", "confidence": "n", "brightness": "310.86", "frp": "0.93", "daynight": "N"}}, {"type": "Feature", "geometry": {"type": "Point", "coordinates": [112.88225, -3.11231]}, "properties": {"species": "pongo_pygmaeus", "date_acq": "2026-08-14T1743", "confidence": "n", "brightness": "316.34", "frp": "3.67", "daynight": "N"}}, {"type": "Feature", "geometry": {"type": "Point", "coordinates": [112.87195, -3.11063]}, "properties": {"species": "pongo_pygmaeus", "date_acq": "2026-08-14T1743", "confidence": "n", "brightness": "304.23", "frp": "1.51", "daynight": "N"}}, {"type": "Feature", "geometry": {"type": "Point", "coordinates": [112.8726, -3.10664]}, "properties": {"species": "pongo_pygmaeus", "date_acq": "2026-08-14T1743", "confidence": "n", "brightness": "313.47", "frp": "3.32", "daynight": "N"}}, {"type": "Feature", "geometry": {"type": "Point", "coordinates": [112.86231, -3.01762]}, "properties": {"species": "pongo_pygmaeus", "date_acq": "2026-08-14T1743", "confidence": "n", "brightness": "305.85", "frp": "1.5", "daynight": "N"}}, {"type": "Feature", "geometry": {"type": "Point", "coordinates": [112.85783, -3.01279]}, "properties": {"species": "pongo_pygmaeus", "date_acq": "2026-08-14T1743", "confidence": "n", "brightness": "306.57", "frp": "1.16", "daynight": "N"}}, {"type": "Feature", "geometry": {"type": "Point", "coordinates": [112.85352, -3.01209]}, "properties": {"species": "pongo_pygmaeus", "date_acq": "2026-08-14T1743", "confidence": "n", "brightness": "313.46", "frp": "2.01", "daynight": "N"}}, {"type": "Feature", "geometry": {"type": "Point", "coordinates": [112.85418, -3.0081]}, "properties": {"species": "pongo_pygmaeus", "date_acq": "2026-08-14T1743", "confidence": "n", "brightness": "312.69", "frp": "2.01", "daynight": "N"}}, {"type": "Feature", "geometry": {"type": "Point", "coordinates": [112.85071, -3.00753]}, "properties": {"species": "pongo_pygmaeus", "date_acq": "2026-08-14T1743", "confidence": "n", "brightness": "328.11", "frp": "2.01", "daynight": "N"}}, {"type": "Feature", "geometry": {"type": "Point", "coordinates": [112.87138, -2.9945]}, "properties": {"species": "pongo_pygmaeus", "date_acq": "2026-08-14T1743", "confidence": "n", "brightness": "305.32", "frp": "0.98", "daynight": "N"}}, {"type": "Feature", "geometry": {"type": "Point", "coordinates": [112.8662, -2.99365]}, "properties": {"species": "pongo_pygmaeus", "date_acq": "2026-08-14T1743", "confidence": "n", "brightness": "307.04", "frp": "1.78", "daynight": "N"}}, {"type": "Feature", "geometry": {"type": "Point", "coordinates": [112.87201, -2.9905]}, "properties": {"species": "pongo_pygmaeus", "date_acq": "2026-08-14T1743", "confidence": "n", "brightness": "306.74", "frp": "4.38", "daynight": "N"}}, {"type": "Feature", "geometry": {"type": "Point", "coordinates": [112.87264, -2.9865]}, "properties": {"species": "pongo_pygmaeus", "date_acq": "2026-08-14T1743", "confidence": "n", "brightness": "332.14", "frp": "4.38", "daynight": "N"}}, {"type": "Feature", "geometry": {"type": "Point", "coordinates": [111.5796, -2.6115]}, "properties": {"species": "pongo_pygmaeus", "date_acq": "2026-08-14T1743", "confidence": "n", "brightness": "308.53", "frp": "1.53", "daynight": "N"}}, {"type": "Feature", "geometry": {"type": "Point", "coordinates": [111.00395, -2.0316]}, "properties": {"species": "pongo_pygmaeus", "date_acq": "2026-08-14T1743", "confidence": "n", "brightness": "318.02", "frp": "3.03", "daynight": "N"}}, {"type": "Feature", "geometry": {"type": "Point", "coordinates": [114.95729, -1.96295]}, "properties": {"species": "pongo_pygmaeus", "date_acq": "2026-08-14T1743", "confidence": "n", "brightness": "313.93", "frp": "1.81", "daynight": "N"}}, {"type": "Feature", "geometry": {"type": "Point", "coordinates": [111.10672, -1.94525]}, "properties": {"species": "pongo_pygmaeus", "date_acq": "2026-08-14T1743", "confidence": "n", "brightness": "338.82", "frp": "6", "daynight": "N"}}, {"type": "Feature", "geometry": {"type": "Point", "coordinates": [111.10208, -1.94449]}, "properties": {"species": "pongo_pygmaeus", "date_acq": "2026-08-14T1743", "confidence": "n", "brightness": "348.72", "frp": "6.93", "daynight": "N"}}, {"type": "Feature", "geometry": {"type": "Point", "coordinates": [111.09744, -1.94373]}, "properties": {"species": "pongo_pygmaeus", "date_acq": "2026-08-14T1743", "confidence": "n", "brightness": "300.01", "frp": "6.93", "daynight": "N"}}, {"type": "Feature", "geometry": {"type": "Point", "coordinates": [111.10748, -1.94067]}, "properties": {"species": "pongo_pygmaeus", "date_acq": "2026-08-14T1743", "confidence": "n", "brightness": "337.16", "frp": "6", "daynight": "N"}}, {"type": "Feature", "geometry": {"type": "Point", "coordinates": [111.10283, -1.93991]}, "properties": {"species": "pongo_pygmaeus", "date_acq": "2026-08-14T1743", "confidence": "n", "brightness": "324.34", "frp": "6.93", "daynight": "N"}}, {"type": "Feature", "geometry": {"type": "Point", "coordinates": [110.1509, -1.89096]}, "properties": {"species": "pongo_pygmaeus", "date_acq": "2026-08-14T1743", "confidence": "n", "brightness": "315.17", "frp": "2.69", "daynight": "N"}}, {"type": "Feature", "geometry": {"type": "Point", "coordinates": [110.16487, -1.87319]}, "properties": {"species": "pongo_pygmaeus", "date_acq": "2026-08-14T1743", "confidence": "n", "brightness": "315.87", "frp": "2.68", "daynight": "N"}}, {"type": "Feature", "geometry": {"type": "Point", "coordinates": [110.1595, -1.8723]}, "properties": {"species": "pongo_pygmaeus", "date_acq": "2026-08-14T1743", "confidence": "n", "brightness": "312.47", "frp": "3.28", "daynight": "N"}}, {"type": "Feature", "geometry": {"type": "Point", "coordinates": [110.16656, -1.87115]}, "properties": {"species": "pongo_pygmaeus", "date_acq": "2026-08-14T1743", "confidence": "n", "brightness": "314.1", "frp": "3.54", "daynight": "N"}}, {"type": "Feature", "geometry": {"type": "Point", "coordinates": [110.16119, -1.8703]}, "properties": {"species": "pongo_pygmaeus", "date_acq": "2026-08-14T1743", "confidence": "n", "brightness": "317.27", "frp": "3.54", "daynight": "N"}}, {"type": "Feature", "geometry": {"type": "Point", "coordinates": [110.15578, -1.86944]}, "properties": {"species": "pongo_pygmaeus", "date_acq": "2026-08-14T1743", "confidence": "n", "brightness": "306.9", "frp": "1.63", "daynight": "N"}}, {"type": "Feature", "geometry": {"type": "Point", "coordinates": [110.16568, -1.8683]}, "properties": {"species": "pongo_pygmaeus", "date_acq": "2026-08-14T1743", "confidence": "n", "brightness": "317.67", "frp": "3.01", "daynight": "N"}}, {"type": "Feature", "geometry": {"type": "Point", "coordinates": [110.1603, -1.86741]}, "properties": {"species": "pongo_pygmaeus", "date_acq": "2026-08-14T1743", "confidence": "n", "brightness": "306.18", "frp": "2.12", "daynight": "N"}}, {"type": "Feature", "geometry": {"type": "Point", "coordinates": [111.08715, -1.85805]}, "properties": {"species": "pongo_pygmaeus", "date_acq": "2026-08-14T1743", "confidence": "n", "brightness": "315.83", "frp": "1.89", "daynight": "N"}}, {"type": "Feature", "geometry": {"type": "Point", "coordinates": [111.34853, -1.85419]}, "properties": {"species": "pongo_pygmaeus", "date_acq": "2026-08-14T1743", "confidence": "n", "brightness": "303.62", "frp": "1.08", "daynight": "N"}}, {"type": "Feature", "geometry": {"type": "Point", "coordinates": [111.34795, -1.85249]}, "properties": {"species": "pongo_pygmaeus", "date_acq": "2026-08-14T1743", "confidence": "n", "brightness": "301.54", "frp": "0.87", "daynight": "N"}}, {"type": "Feature", "geometry": {"type": "Point", "coordinates": [110.14548, -1.76217]}, "properties": {"species": "pongo_pygmaeus", "date_acq": "2026-08-14T1743", "confidence": "n", "brightness": "348.5", "frp": "12.77", "daynight": "N"}}, {"type": "Feature", "geometry": {"type": "Point", "coordinates": [110.07822, -1.7611]}, "properties": {"species": "pongo_pygmaeus", "date_acq": "2026-08-14T1743", "confidence": "n", "brightness": "316.58", "frp": "2.65", "daynight": "N"}}, {"type": "Feature", "geometry": {"type": "Point", "coordinates": [110.14667, -1.76083]}, "properties": {"species": "pongo_pygmaeus", "date_acq": "2026-08-14T1743", "confidence": "n", "brightness": "347.73", "frp": "7.21", "daynight": "N"}}, {"type": "Feature", "geometry": {"type": "Point", "coordinates": [110.07922, -1.76025]}, "properties": {"species": "pongo_pygmaeus", "date_acq": "2026-08-14T1743", "confidence": "n", "brightness": "320.83", "frp": "5.12", "daynight": "N"}}, {"type": "Feature", "geometry": {"type": "Point", "coordinates": [110.14124, -1.75996]}, "properties": {"species": "pongo_pygmaeus", "date_acq": "2026-08-14T1743", "confidence": "n", "brightness": "316.76", "frp": "7.21", "daynight": "N"}}, {"type": "Feature", "geometry": {"type": "Point", "coordinates": [110.22509, -1.75824]}, "properties": {"species": "pongo_pygmaeus", "date_acq": "2026-08-14T1743", "confidence": "n", "brightness": "303.16", "frp": "0.89", "daynight": "N"}}, {"type": "Feature", "geometry": {"type": "Point", "coordinates": [110.14634, -1.75727]}, "properties": {"species": "pongo_pygmaeus", "date_acq": "2026-08-14T1743", "confidence": "n", "brightness": "339.13", "frp": "8.52", "daynight": "N"}}, {"type": "Feature", "geometry": {"type": "Point", "coordinates": [110.07904, -1.75617]}, "properties": {"species": "pongo_pygmaeus", "date_acq": "2026-08-14T1743", "confidence": "n", "brightness": "307.72", "frp": "1.38", "daynight": "N"}}, {"type": "Feature", "geometry": {"type": "Point", "coordinates": [110.14754, -1.75593]}, "properties": {"species": "pongo_pygmaeus", "date_acq": "2026-08-14T1743", "confidence": "n", "brightness": "318.32", "frp": "7.21", "daynight": "N"}}, {"type": "Feature", "geometry": {"type": "Point", "coordinates": [110.19341, -1.74817]}, "properties": {"species": "pongo_pygmaeus", "date_acq": "2026-08-14T1743", "confidence": "n", "brightness": "303.4", "frp": "1.05", "daynight": "N"}}, {"type": "Feature", "geometry": {"type": "Point", "coordinates": [113.31506, -1.73449]}, "properties": {"species": "pongo_pygmaeus", "date_acq": "2026-08-14T1743", "confidence": "n", "brightness": "310.68", "frp": "2.53", "daynight": "N"}}, {"type": "Feature", "geometry": {"type": "Point", "coordinates": [113.31843, -1.73377]}, "properties": {"species": "pongo_pygmaeus", "date_acq": "2026-08-14T1743", "confidence": "n", "brightness": "333.35", "frp": "3.52", "daynight": "N"}}, {"type": "Feature", "geometry": {"type": "Point", "coordinates": [110.06666, -1.73296]}, "properties": {"species": "pongo_pygmaeus", "date_acq": "2026-08-14T1743", "confidence": "n", "brightness": "310.94", "frp": "13.39", "daynight": "N"}}, {"type": "Feature", "geometry": {"type": "Point", "coordinates": [110.25149, -1.73246]}, "properties": {"species": "pongo_pygmaeus", "date_acq": "2026-08-14T1743", "confidence": "n", "brightness": "319.39", "frp": "2.5", "daynight": "N"}}, {"type": "Feature", "geometry": {"type": "Point", "coordinates": [110.24611, -1.73159]}, "properties": {"species": "pongo_pygmaeus", "date_acq": "2026-08-14T1743", "confidence": "n", "brightness": "306.12", "frp": "2.5", "daynight": "N"}}, {"type": "Feature", "geometry": {"type": "Point", "coordinates": [113.32079, -1.73133]}, "properties": {"species": "pongo_pygmaeus", "date_acq": "2026-08-14T1743", "confidence": "n", "brightness": "313.86", "frp": "3.56", "daynight": "N"}}, {"type": "Feature", "geometry": {"type": "Point", "coordinates": [113.31572, -1.73054]}, "properties": {"species": "pongo_pygmaeus", "date_acq": "2026-08-14T1743", "confidence": "n", "brightness": "331.21", "frp": "3.56", "daynight": "N"}}, {"type": "Feature", "geometry": {"type": "Point", "coordinates": [113.31908, -1.72982]}, "properties": {"species": "pongo_pygmaeus", "date_acq": "2026-08-14T1743", "confidence": "n", "brightness": "318.9", "frp": "3.52", "daynight": "N"}}, {"type": "Feature", "geometry": {"type": "Point", "coordinates": [110.25227, -1.72759]}, "properties": {"species": "pongo_pygmaeus", "date_acq": "2026-08-14T1743", "confidence": "n", "brightness": "330.82", "frp": "4.07", "daynight": "N"}}, {"type": "Feature", "geometry": {"type": "Point", "coordinates": [110.24689, -1.72672]}, "properties": {"species": "pongo_pygmaeus", "date_acq": "2026-08-14T1743", "confidence": "n", "brightness": "309.09", "frp": "4.07", "daynight": "N"}}, {"type": "Feature", "geometry": {"type": "Point", "coordinates": [110.27774, -1.70675]}, "properties": {"species": "pongo_pygmaeus", "date_acq": "2026-08-14T1743", "confidence": "n", "brightness": "310.59", "frp": "2.63", "daynight": "N"}}, {"type": "Feature", "geometry": {"type": "Point", "coordinates": [110.17276, -1.70464]}, "properties": {"species": "pongo_pygmaeus", "date_acq": "2026-08-14T1743", "confidence": "n", "brightness": "310.69", "frp": "1.26", "daynight": "N"}}, {"type": "Feature", "geometry": {"type": "Point", "coordinates": [110.27852, -1.70189]}, "properties": {"species": "pongo_pygmaeus", "date_acq": "2026-08-14T1743", "confidence": "n", "brightness": "303.56", "frp": "1.15", "daynight": "N"}}, {"type": "Feature", "geometry": {"type": "Point", "coordinates": [113.20064, -1.63476]}, "properties": {"species": "pongo_pygmaeus", "date_acq": "2026-08-14T1743", "confidence": "n", "brightness": "303.73", "frp": "0.79", "daynight": "N"}}, {"type": "Feature", "geometry": {"type": "Point", "coordinates": [114.41051, -1.5557]}, "properties": {"species": "pongo_pygmaeus", "date_acq": "2026-08-14T1743", "confidence": "n", "brightness": "327.37", "frp": "3.52", "daynight": "N"}}, {"type": "Feature", "geometry": {"type": "Point", "coordinates": [113.34656, -1.50322]}, "properties": {"species": "pongo_pygmaeus", "date_acq": "2026-08-14T1743", "confidence": "n", "brightness": "321.36", "frp": "2.72", "daynight": "N"}}, {"type": "Feature", "geometry": {"type": "Point", "coordinates": [113.58177, -1.46831]}, "properties": {"species": "pongo_pygmaeus", "date_acq": "2026-08-14T1743", "confidence": "n", "brightness": "328.62", "frp": "2.45", "daynight": "N"}}, {"type": "Feature", "geometry": {"type": "Point", "coordinates": [113.5824, -1.4644]}, "properties": {"species": "pongo_pygmaeus", "date_acq": "2026-08-14T1743", "confidence": "n", "brightness": "309.36", "frp": "2.45", "daynight": "N"}}, {"type": "Feature", "geometry": {"type": "Point", "coordinates": [110.11824, -1.38328]}, "properties": {"species": "pongo_pygmaeus", "date_acq": "2026-08-14T1743", "confidence": "n", "brightness": "342.15", "frp": "8.62", "daynight": "N"}}, {"type": "Feature", "geometry": {"type": "Point", "coordinates": [110.11267, -1.38238]}, "properties": {"species": "pongo_pygmaeus", "date_acq": "2026-08-14T1743", "confidence": "n", "brightness": "342.78", "frp": "8.62", "daynight": "N"}}, {"type": "Feature", "geometry": {"type": "Point", "coordinates": [110.10708, -1.38148]}, "properties": {"species": "pongo_pygmaeus", "date_acq": "2026-08-14T1743", "confidence": "n", "brightness": "356.45", "frp": "19.48", "daynight": "N"}}, {"type": "Feature", "geometry": {"type": "Point", "coordinates": [110.11906, -1.37834]}, "properties": {"species": "pongo_pygmaeus", "date_acq": "2026-08-14T1743", "confidence": "n", "brightness": "344.91", "frp": "8.62", "daynight": "N"}}, {"type": "Feature", "geometry": {"type": "Point", "coordinates": [114.26397, -1.37807]}, "properties": {"species": "pongo_pygmaeus", "date_acq": "2026-08-14T1743", "confidence": "n", "brightness": "313.45", "frp": "1.6", "daynight": "N"}}, {"type": "Feature", "geometry": {"type": "Point", "coordinates": [110.11348, -1.37743]}, "properties": {"species": "pongo_pygmaeus", "date_acq": "2026-08-14T1743", "confidence": "n", "brightness": "316.07", "frp": "8.62", "daynight": "N"}}, {"type": "Feature", "geometry": {"type": "Point", "coordinates": [110.1079, -1.37653]}, "properties": {"species": "pongo_pygmaeus", "date_acq": "2026-08-14T1743", "confidence": "n", "brightness": "304.75", "frp": "19.48", "daynight": "N"}}, {"type": "Feature", "geometry": {"type": "Point", "coordinates": [114.27802, -1.37648]}, "properties": {"species": "pongo_pygmaeus", "date_acq": "2026-08-14T1743", "confidence": "n", "brightness": "307.39", "frp": "1.63", "daynight": "N"}}, {"type": "Feature", "geometry": {"type": "Point", "coordinates": [110.09668, -1.37472]}, "properties": {"species": "pongo_pygmaeus", "date_acq": "2026-08-14T1743", "confidence": "n", "brightness": "312.15", "frp": "4.37", "daynight": "N"}}, {"type": "Feature", "geometry": {"type": "Point", "coordinates": [110.11985, -1.37339]}, "properties": {"species": "pongo_pygmaeus", "date_acq": "2026-08-14T1743", "confidence": "n", "brightness": "310.64", "frp": "4.06", "daynight": "N"}}, {"type": "Feature", "geometry": {"type": "Point", "coordinates": [110.11428, -1.37249]}, "properties": {"species": "pongo_pygmaeus", "date_acq": "2026-08-14T1743", "confidence": "n", "brightness": "330.47", "frp": "4.06", "daynight": "N"}}, {"type": "Feature", "geometry": {"type": "Point", "coordinates": [110.10872, -1.37158]}, "properties": {"species": "pongo_pygmaeus", "date_acq": "2026-08-14T1743", "confidence": "n", "brightness": "307.53", "frp": "3.5", "daynight": "N"}}, {"type": "Feature", "geometry": {"type": "Point", "coordinates": [114.27982, -1.36524]}, "properties": {"species": "pongo_pygmaeus", "date_acq": "2026-08-14T1743", "confidence": "n", "brightness": "309.05", "frp": "1.24", "daynight": "N"}}, {"type": "Feature", "geometry": {"type": "Point", "coordinates": [113.98639, -1.29424]}, "properties": {"species": "pongo_pygmaeus", "date_acq": "2026-08-14T1743", "confidence": "n", "brightness": "307.89", "frp": "2.09", "daynight": "N"}}, {"type": "Feature", "geometry": {"type": "Point", "coordinates": [113.98953, -1.29256]}, "properties": {"species": "pongo_pygmaeus", "date_acq": "2026-08-14T1743", "confidence": "n", "brightness": "305.66", "frp": "0.95", "daynight": "N"}}, {"type": "Feature", "geometry": {"type": "Point", "coordinates": [113.98486, -1.29183]}, "properties": {"species": "pongo_pygmaeus", "date_acq": "2026-08-14T1743", "confidence": "n", "brightness": "315.72", "frp": "2.34", "daynight": "N"}}, {"type": "Feature", "geometry": {"type": "Point", "coordinates": [113.987, -1.29042]}, "properties": {"species": "pongo_pygmaeus", "date_acq": "2026-08-14T1743", "confidence": "n", "brightness": "322.42", "frp": "2.09", "daynight": "N"}}, {"type": "Feature", "geometry": {"type": "Point", "coordinates": [114.19092, -1.27387]}, "properties": {"species": "pongo_pygmaeus", "date_acq": "2026-08-14T1743", "confidence": "n", "brightness": "315.56", "frp": "1.52", "daynight": "N"}}, {"type": "Feature", "geometry": {"type": "Point", "coordinates": [114.1915, -1.27009]}, "properties": {"species": "pongo_pygmaeus", "date_acq": "2026-08-14T1743", "confidence": "n", "brightness": "312.77", "frp": "1.52", "daynight": "N"}}, {"type": "Feature", "geometry": {"type": "Point", "coordinates": [114.34403, -1.19768]}, "properties": {"species": "pongo_pygmaeus", "date_acq": "2026-08-14T1743", "confidence": "n", "brightness": "329.34", "frp": "5.12", "daynight": "N"}}, {"type": "Feature", "geometry": {"type": "Point", "coordinates": [114.33964, -1.19698]}, "properties": {"species": "pongo_pygmaeus", "date_acq": "2026-08-14T1743", "confidence": "n", "brightness": "330.63", "frp": "5.12", "daynight": "N"}}, {"type": "Feature", "geometry": {"type": "Point", "coordinates": [111.5595, -0.51084]}, "properties": {"species": "pongo_pygmaeus", "date_acq": "2026-08-14T1743", "confidence": "n", "brightness": "304.36", "frp": "1.4", "daynight": "N"}}, {"type": "Feature", "geometry": {"type": "Point", "coordinates": [112.87682, -3.11183]}, "properties": {"species": "pongo_pygmaeus", "date_acq": "2026-08-15T622", "confidence": "l", "brightness": "330.11", "frp": "9.21", "daynight": "D"}}, {"type": "Feature", "geometry": {"type": "Point", "coordinates": [112.85386, -3.01504]}, "properties": {"species": "pongo_pygmaeus", "date_acq": "2026-08-15T622", "confidence": "n", "brightness": "342.18", "frp": "14.82", "daynight": "D"}}, {"type": "Feature", "geometry": {"type": "Point", "coordinates": [112.85854, -3.01429]}, "properties": {"species": "pongo_pygmaeus", "date_acq": "2026-08-15T622", "confidence": "n", "brightness": "330.54", "frp": "14.82", "daynight": "D"}}, {"type": "Feature", "geometry": {"type": "Point", "coordinates": [112.85326, -3.01121]}, "properties": {"species": "pongo_pygmaeus", "date_acq": "2026-08-15T622", "confidence": "n", "brightness": "352.48", "frp": "14.82", "daynight": "D"}}, {"type": "Feature", "geometry": {"type": "Point", "coordinates": [112.85796, -3.01046]}, "properties": {"species": "pongo_pygmaeus", "date_acq": "2026-08-15T622", "confidence": "n", "brightness": "335.38", "frp": "14.82", "daynight": "D"}}, {"type": "Feature", "geometry": {"type": "Point", "coordinates": [112.85425, -3.00923]}, "properties": {"species": "pongo_pygmaeus", "date_acq": "2026-08-15T622", "confidence": "n", "brightness": "355.35", "frp": "16.4", "daynight": "D"}}, {"type": "Feature", "geometry": {"type": "Point", "coordinates": [112.84899, -3.00611]}, "properties": {"species": "pongo_pygmaeus", "date_acq": "2026-08-15T622", "confidence": "n", "brightness": "334.17", "frp": "6.18", "daynight": "D"}}, {"type": "Feature", "geometry": {"type": "Point", "coordinates": [112.86717, -2.99939]}, "properties": {"species": "pongo_pygmaeus", "date_acq": "2026-08-15T622", "confidence": "n", "brightness": "334.32", "frp": "4.43", "daynight": "D"}}, {"type": "Feature", "geometry": {"type": "Point", "coordinates": [112.8478, -2.99845]}, "properties": {"species": "pongo_pygmaeus", "date_acq": "2026-08-15T622", "confidence": "n", "brightness": "337.01", "frp": "6.28", "daynight": "D"}}, {"type": "Feature", "geometry": {"type": "Point", "coordinates": [112.86558, -2.99744]}, "properties": {"species": "pongo_pygmaeus", "date_acq": "2026-08-15T622", "confidence": "n", "brightness": "330.8", "frp": "3.53", "daynight": "D"}}, {"type": "Feature", "geometry": {"type": "Point", "coordinates": [112.8701, -2.98715]}, "properties": {"species": "pongo_pygmaeus", "date_acq": "2026-08-15T622", "confidence": "n", "brightness": "339.13", "frp": "7.62", "daynight": "D"}}, {"type": "Feature", "geometry": {"type": "Point", "coordinates": [111.25492, -2.02993]}, "properties": {"species": "pongo_pygmaeus", "date_acq": "2026-08-15T622", "confidence": "n", "brightness": "331.12", "frp": "1.02", "daynight": "D"}}, {"type": "Feature", "geometry": {"type": "Point", "coordinates": [113.31657, -1.73153]}, "properties": {"species": "pongo_pygmaeus", "date_acq": "2026-08-15T622", "confidence": "n", "brightness": "330.4", "frp": "3.79", "daynight": "D"}}, {"type": "Feature", "geometry": {"type": "Point", "coordinates": [113.32001, -1.731]}, "properties": {"species": "pongo_pygmaeus", "date_acq": "2026-08-15T622", "confidence": "n", "brightness": "331.75", "frp": "4.24", "daynight": "D"}}, {"type": "Feature", "geometry": {"type": "Point", "coordinates": [116.06493, -1.57934]}, "properties": {"species": "pongo_pygmaeus", "date_acq": "2026-08-15T622", "confidence": "n", "brightness": "332.35", "frp": "4.97", "daynight": "D"}}, {"type": "Feature", "geometry": {"type": "Point", "coordinates": [111.79909, 0.68324]}, "properties": {"species": "pongo_pygmaeus", "date_acq": "2026-08-15T622", "confidence": "n", "brightness": "340.47", "frp": "5.83", "daynight": "D"}}, {"type": "Feature", "geometry": {"type": "Point", "coordinates": [111.79854, 0.68703]}, "properties": {"species": "pongo_pygmaeus", "date_acq": "2026-08-15T622", "confidence": "n", "brightness": "341.43", "frp": "5.83", "daynight": "D"}}, {"type": "Feature", "geometry": {"type": "Point", "coordinates": [111.79799, 0.69081]}, "properties": {"species": "pongo_pygmaeus", "date_acq": "2026-08-15T622", "confidence": "n", "brightness": "340.42", "frp": "128.44", "daynight": "D"}}, {"type": "Feature", "geometry": {"type": "Point", "coordinates": [112.38208, 0.88072]}, "properties": {"species": "pongo_pygmaeus", "date_acq": "2026-08-15T622", "confidence": "n", "brightness": "335.3", "frp": "5.18", "daynight": "D"}}, {"type": "Feature", "geometry": {"type": "Point", "coordinates": [117.20564, 1.32056]}, "properties": {"species": "pongo_pygmaeus", "date_acq": "2026-08-15T622", "confidence": "n", "brightness": "339.4", "frp": "3.37", "daynight": "D"}}, {"type": "Feature", "geometry": {"type": "Point", "coordinates": [117.2261, 1.32359]}, "properties": {"species": "pongo_pygmaeus", "date_acq": "2026-08-15T622", "confidence": "n", "brightness": "333.86", "frp": "3.21", "daynight": "D"}}, {"type": "Feature", "geometry": {"type": "Point", "coordinates": [117.20835, 1.32658]}, "properties": {"species": "pongo_pygmaeus", "date_acq": "2026-08-15T622", "confidence": "n", "brightness": "337.62", "frp": "3.37", "daynight": "D"}}, {"type": "Feature", "geometry": {"type": "Point", "coordinates": [117.23473, 1.36989]}, "properties": {"species": "pongo_pygmaeus", "date_acq": "2026-08-15T622", "confidence": "n", "brightness": "353.94", "frp": "8.88", "daynight": "D"}}, {"type": "Feature", "geometry": {"type": "Point", "coordinates": [117.23823, 1.37042]}, "properties": {"species": "pongo_pygmaeus", "date_acq": "2026-08-15T622", "confidence": "h", "brightness": "367", "frp": "8.88", "daynight": "D"}}, {"type": "Feature", "geometry": {"type": "Point", "coordinates": [117.23397, 1.3754]}, "properties": {"species": "pongo_pygmaeus", "date_acq": "2026-08-15T622", "confidence": "n", "brightness": "336.94", "frp": "8.88", "daynight": "D"}}, {"type": "Feature", "geometry": {"type": "Point", "coordinates": [117.23748, 1.37593]}, "properties": {"species": "pongo_pygmaeus", "date_acq": "2026-08-15T622", "confidence": "n", "brightness": "330.94", "frp": "8.88", "daynight": "D"}}, {"type": "Feature", "geometry": {"type": "Point", "coordinates": [117.24647, 1.48422]}, "properties": {"species": "pongo_pygmaeus", "date_acq": "2026-08-15T622", "confidence": "n", "brightness": "332.73", "frp": "3.71", "daynight": "D"}}, {"type": "Feature", "geometry": {"type": "Point", "coordinates": [117.0292, 1.62465]}, "properties": {"species": "pongo_pygmaeus", "date_acq": "2026-08-15T622", "confidence": "n", "brightness": "328.82", "frp": "4.23", "daynight": "D"}}, {"type": "Feature", "geometry": {"type": "Point", "coordinates": [117.03094, 1.62592]}, "properties": {"species": "pongo_pygmaeus", "date_acq": "2026-08-15T622", "confidence": "n", "brightness": "330.21", "frp": "3.19", "daynight": "D"}}, {"type": "Feature", "geometry": {"type": "Point", "coordinates": [110.22643, -2.03833]}, "properties": {"species": "pongo_pygmaeus", "date_acq": "2026-08-15T625", "confidence": "n", "brightness": "344.44", "frp": "5.94", "daynight": "D"}}, {"type": "Feature", "geometry": {"type": "Point", "coordinates": [110.22907, -2.03092]}, "properties": {"species": "pongo_pygmaeus", "date_acq": "2026-08-15T625", "confidence": "n", "brightness": "337.86", "frp": "13.15", "daynight": "D"}}, {"type": "Feature", "geometry": {"type": "Point", "coordinates": [110.23273, -2.03035]}, "properties": {"species": "pongo_pygmaeus", "date_acq": "2026-08-15T625", "confidence": "n", "brightness": "356.64", "frp": "13.15", "daynight": "D"}}, {"type": "Feature", "geometry": {"type": "Point", "coordinates": [110.23222, -2.02693]}, "properties": {"species": "pongo_pygmaeus", "date_acq": "2026-08-15T625", "confidence": "n", "brightness": "347.45", "frp": "13.15", "daynight": "D"}}, {"type": "Feature", "geometry": {"type": "Point", "coordinates": [110.57975, -1.99061]}, "properties": {"species": "pongo_pygmaeus", "date_acq": "2026-08-15T625", "confidence": "n", "brightness": "333.6", "frp": "10.82", "daynight": "D"}}, {"type": "Feature", "geometry": {"type": "Point", "coordinates": [111.10436, -1.94533]}, "properties": {"species": "pongo_pygmaeus", "date_acq": "2026-08-15T625", "confidence": "n", "brightness": "330.91", "frp": "4.62", "daynight": "D"}}, {"type": "Feature", "geometry": {"type": "Point", "coordinates": [111.10383, -1.94179]}, "properties": {"species": "pongo_pygmaeus", "date_acq": "2026-08-15T625", "confidence": "n", "brightness": "341.85", "frp": "4.62", "daynight": "D"}}, {"type": "Feature", "geometry": {"type": "Point", "coordinates": [111.10777, -1.94118]}, "properties": {"species": "pongo_pygmaeus", "date_acq": "2026-08-15T625", "confidence": "n", "brightness": "346.67", "frp": "22.32", "daynight": "D"}}, {"type": "Feature", "geometry": {"type": "Point", "coordinates": [111.10329, -1.93825]}, "properties": {"species": "pongo_pygmaeus", "date_acq": "2026-08-15T625", "confidence": "n", "brightness": "336.92", "frp": "4", "daynight": "D"}}, {"type": "Feature", "geometry": {"type": "Point", "coordinates": [111.10723, -1.93765]}, "properties": {"species": "pongo_pygmaeus", "date_acq": "2026-08-15T625", "confidence": "n", "brightness": "331.73", "frp": "4.66", "daynight": "D"}}, {"type": "Feature", "geometry": {"type": "Point", "coordinates": [110.16684, -1.87325]}, "properties": {"species": "pongo_pygmaeus", "date_acq": "2026-08-15T625", "confidence": "n", "brightness": "330.81", "frp": "5.2", "daynight": "D"}}, {"type": "Feature", "geometry": {"type": "Point", "coordinates": [111.27222, -1.87202]}, "properties": {"species": "pongo_pygmaeus", "date_acq": "2026-08-15T625", "confidence": "n", "brightness": "335.66", "frp": "5.39", "daynight": "D"}}, {"type": "Feature", "geometry": {"type": "Point", "coordinates": [110.16632, -1.86984]}, "properties": {"species": "pongo_pygmaeus", "date_acq": "2026-08-15T625", "confidence": "n", "brightness": "344.13", "frp": "5.2", "daynight": "D"}}, {"type": "Feature", "geometry": {"type": "Point", "coordinates": [110.27383, -1.86035]}, "properties": {"species": "pongo_pygmaeus", "date_acq": "2026-08-15T625", "confidence": "n", "brightness": "342.25", "frp": "4.96", "daynight": "D"}}, {"type": "Feature", "geometry": {"type": "Point", "coordinates": [110.27332, -1.85692]}, "properties": {"species": "pongo_pygmaeus", "date_acq": "2026-08-15T625", "confidence": "n", "brightness": "336.25", "frp": "6.36", "daynight": "D"}}, {"type": "Feature", "geometry": {"type": "Point", "coordinates": [111.34106, -1.83363]}, "properties": {"species": "pongo_pygmaeus", "date_acq": "2026-08-15T625", "confidence": "n", "brightness": "335.54", "frp": "7.55", "daynight": "D"}}, {"type": "Feature", "geometry": {"type": "Point", "coordinates": [111.34039, -1.83203]}, "properties": {"species": "pongo_pygmaeus", "date_acq": "2026-08-15T625", "confidence": "n", "brightness": "340.19", "frp": "7.73", "daynight": "D"}}, {"type": "Feature", "geometry": {"type": "Point", "coordinates": [110.06705, -1.75925]}, "properties": {"species": "pongo_pygmaeus", "date_acq": "2026-08-15T625", "confidence": "n", "brightness": "344.81", "frp": "8.02", "daynight": "D"}}, {"type": "Feature", "geometry": {"type": "Point", "coordinates": [110.18656, -1.75835]}, "properties": {"species": "pongo_pygmaeus", "date_acq": "2026-08-15T625", "confidence": "n", "brightness": "346.81", "frp": "8.45", "daynight": "D"}}, {"type": "Feature", "geometry": {"type": "Point", "coordinates": [110.0816, -1.75701]}, "properties": {"species": "pongo_pygmaeus", "date_acq": "2026-08-15T625", "confidence": "n", "brightness": "339.09", "frp": "4.55", "daynight": "D"}}, {"type": "Feature", "geometry": {"type": "Point", "coordinates": [110.05927, -1.75696]}, "properties": {"species": "pongo_pygmaeus", "date_acq": "2026-08-15T625", "confidence": "n", "brightness": "337.58", "frp": "6.18", "daynight": "D"}}, {"type": "Feature", "geometry": {"type": "Point", "coordinates": [110.22749, -1.75558]}, "properties": {"species": "pongo_pygmaeus", "date_acq": "2026-08-15T625", "confidence": "n", "brightness": "333.27", "frp": "2.64", "daynight": "D"}}, {"type": "Feature", "geometry": {"type": "Point", "coordinates": [110.08109, -1.7536]}, "properties": {"species": "pongo_pygmaeus", "date_acq": "2026-08-15T625", "confidence": "n", "brightness": "344.66", "frp": "4.55", "daynight": "D"}}, {"type": "Feature", "geometry": {"type": "Point", "coordinates": [110.0733, -1.75131]}, "properties": {"species": "pongo_pygmaeus", "date_acq": "2026-08-15T625", "confidence": "n", "brightness": "339.79", "frp": "8.09", "daynight": "D"}}, {"type": "Feature", "geometry": {"type": "Point", "coordinates": [110.18919, -1.75095]}, "properties": {"species": "pongo_pygmaeus", "date_acq": "2026-08-15T625", "confidence": "n", "brightness": "343.52", "frp": "5.9", "daynight": "D"}}, {"type": "Feature", "geometry": {"type": "Point", "coordinates": [110.18867, -1.74752]}, "properties": {"species": "pongo_pygmaeus", "date_acq": "2026-08-15T625", "confidence": "n", "brightness": "356.35", "frp": "13.8", "daynight": "D"}}, {"type": "Feature", "geometry": {"type": "Point", "coordinates": [110.19234, -1.74696]}, "properties": {"species": "pongo_pygmaeus", "date_acq": "2026-08-15T625", "confidence": "n", "brightness": "339.75", "frp": "7.71", "daynight": "D"}}, {"type": "Feature", "geometry": {"type": "Point", "coordinates": [110.24696, -1.73505]}, "properties": {"species": "pongo_pygmaeus", "date_acq": "2026-08-15T625", "confidence": "n", "brightness": "349.03", "frp": "19.7", "daynight": "D"}}, {"type": "Feature", "geometry": {"type": "Point", "coordinates": [110.25064, -1.73448]}, "properties": {"species": "pongo_pygmaeus", "date_acq": "2026-08-15T625", "confidence": "h", "brightness": "367", "frp": "28.15", "daynight": "D"}}, {"type": "Feature", "geometry": {"type": "Point", "coordinates": [110.24644, -1.73162]}, "properties": {"species": "pongo_pygmaeus", "date_acq": "2026-08-15T625", "confidence": "n", "brightness": "335.64", "frp": "7.8", "daynight": "D"}}, {"type": "Feature", "geometry": {"type": "Point", "coordinates": [110.25013, -1.73105]}, "properties": {"species": "pongo_pygmaeus", "date_acq": "2026-08-15T625", "confidence": "n", "brightness": "350.92", "frp": "5.29", "daynight": "D"}}, {"type": "Feature", "geometry": {"type": "Point", "coordinates": [110.25381, -1.73048]}, "properties": {"species": "pongo_pygmaeus", "date_acq": "2026-08-15T625", "confidence": "n", "brightness": "333.97", "frp": "5.29", "daynight": "D"}}, {"type": "Feature", "geometry": {"type": "Point", "coordinates": [110.24961, -1.72762]}, "properties": {"species": "pongo_pygmaeus", "date_acq": "2026-08-15T625", "confidence": "n", "brightness": "345.09", "frp": "5.29", "daynight": "D"}}, {"type": "Feature", "geometry": {"type": "Point", "coordinates": [110.25329, -1.72706]}, "properties": {"species": "pongo_pygmaeus", "date_acq": "2026-08-15T625", "confidence": "l", "brightness": "330.63", "frp": "5.29", "daynight": "D"}}, {"type": "Feature", "geometry": {"type": "Point", "coordinates": [110.15781, -1.71729]}, "properties": {"species": "pongo_pygmaeus", "date_acq": "2026-08-15T625", "confidence": "n", "brightness": "337.13", "frp": "3.21", "daynight": "D"}}, {"type": "Feature", "geometry": {"type": "Point", "coordinates": [110.07018, -1.70671]}, "properties": {"species": "pongo_pygmaeus", "date_acq": "2026-08-15T625", "confidence": "n", "brightness": "330.89", "frp": "1.1", "daynight": "D"}}, {"type": "Feature", "geometry": {"type": "Point", "coordinates": [110.27282, -1.70648]}, "properties": {"species": "pongo_pygmaeus", "date_acq": "2026-08-15T625", "confidence": "n", "brightness": "335.82", "frp": "3.45", "daynight": "D"}}, {"type": "Feature", "geometry": {"type": "Point", "coordinates": [110.2765, -1.70591]}, "properties": {"species": "pongo_pygmaeus", "date_acq": "2026-08-15T625", "confidence": "n", "brightness": "352.96", "frp": "6.65", "daynight": "D"}}, {"type": "Feature", "geometry": {"type": "Point", "coordinates": [110.2802, -1.70534]}, "properties": {"species": "pongo_pygmaeus", "date_acq": "2026-08-15T625", "confidence": "n", "brightness": "337.77", "frp": "6.65", "daynight": "D"}}, {"type": "Feature", "geometry": {"type": "Point", "coordinates": [111.03025, -1.69724]}, "properties": {"species": "pongo_pygmaeus", "date_acq": "2026-08-15T625", "confidence": "n", "brightness": "335.1", "frp": "3.56", "daynight": "D"}}, {"type": "Feature", "geometry": {"type": "Point", "coordinates": [113.33501, -1.66691]}, "properties": {"species": "pongo_pygmaeus", "date_acq": "2026-08-15T625", "confidence": "n", "brightness": "336.98", "frp": "2.06", "daynight": "D"}}, {"type": "Feature", "geometry": {"type": "Point", "coordinates": [113.33946, -1.64971]}, "properties": {"species": "pongo_pygmaeus", "date_acq": "2026-08-15T625", "confidence": "n", "brightness": "333.9", "frp": "1.59", "daynight": "D"}}, {"type": "Feature", "geometry": {"type": "Point", "coordinates": [110.65932, -1.62516]}, "properties": {"species": "pongo_pygmaeus", "date_acq": "2026-08-15T625", "confidence": "n", "brightness": "334.69", "frp": "4.75", "daynight": "D"}}, {"type": "Feature", "geometry": {"type": "Point", "coordinates": [110.76185, -1.60556]}, "properties": {"species": "pongo_pygmaeus", "date_acq": "2026-08-15T625", "confidence": "n", "brightness": "339.82", "frp": "5.74", "daynight": "D"}}, {"type": "Feature", "geometry": {"type": "Point", "coordinates": [110.82062, -1.57463]}, "properties": {"species": "pongo_pygmaeus", "date_acq": "2026-08-15T625", "confidence": "n", "brightness": "346.17", "frp": "11.04", "daynight": "D"}}, {"type": "Feature", "geometry": {"type": "Point", "coordinates": [110.79475, -1.56065]}, "properties": {"species": "pongo_pygmaeus", "date_acq": "2026-08-15T625", "confidence": "n", "brightness": "336.85", "frp": "7.33", "daynight": "D"}}, {"type": "Feature", "geometry": {"type": "Point", "coordinates": [110.81845, -1.5606]}, "properties": {"species": "pongo_pygmaeus", "date_acq": "2026-08-15T625", "confidence": "n", "brightness": "336.8", "frp": "7.42", "daynight": "D"}}, {"type": "Feature", "geometry": {"type": "Point", "coordinates": [110.8223, -1.56001]}, "properties": {"species": "pongo_pygmaeus", "date_acq": "2026-08-15T625", "confidence": "n", "brightness": "344.36", "frp": "7.42", "daynight": "D"}}, {"type": "Feature", "geometry": {"type": "Point", "coordinates": [110.8217, -1.55652]}, "properties": {"species": "pongo_pygmaeus", "date_acq": "2026-08-15T625", "confidence": "n", "brightness": "335.94", "frp": "6.09", "daynight": "D"}}, {"type": "Feature", "geometry": {"type": "Point", "coordinates": [110.11369, -1.38244]}, "properties": {"species": "pongo_pygmaeus", "date_acq": "2026-08-15T625", "confidence": "n", "brightness": "341.96", "frp": "14.79", "daynight": "D"}}, {"type": "Feature", "geometry": {"type": "Point", "coordinates": [110.66547, -1.38224]}, "properties": {"species": "pongo_pygmaeus", "date_acq": "2026-08-15T625", "confidence": "n", "brightness": "339.05", "frp": "3.75", "daynight": "D"}}, {"type": "Feature", "geometry": {"type": "Point", "coordinates": [110.11736, -1.38187]}, "properties": {"species": "pongo_pygmaeus", "date_acq": "2026-08-15T625", "confidence": "n", "brightness": "339.44", "frp": "14.79", "daynight": "D"}}, {"type": "Feature", "geometry": {"type": "Point", "coordinates": [110.11684, -1.37845]}, "properties": {"species": "pongo_pygmaeus", "date_acq": "2026-08-15T625", "confidence": "n", "brightness": "340.33", "frp": "5.44", "daynight": "D"}}, {"type": "Feature", "geometry": {"type": "Point", "coordinates": [110.11592, -1.37531]}, "properties": {"species": "pongo_pygmaeus", "date_acq": "2026-08-15T625", "confidence": "n", "brightness": "334", "frp": "4.67", "daynight": "D"}}, {"type": "Feature", "geometry": {"type": "Point", "coordinates": [110.11633, -1.37503]}, "properties": {"species": "pongo_pygmaeus", "date_acq": "2026-08-15T625", "confidence": "n", "brightness": "336.51", "frp": "5.44", "daynight": "D"}}, {"type": "Feature", "geometry": {"type": "Point", "coordinates": [110.1196, -1.37475]}, "properties": {"species": "pongo_pygmaeus", "date_acq": "2026-08-15T625", "confidence": "n", "brightness": "334.13", "frp": "4.53", "daynight": "D"}}, {"type": "Feature", "geometry": {"type": "Point", "coordinates": [110.12, -1.37446]}, "properties": {"species": "pongo_pygmaeus", "date_acq": "2026-08-15T625", "confidence": "n", "brightness": "331.4", "frp": "4.01", "daynight": "D"}}, {"type": "Feature", "geometry": {"type": "Point", "coordinates": [110.1154, -1.37189]}, "properties": {"species": "pongo_pygmaeus", "date_acq": "2026-08-15T625", "confidence": "n", "brightness": "335.76", "frp": "4.67", "daynight": "D"}}, {"type": "Feature", "geometry": {"type": "Point", "coordinates": [111.67789, -1.36496]}, "properties": {"species": "pongo_pygmaeus", "date_acq": "2026-08-15T625", "confidence": "n", "brightness": "338.9", "frp": "5.83", "daynight": "D"}}, {"type": "Feature", "geometry": {"type": "Point", "coordinates": [113.99134, -1.31349]}, "properties": {"species": "pongo_pygmaeus", "date_acq": "2026-08-15T625", "confidence": "n", "brightness": "346.3", "frp": "6.31", "daynight": "D"}}, {"type": "Feature", "geometry": {"type": "Point", "coordinates": [113.99167, -1.31279]}, "properties": {"species": "pongo_pygmaeus", "date_acq": "2026-08-15T625", "confidence": "n", "brightness": "351.13", "frp": "19.7", "daynight": "D"}}, {"type": "Feature", "geometry": {"type": "Point", "coordinates": [113.9907, -1.30927]}, "properties": {"species": "pongo_pygmaeus", "date_acq": "2026-08-15T625", "confidence": "n", "brightness": "352.76", "frp": "23.86", "daynight": "D"}}, {"type": "Feature", "geometry": {"type": "Point", "coordinates": [113.99103, -1.30857]}, "properties": {"species": "pongo_pygmaeus", "date_acq": "2026-08-15T625", "confidence": "n", "brightness": "354.61", "frp": "19.7", "daynight": "D"}}, {"type": "Feature", "geometry": {"type": "Point", "coordinates": [110.77423, -1.29383]}, "properties": {"species": "pongo_pygmaeus", "date_acq": "2026-08-15T625", "confidence": "n", "brightness": "335.52", "frp": "3.61", "daynight": "D"}}, {"type": "Feature", "geometry": {"type": "Point", "coordinates": [113.98807, -1.29237]}, "properties": {"species": "pongo_pygmaeus", "date_acq": "2026-08-15T625", "confidence": "n", "brightness": "343.2", "frp": "8.08", "daynight": "D"}}, {"type": "Feature", "geometry": {"type": "Point", "coordinates": [110.77371, -1.29032]}, "properties": {"species": "pongo_pygmaeus", "date_acq": "2026-08-15T625", "confidence": "n", "brightness": "334.47", "frp": "4.52", "daynight": "D"}}, {"type": "Feature", "geometry": {"type": "Point", "coordinates": [110.05796, -1.2897]}, "properties": {"species": "pongo_pygmaeus", "date_acq": "2026-08-15T625", "confidence": "n", "brightness": "338.14", "frp": "2.93", "daynight": "D"}}, {"type": "Feature", "geometry": {"type": "Point", "coordinates": [110.9234, -1.27782]}, "properties": {"species": "pongo_pygmaeus", "date_acq": "2026-08-15T625", "confidence": "n", "brightness": "338.64", "frp": "4.19", "daynight": "D"}}, {"type": "Feature", "geometry": {"type": "Point", "coordinates": [113.97832, -1.22899]}, "properties": {"species": "pongo_pygmaeus", "date_acq": "2026-08-15T625", "confidence": "n", "brightness": "342.23", "frp": "9.39", "daynight": "D"}}, {"type": "Feature", "geometry": {"type": "Point", "coordinates": [110.7254, -1.20744]}, "properties": {"species": "pongo_pygmaeus", "date_acq": "2026-08-15T625", "confidence": "n", "brightness": "331.35", "frp": "4.85", "daynight": "D"}}, {"type": "Feature", "geometry": {"type": "Point", "coordinates": [113.64111, -1.19988]}, "properties": {"species": "pongo_pygmaeus", "date_acq": "2026-08-15T625", "confidence": "n", "brightness": "337.77", "frp": "3.57", "daynight": "D"}}, {"type": "Feature", "geometry": {"type": "Point", "coordinates": [113.63543, -1.18807]}, "properties": {"species": "pongo_pygmaeus", "date_acq": "2026-08-15T625", "confidence": "n", "brightness": "340.73", "frp": "7.88", "daynight": "D"}}, {"type": "Feature", "geometry": {"type": "Point", "coordinates": [113.64216, -1.18278]}, "properties": {"species": "pongo_pygmaeus", "date_acq": "2026-08-15T625", "confidence": "n", "brightness": "335.92", "frp": "4.95", "daynight": "D"}}, {"type": "Feature", "geometry": {"type": "Point", "coordinates": [111.3857, -1.17988]}, "properties": {"species": "pongo_pygmaeus", "date_acq": "2026-08-15T625", "confidence": "n", "brightness": "334.45", "frp": "7.22", "daynight": "D"}}, {"type": "Feature", "geometry": {"type": "Point", "coordinates": [112.01722, -1.06391]}, "properties": {"species": "pongo_pygmaeus", "date_acq": "2026-08-15T625", "confidence": "n", "brightness": "330.83", "frp": "8.72", "daynight": "D"}}, {"type": "Feature", "geometry": {"type": "Point", "coordinates": [110.71441, -0.94979]}, "properties": {"species": "pongo_pygmaeus", "date_acq": "2026-08-15T625", "confidence": "n", "brightness": "347.43", "frp": "5.97", "daynight": "D"}}, {"type": "Feature", "geometry": {"type": "Point", "coordinates": [110.72375, -0.88004]}, "properties": {"species": "pongo_pygmaeus", "date_acq": "2026-08-15T625", "confidence": "n", "brightness": "336.18", "frp": "7.28", "daynight": "D"}}, {"type": "Feature", "geometry": {"type": "Point", "coordinates": [111.39724, -0.8499]}, "properties": {"species": "pongo_pygmaeus", "date_acq": "2026-08-15T625", "confidence": "n", "brightness": "346.93", "frp": "7.07", "daynight": "D"}}, {"type": "Feature", "geometry": {"type": "Point", "coordinates": [111.39762, -0.84971]}, "properties": {"species": "pongo_pygmaeus", "date_acq": "2026-08-15T625", "confidence": "n", "brightness": "346.06", "frp": "6.86", "daynight": "D"}}, {"type": "Feature", "geometry": {"type": "Point", "coordinates": [113.99236, -0.8479]}, "properties": {"species": "pongo_pygmaeus", "date_acq": "2026-08-15T625", "confidence": "n", "brightness": "338.07", "frp": "4.15", "daynight": "D"}}, {"type": "Feature", "geometry": {"type": "Point", "coordinates": [111.39706, -0.84608]}, "properties": {"species": "pongo_pygmaeus", "date_acq": "2026-08-15T625", "confidence": "n", "brightness": "338.02", "frp": "6.86", "daynight": "D"}}, {"type": "Feature", "geometry": {"type": "Point", "coordinates": [113.99167, -0.84365]}, "properties": {"species": "pongo_pygmaeus", "date_acq": "2026-08-15T625", "confidence": "n", "brightness": "339.12", "frp": "7.89", "daynight": "D"}}, {"type": "Feature", "geometry": {"type": "Point", "coordinates": [111.81036, -0.78474]}, "properties": {"species": "pongo_pygmaeus", "date_acq": "2026-08-15T625", "confidence": "n", "brightness": "342.85", "frp": "20.36", "daynight": "D"}}, {"type": "Feature", "geometry": {"type": "Point", "coordinates": [111.40858, -0.78112]}, "properties": {"species": "pongo_pygmaeus", "date_acq": "2026-08-15T625", "confidence": "n", "brightness": "333.3", "frp": "14.24", "daynight": "D"}}, {"type": "Feature", "geometry": {"type": "Point", "coordinates": [111.40797, -0.7775]}, "properties": {"species": "pongo_pygmaeus", "date_acq": "2026-08-15T625", "confidence": "n", "brightness": "333.47", "frp": "14.24", "daynight": "D"}}, {"type": "Feature", "geometry": {"type": "Point", "coordinates": [110.92905, -0.74713]}, "properties": {"species": "pongo_pygmaeus", "date_acq": "2026-08-15T625", "confidence": "n", "brightness": "340.39", "frp": "72.14", "daynight": "D"}}, {"type": "Feature", "geometry": {"type": "Point", "coordinates": [110.78025, -0.69837]}, "properties": {"species": "pongo_pygmaeus", "date_acq": "2026-08-15T625", "confidence": "n", "brightness": "341.5", "frp": "19.34", "daynight": "D"}}, {"type": "Feature", "geometry": {"type": "Point", "coordinates": [110.0802, -0.6972]}, "properties": {"species": "pongo_pygmaeus", "date_acq": "2026-08-15T625", "confidence": "n", "brightness": "346.4", "frp": "11.72", "daynight": "D"}}, {"type": "Feature", "geometry": {"type": "Point", "coordinates": [110.08389, -0.69664]}, "properties": {"species": "pongo_pygmaeus", "date_acq": "2026-08-15T625", "confidence": "n", "brightness": "330.4", "frp": "5.77", "daynight": "D"}}, {"type": "Feature", "geometry": {"type": "Point", "coordinates": [113.79987, -0.50262]}, "properties": {"species": "pongo_pygmaeus", "date_acq": "2026-08-15T625", "confidence": "n", "brightness": "342", "frp": "6.65", "daynight": "D"}}, {"type": "Feature", "geometry": {"type": "Point", "coordinates": [111.3867, -0.48629]}, "properties": {"species": "pongo_pygmaeus", "date_acq": "2026-08-15T625", "confidence": "n", "brightness": "335.39", "frp": "9.3", "daynight": "D"}}, {"type": "Feature", "geometry": {"type": "Point", "coordinates": [113.03297, -0.29993]}, "properties": {"species": "pongo_pygmaeus", "date_acq": "2026-08-15T625", "confidence": "n", "brightness": "340.41", "frp": "5.42", "daynight": "D"}}, {"type": "Feature", "geometry": {"type": "Point", "coordinates": [113.0364, -0.2994]}, "properties": {"species": "pongo_pygmaeus", "date_acq": "2026-08-15T625", "confidence": "n", "brightness": "329.71", "frp": "5.42", "daynight": "D"}}, {"type": "Feature", "geometry": {"type": "Point", "coordinates": [112.89008, -0.03958]}, "properties": {"species": "pongo_pygmaeus", "date_acq": "2026-08-15T625", "confidence": "n", "brightness": "337.82", "frp": "10.75", "daynight": "D"}}, {"type": "Feature", "geometry": {"type": "Point", "coordinates": [117.19594, 0.51007]}, "properties": {"species": "pongo_pygmaeus", "date_acq": "2026-08-15T625", "confidence": "h", "brightness": "367", "frp": "10.03", "daynight": "D"}}, {"type": "Feature", "geometry": {"type": "Point", "coordinates": [117.19934, 0.51059]}, "properties": {"species": "pongo_pygmaeus", "date_acq": "2026-08-15T625", "confidence": "n", "brightness": "336.51", "frp": "12.81", "daynight": "D"}}, {"type": "Feature", "geometry": {"type": "Point", "coordinates": [117.16191, 0.52697]}, "properties": {"species": "pongo_pygmaeus", "date_acq": "2026-08-15T625", "confidence": "n", "brightness": "331.52", "frp": "2.5", "daynight": "D"}}, {"type": "Feature", "geometry": {"type": "Point", "coordinates": [117.1006, 1.05741]}, "properties": {"species": "pongo_pygmaeus", "date_acq": "2026-08-15T625", "confidence": "n", "brightness": "330.45", "frp": "1.32", "daynight": "D"}}, {"type": "Feature", "geometry": {"type": "Point", "coordinates": [117.20586, 1.32084]}, "properties": {"species": "pongo_pygmaeus", "date_acq": "2026-08-15T625", "confidence": "n", "brightness": "338.81", "frp": "4.11", "daynight": "D"}}, {"type": "Feature", "geometry": {"type": "Point", "coordinates": [117.22626, 1.32402]}, "properties": {"species": "pongo_pygmaeus", "date_acq": "2026-08-15T625", "confidence": "n", "brightness": "333.63", "frp": "2.6", "daynight": "D"}}, {"type": "Feature", "geometry": {"type": "Point", "coordinates": [117.20857, 1.32689]}, "properties": {"species": "pongo_pygmaeus", "date_acq": "2026-08-15T625", "confidence": "n", "brightness": "335.78", "frp": "1.43", "daynight": "D"}}, {"type": "Feature", "geometry": {"type": "Point", "coordinates": [116.4173, 5.36226]}, "properties": {"species": "pongo_pygmaeus", "date_acq": "2026-08-15T625", "confidence": "n", "brightness": "326.64", "frp": "3.38", "daynight": "D"}}, {"type": "Feature", "geometry": {"type": "Point", "coordinates": [112.88215, -3.11053]}, "properties": {"species": "pongo_pygmaeus", "date_acq": "2026-08-15T1724", "confidence": "n", "brightness": "305.65", "frp": "0.61", "daynight": "N"}}, {"type": "Feature", "geometry": {"type": "Point", "coordinates": [112.883, -3.11004]}, "properties": {"species": "pongo_pygmaeus", "date_acq": "2026-08-15T1724", "confidence": "n", "brightness": "306.67", "frp": "1.04", "daynight": "N"}}, {"type": "Feature", "geometry": {"type": "Point", "coordinates": [112.86071, -3.01667]}, "properties": {"species": "pongo_pygmaeus", "date_acq": "2026-08-15T1724", "confidence": "n", "brightness": "307.14", "frp": "1.01", "daynight": "N"}}, {"type": "Feature", "geometry": {"type": "Point", "coordinates": [112.8614, -3.01634]}, "properties": {"species": "pongo_pygmaeus", "date_acq": "2026-08-15T1724", "confidence": "n", "brightness": "308.63", "frp": "1.07", "daynight": "N"}}, {"type": "Feature", "geometry": {"type": "Point", "coordinates": [112.85081, -3.00937]}, "properties": {"species": "pongo_pygmaeus", "date_acq": "2026-08-15T1724", "confidence": "n", "brightness": "312.52", "frp": "1.53", "daynight": "N"}}, {"type": "Feature", "geometry": {"type": "Point", "coordinates": [112.85154, -3.00896]}, "properties": {"species": "pongo_pygmaeus", "date_acq": "2026-08-15T1724", "confidence": "n", "brightness": "311.56", "frp": "1.45", "daynight": "N"}}, {"type": "Feature", "geometry": {"type": "Point", "coordinates": [112.86903, -2.98967]}, "properties": {"species": "pongo_pygmaeus", "date_acq": "2026-08-15T1724", "confidence": "n", "brightness": "306.32", "frp": "1.43", "daynight": "N"}}, {"type": "Feature", "geometry": {"type": "Point", "coordinates": [112.78111, -2.66932]}, "properties": {"species": "pongo_pygmaeus", "date_acq": "2026-08-15T1724", "confidence": "h", "brightness": "367", "frp": "24.58", "daynight": "N"}}, {"type": "Feature", "geometry": {"type": "Point", "coordinates": [112.78402, -2.66621]}, "properties": {"species": "pongo_pygmaeus", "date_acq": "2026-08-15T1724", "confidence": "n", "brightness": "340.6", "frp": "21.82", "daynight": "N"}}, {"type": "Feature", "geometry": {"type": "Point", "coordinates": [112.78577, -2.66438]}, "properties": {"species": "pongo_pygmaeus", "date_acq": "2026-08-15T1724", "confidence": "n", "brightness": "302.11", "frp": "8.94", "daynight": "N"}}, {"type": "Feature", "geometry": {"type": "Point", "coordinates": [112.78204, -2.66374]}, "properties": {"species": "pongo_pygmaeus", "date_acq": "2026-08-15T1724", "confidence": "n", "brightness": "339.39", "frp": "24.58", "daynight": "N"}}, {"type": "Feature", "geometry": {"type": "Point", "coordinates": [112.78124, -2.66002]}, "properties": {"species": "pongo_pygmaeus", "date_acq": "2026-08-15T1724", "confidence": "n", "brightness": "303.08", "frp": "29.76", "daynight": "N"}}, {"type": "Feature", "geometry": {"type": "Point", "coordinates": [113.28487, -2.55627]}, "properties": {"species": "pongo_pygmaeus", "date_acq": "2026-08-15T1724", "confidence": "n", "brightness": "305.1", "frp": "0.65", "daynight": "N"}}, {"type": "Feature", "geometry": {"type": "Point", "coordinates": [113.28647, -2.5523]}, "properties": {"species": "pongo_pygmaeus", "date_acq": "2026-08-15T1724", "confidence": "n", "brightness": "311.96", "frp": "1.29", "daynight": "N"}}, {"type": "Feature", "geometry": {"type": "Point", "coordinates": [113.28577, -2.55086]}, "properties": {"species": "pongo_pygmaeus", "date_acq": "2026-08-15T1724", "confidence": "n", "brightness": "307.44", "frp": "0.65", "daynight": "N"}}, {"type": "Feature", "geometry": {"type": "Point", "coordinates": [112.63902, -2.4111]}, "properties": {"species": "pongo_pygmaeus", "date_acq": "2026-08-15T1724", "confidence": "n", "brightness": "302.55", "frp": "0.51", "daynight": "N"}}, {"type": "Feature", "geometry": {"type": "Point", "coordinates": [113.79488, -2.23068]}, "properties": {"species": "pongo_pygmaeus", "date_acq": "2026-08-15T1724", "confidence": "n", "brightness": "309.08", "frp": "1.93", "daynight": "N"}}, {"type": "Feature", "geometry": {"type": "Point", "coordinates": [111.15421, -2.08491]}, "properties": {"species": "pongo_pygmaeus", "date_acq": "2026-08-15T1724", "confidence": "n", "brightness": "314.15", "frp": "2.68", "daynight": "N"}}, {"type": "Feature", "geometry": {"type": "Point", "coordinates": [111.14908, -2.08408]}, "properties": {"species": "pongo_pygmaeus", "date_acq": "2026-08-15T1724", "confidence": "n", "brightness": "315.27", "frp": "2.68", "daynight": "N"}}, {"type": "Feature", "geometry": {"type": "Point", "coordinates": [111.15533, -2.08259]}, "properties": {"species": "pongo_pygmaeus", "date_acq": "2026-08-15T1724", "confidence": "n", "brightness": "303.38", "frp": "2.17", "daynight": "N"}}, {"type": "Feature", "geometry": {"type": "Point", "coordinates": [111.15012, -2.0817]}, "properties": {"species": "pongo_pygmaeus", "date_acq": "2026-08-15T1724", "confidence": "n", "brightness": "322.8", "frp": "2.17", "daynight": "N"}}, {"type": "Feature", "geometry": {"type": "Point", "coordinates": [111.12576, -2.07753]}, "properties": {"species": "pongo_pygmaeus", "date_acq": "2026-08-15T1724", "confidence": "n", "brightness": "306.7", "frp": "1.53", "daynight": "N"}}, {"type": "Feature", "geometry": {"type": "Point", "coordinates": [111.12582, -2.07384]}, "properties": {"species": "pongo_pygmaeus", "date_acq": "2026-08-15T1724", "confidence": "n", "brightness": "309.96", "frp": "1.32", "daynight": "N"}}, {"type": "Feature", "geometry": {"type": "Point", "coordinates": [111.34562, -1.85248]}, "properties": {"species": "pongo_pygmaeus", "date_acq": "2026-08-15T1724", "confidence": "n", "brightness": "320.39", "frp": "2.86", "daynight": "N"}}, {"type": "Feature", "geometry": {"type": "Point", "coordinates": [110.1478, -1.75959]}, "properties": {"species": "pongo_pygmaeus", "date_acq": "2026-08-15T1724", "confidence": "n", "brightness": "313.51", "frp": "3.9", "daynight": "N"}}, {"type": "Feature", "geometry": {"type": "Point", "coordinates": [110.14202, -1.75863]}, "properties": {"species": "pongo_pygmaeus", "date_acq": "2026-08-15T1724", "confidence": "n", "brightness": "333.46", "frp": "3.9", "daynight": "N"}}, {"type": "Feature", "geometry": {"type": "Point", "coordinates": [111.47679, -1.75543]}, "properties": {"species": "pongo_pygmaeus", "date_acq": "2026-08-15T1724", "confidence": "n", "brightness": "300.77", "frp": "1.09", "daynight": "N"}}, {"type": "Feature", "geometry": {"type": "Point", "coordinates": [113.31719, -1.73369]}, "properties": {"species": "pongo_pygmaeus", "date_acq": "2026-08-15T1724", "confidence": "n", "brightness": "315.37", "frp": "1.15", "daynight": "N"}}, {"type": "Feature", "geometry": {"type": "Point", "coordinates": [113.31815, -1.72823]}, "properties": {"species": "pongo_pygmaeus", "date_acq": "2026-08-15T1724", "confidence": "n", "brightness": "305.64", "frp": "1.15", "daynight": "N"}}, {"type": "Feature", "geometry": {"type": "Point", "coordinates": [110.27592, -1.70603]}, "properties": {"species": "pongo_pygmaeus", "date_acq": "2026-08-15T1724", "confidence": "n", "brightness": "296.18", "frp": "5", "daynight": "N"}}, {"type": "Feature", "geometry": {"type": "Point", "coordinates": [114.45375, -1.64069]}, "properties": {"species": "pongo_pygmaeus", "date_acq": "2026-08-15T1724", "confidence": "n", "brightness": "325.87", "frp": "1.18", "daynight": "N"}}, {"type": "Feature", "geometry": {"type": "Point", "coordinates": [114.45171, -1.63516]}, "properties": {"species": "pongo_pygmaeus", "date_acq": "2026-08-15T1724", "confidence": "n", "brightness": "303.3", "frp": "1.18", "daynight": "N"}}, {"type": "Feature", "geometry": {"type": "Point", "coordinates": [113.58253, -1.46736]}, "properties": {"species": "pongo_pygmaeus", "date_acq": "2026-08-15T1724", "confidence": "n", "brightness": "311.5", "frp": "0.81", "daynight": "N"}}, {"type": "Feature", "geometry": {"type": "Point", "coordinates": [114.29285, -1.39486]}, "properties": {"species": "pongo_pygmaeus", "date_acq": "2026-08-15T1724", "confidence": "n", "brightness": "313.61", "frp": "1.32", "daynight": "N"}}, {"type": "Feature", "geometry": {"type": "Point", "coordinates": [110.11993, -1.38837]}, "properties": {"species": "pongo_pygmaeus", "date_acq": "2026-08-15T1724", "confidence": "n", "brightness": "313.34", "frp": "4.44", "daynight": "N"}}, {"type": "Feature", "geometry": {"type": "Point", "coordinates": [110.11992, -1.38626]}, "properties": {"species": "pongo_pygmaeus", "date_acq": "2026-08-15T1724", "confidence": "n", "brightness": "326.04", "frp": "6.13", "daynight": "N"}}, {"type": "Feature", "geometry": {"type": "Point", "coordinates": [110.12109, -1.38165]}, "properties": {"species": "pongo_pygmaeus", "date_acq": "2026-08-15T1724", "confidence": "n", "brightness": "320.62", "frp": "4.44", "daynight": "N"}}, {"type": "Feature", "geometry": {"type": "Point", "coordinates": [110.1151, -1.38064]}, "properties": {"species": "pongo_pygmaeus", "date_acq": "2026-08-15T1724", "confidence": "n", "brightness": "323.54", "frp": "10.22", "daynight": "N"}}, {"type": "Feature", "geometry": {"type": "Point", "coordinates": [110.1091, -1.37963]}, "properties": {"species": "pongo_pygmaeus", "date_acq": "2026-08-15T1724", "confidence": "n", "brightness": "308.38", "frp": "10.22", "daynight": "N"}}, {"type": "Feature", "geometry": {"type": "Point", "coordinates": [110.10309, -1.37861]}, "properties": {"species": "pongo_pygmaeus", "date_acq": "2026-08-15T1724", "confidence": "n", "brightness": "302.88", "frp": "21.7", "daynight": "N"}}, {"type": "Feature", "geometry": {"type": "Point", "coordinates": [110.11509, -1.37856]}, "properties": {"species": "pongo_pygmaeus", "date_acq": "2026-08-15T1724", "confidence": "n", "brightness": "318.48", "frp": "2.87", "daynight": "N"}}, {"type": "Feature", "geometry": {"type": "Point", "coordinates": [110.1091, -1.37759]}, "properties": {"species": "pongo_pygmaeus", "date_acq": "2026-08-15T1724", "confidence": "n", "brightness": "303.87", "frp": "2.96", "daynight": "N"}}, {"type": "Feature", "geometry": {"type": "Point", "coordinates": [110.09698, -1.37562]}, "properties": {"species": "pongo_pygmaeus", "date_acq": "2026-08-15T1724", "confidence": "n", "brightness": "303.13", "frp": "2.24", "daynight": "N"}}, {"type": "Feature", "geometry": {"type": "Point", "coordinates": [114.32742, -1.37406]}, "properties": {"species": "pongo_pygmaeus", "date_acq": "2026-08-15T1724", "confidence": "n", "brightness": "312.3", "frp": "1.11", "daynight": "N"}}, {"type": "Feature", "geometry": {"type": "Point", "coordinates": [110.11621, -1.37392]}, "properties": {"species": "pongo_pygmaeus", "date_acq": "2026-08-15T1724", "confidence": "n", "brightness": "311.46", "frp": "1.91", "daynight": "N"}}, {"type": "Feature", "geometry": {"type": "Point", "coordinates": [114.32145, -1.37309]}, "properties": {"species": "pongo_pygmaeus", "date_acq": "2026-08-15T1724", "confidence": "n", "brightness": "305.5", "frp": "0.58", "daynight": "N"}}, {"type": "Feature", "geometry": {"type": "Point", "coordinates": [110.11025, -1.3729]}, "properties": {"species": "pongo_pygmaeus", "date_acq": "2026-08-15T1724", "confidence": "n", "brightness": "307.36", "frp": "1.91", "daynight": "N"}}, {"type": "Feature", "geometry": {"type": "Point", "coordinates": [110.11623, -1.37184]}, "properties": {"species": "pongo_pygmaeus", "date_acq": "2026-08-15T1724", "confidence": "n", "brightness": "304.46", "frp": "2.87", "daynight": "N"}}, {"type": "Feature", "geometry": {"type": "Point", "coordinates": [110.11026, -1.37087]}, "properties": {"species": "pongo_pygmaeus", "date_acq": "2026-08-15T1724", "confidence": "n", "brightness": "306.28", "frp": "2.96", "daynight": "N"}}, {"type": "Feature", "geometry": {"type": "Point", "coordinates": [114.20223, -1.27817]}, "properties": {"species": "pongo_pygmaeus", "date_acq": "2026-08-15T1724", "confidence": "n", "brightness": "309.33", "frp": "0.81", "daynight": "N"}}, {"type": "Feature", "geometry": {"type": "Point", "coordinates": [113.64021, -1.20144]}, "properties": {"species": "pongo_pygmaeus", "date_acq": "2026-08-15T1724", "confidence": "n", "brightness": "307.03", "frp": "0.71", "daynight": "N"}}, {"type": "Feature", "geometry": {"type": "Point", "coordinates": [113.64048, -1.19935]}, "properties": {"species": "pongo_pygmaeus", "date_acq": "2026-08-15T1724", "confidence": "n", "brightness": "304.7", "frp": "0.47", "daynight": "N"}}, {"type": "Feature", "geometry": {"type": "Point", "coordinates": [114.12736, -0.8859]}, "properties": {"species": "pongo_pygmaeus", "date_acq": "2026-08-15T1724", "confidence": "n", "brightness": "305.25", "frp": "0.53", "daynight": "N"}}, {"type": "Feature", "geometry": {"type": "Point", "coordinates": [113.99569, -0.83861]}, "properties": {"species": "pongo_pygmaeus", "date_acq": "2026-08-15T1724", "confidence": "n", "brightness": "316.79", "frp": "1.75", "daynight": "N"}}, {"type": "Feature", "geometry": {"type": "Point", "coordinates": [113.99532, -0.83715]}, "properties": {"species": "pongo_pygmaeus", "date_acq": "2026-08-15T1724", "confidence": "n", "brightness": "329.62", "frp": "1.72", "daynight": "N"}}, {"type": "Feature", "geometry": {"type": "Point", "coordinates": [113.99994, -0.83385]}, "properties": {"species": "pongo_pygmaeus", "date_acq": "2026-08-15T1724", "confidence": "n", "brightness": "309.06", "frp": "1.75", "daynight": "N"}}, {"type": "Feature", "geometry": {"type": "Point", "coordinates": [113.99668, -0.83334]}, "properties": {"species": "pongo_pygmaeus", "date_acq": "2026-08-15T1724", "confidence": "n", "brightness": "325.34", "frp": "1.75", "daynight": "N"}}, {"type": "Feature", "geometry": {"type": "Point", "coordinates": [113.99954, -0.83241]}, "properties": {"species": "pongo_pygmaeus", "date_acq": "2026-08-15T1724", "confidence": "n", "brightness": "313.09", "frp": "1.72", "daynight": "N"}}, {"type": "Feature", "geometry": {"type": "Point", "coordinates": [113.99632, -0.83187]}, "properties": {"species": "pongo_pygmaeus", "date_acq": "2026-08-15T1724", "confidence": "n", "brightness": "304.63", "frp": "1.72", "daynight": "N"}}, {"type": "Feature", "geometry": {"type": "Point", "coordinates": [116.64417, 0.1528]}, "properties": {"species": "pongo_pygmaeus", "date_acq": "2026-08-15T1724", "confidence": "n", "brightness": "307.83", "frp": "1.17", "daynight": "N"}}, {"type": "Feature", "geometry": {"type": "Point", "coordinates": [116.64044, 0.15797]}, "properties": {"species": "pongo_pygmaeus", "date_acq": "2026-08-15T1724", "confidence": "n", "brightness": "312.57", "frp": "2.28", "daynight": "N"}}, {"type": "Feature", "geometry": {"type": "Point", "coordinates": [116.63367, 0.17282]}, "properties": {"species": "pongo_pygmaeus", "date_acq": "2026-08-15T1724", "confidence": "n", "brightness": "337.43", "frp": "4.91", "daynight": "N"}}, {"type": "Feature", "geometry": {"type": "Point", "coordinates": [116.63438, 0.17731]}, "properties": {"species": "pongo_pygmaeus", "date_acq": "2026-08-15T1724", "confidence": "n", "brightness": "327.12", "frp": "4.91", "daynight": "N"}}, {"type": "Feature", "geometry": {"type": "Point", "coordinates": [117.23802, 0.51783]}, "properties": {"species": "pongo_pygmaeus", "date_acq": "2026-08-15T1724", "confidence": "n", "brightness": "310.47", "frp": "0.62", "daynight": "N"}}, {"type": "Feature", "geometry": {"type": "Point", "coordinates": [117.24326, 1.37855]}, "properties": {"species": "pongo_pygmaeus", "date_acq": "2026-08-15T1724", "confidence": "n", "brightness": "309.8", "frp": "0.78", "daynight": "N"}}, {"type": "Feature", "geometry": {"type": "Point", "coordinates": [110.14341, -1.76022]}, "properties": {"species": "pongo_pygmaeus", "date_acq": "2026-08-15T1904", "confidence": "n", "brightness": "319.05", "frp": "5.91", "daynight": "N"}}, {"type": "Feature", "geometry": {"type": "Point", "coordinates": [110.14639, -1.75831]}, "properties": {"species": "pongo_pygmaeus", "date_acq": "2026-08-15T1904", "confidence": "n", "brightness": "312.24", "frp": "3.95", "daynight": "N"}}, {"type": "Feature", "geometry": {"type": "Point", "coordinates": [110.14039, -1.75737]}, "properties": {"species": "pongo_pygmaeus", "date_acq": "2026-08-15T1904", "confidence": "n", "brightness": "310.23", "frp": "6.21", "daynight": "N"}}, {"type": "Feature", "geometry": {"type": "Point", "coordinates": [110.11797, -1.38899]}, "properties": {"species": "pongo_pygmaeus", "date_acq": "2026-08-15T1904", "confidence": "n", "brightness": "307.11", "frp": "3.16", "daynight": "N"}}, {"type": "Feature", "geometry": {"type": "Point", "coordinates": [110.11902, -1.38227]}, "properties": {"species": "pongo_pygmaeus", "date_acq": "2026-08-15T1904", "confidence": "n", "brightness": "323.34", "frp": "3.16", "daynight": "N"}}, {"type": "Feature", "geometry": {"type": "Point", "coordinates": [110.11316, -1.38137]}, "properties": {"species": "pongo_pygmaeus", "date_acq": "2026-08-15T1904", "confidence": "n", "brightness": "303.32", "frp": "3.16", "daynight": "N"}}, {"type": "Feature", "geometry": {"type": "Point", "coordinates": [110.1073, -1.38047]}, "properties": {"species": "pongo_pygmaeus", "date_acq": "2026-08-15T1904", "confidence": "n", "brightness": "298.49", "frp": "5.77", "daynight": "N"}}, {"type": "Feature", "geometry": {"type": "Point", "coordinates": [110.11923, -1.37917]}, "properties": {"species": "pongo_pygmaeus", "date_acq": "2026-08-15T1904", "confidence": "n", "brightness": "304.97", "frp": "2.83", "daynight": "N"}}, {"type": "Feature", "geometry": {"type": "Point", "coordinates": [110.11339, -1.37824]}, "properties": {"species": "pongo_pygmaeus", "date_acq": "2026-08-15T1904", "confidence": "n", "brightness": "303.89", "frp": "2.68", "daynight": "N"}}, {"type": "Feature", "geometry": {"type": "Point", "coordinates": [110.09602, -1.37545]}, "properties": {"species": "pongo_pygmaeus", "date_acq": "2026-08-15T1904", "confidence": "n", "brightness": "297.35", "frp": "2.58", "daynight": "N"}}, {"type": "Feature", "geometry": {"type": "Point", "coordinates": [110.11424, -1.37466]}, "properties": {"species": "pongo_pygmaeus", "date_acq": "2026-08-15T1904", "confidence": "n", "brightness": "305.44", "frp": "2.85", "daynight": "N"}}, {"type": "Feature", "geometry": {"type": "Point", "coordinates": [110.11445, -1.37153]}, "properties": {"species": "pongo_pygmaeus", "date_acq": "2026-08-15T1904", "confidence": "n", "brightness": "301.73", "frp": "2.68", "daynight": "N"}}, {"type": "Feature", "geometry": {"type": "Point", "coordinates": [112.87389, -3.12318]}, "properties": {"species": "pongo_pygmaeus", "date_acq": "2026-08-16T603", "confidence": "n", "brightness": "335.58", "frp": "2.04", "daynight": "D"}}, {"type": "Feature", "geometry": {"type": "Point", "coordinates": [112.87338, -3.11984]}, "properties": {"species": "pongo_pygmaeus", "date_acq": "2026-08-16T603", "confidence": "n", "brightness": "341.41", "frp": "2.04", "daynight": "D"}}, {"type": "Feature", "geometry": {"type": "Point", "coordinates": [112.86889, -3.11368]}, "properties": {"species": "pongo_pygmaeus", "date_acq": "2026-08-16T603", "confidence": "l", "brightness": "330.23", "frp": "2.97", "daynight": "D"}}, {"type": "Feature", "geometry": {"type": "Point", "coordinates": [112.87238, -3.11315]}, "properties": {"species": "pongo_pygmaeus", "date_acq": "2026-08-16T603", "confidence": "n", "brightness": "336.73", "frp": "2.97", "daynight": "D"}}, {"type": "Feature", "geometry": {"type": "Point", "coordinates": [112.86839, -3.11034]}, "properties": {"species": "pongo_pygmaeus", "date_acq": "2026-08-16T603", "confidence": "n", "brightness": "343.01", "frp": "4.56", "daynight": "D"}}, {"type": "Feature", "geometry": {"type": "Point", "coordinates": [112.87187, -3.10981]}, "properties": {"species": "pongo_pygmaeus", "date_acq": "2026-08-16T603", "confidence": "n", "brightness": "344.61", "frp": "4.56", "daynight": "D"}}, {"type": "Feature", "geometry": {"type": "Point", "coordinates": [112.87536, -3.10928]}, "properties": {"species": "pongo_pygmaeus", "date_acq": "2026-08-16T603", "confidence": "l", "brightness": "331.87", "frp": "6.45", "daynight": "D"}}, {"type": "Feature", "geometry": {"type": "Point", "coordinates": [112.87321, -3.05302]}, "properties": {"species": "pongo_pygmaeus", "date_acq": "2026-08-16T603", "confidence": "n", "brightness": "346.77", "frp": "5.48", "daynight": "D"}}, {"type": "Feature", "geometry": {"type": "Point", "coordinates": [112.87018, -3.03298]}, "properties": {"species": "pongo_pygmaeus", "date_acq": "2026-08-16T603", "confidence": "n", "brightness": "336.91", "frp": "2.92", "daynight": "D"}}, {"type": "Feature", "geometry": {"type": "Point", "coordinates": [112.86469, -3.02014]}, "properties": {"species": "pongo_pygmaeus", "date_acq": "2026-08-16T603", "confidence": "n", "brightness": "339.95", "frp": "4.24", "daynight": "D"}}, {"type": "Feature", "geometry": {"type": "Point", "coordinates": [112.86418, -3.0168]}, "properties": {"species": "pongo_pygmaeus", "date_acq": "2026-08-16T603", "confidence": "n", "brightness": "342.42", "frp": "7.5", "daynight": "D"}}, {"type": "Feature", "geometry": {"type": "Point", "coordinates": [112.85271, -3.01171]}, "properties": {"species": "pongo_pygmaeus", "date_acq": "2026-08-16T603", "confidence": "n", "brightness": "357.02", "frp": "7.33", "daynight": "D"}}, {"type": "Feature", "geometry": {"type": "Point", "coordinates": [112.8562, -3.01118]}, "properties": {"species": "pongo_pygmaeus", "date_acq": "2026-08-16T603", "confidence": "n", "brightness": "342.23", "frp": "7.33", "daynight": "D"}}, {"type": "Feature", "geometry": {"type": "Point", "coordinates": [112.87363, -3.00854]}, "properties": {"species": "pongo_pygmaeus", "date_acq": "2026-08-16T603", "confidence": "n", "brightness": "332.46", "frp": "5.06", "daynight": "D"}}, {"type": "Feature", "geometry": {"type": "Point", "coordinates": [112.85221, -3.00837]}, "properties": {"species": "pongo_pygmaeus", "date_acq": "2026-08-16T603", "confidence": "n", "brightness": "335.73", "frp": "7.33", "daynight": "D"}}, {"type": "Feature", "geometry": {"type": "Point", "coordinates": [112.85569, -3.00784]}, "properties": {"species": "pongo_pygmaeus", "date_acq": "2026-08-16T603", "confidence": "n", "brightness": "344.47", "frp": "7.33", "daynight": "D"}}, {"type": "Feature", "geometry": {"type": "Point", "coordinates": [112.84822, -3.00556]}, "properties": {"species": "pongo_pygmaeus", "date_acq": "2026-08-16T603", "confidence": "n", "brightness": "347.72", "frp": "11.47", "daynight": "D"}}, {"type": "Feature", "geometry": {"type": "Point", "coordinates": [112.85171, -3.00503]}, "properties": {"species": "pongo_pygmaeus", "date_acq": "2026-08-16T603", "confidence": "n", "brightness": "336.38", "frp": "20.53", "daynight": "D"}}, {"type": "Feature", "geometry": {"type": "Point", "coordinates": [112.85519, -3.0045]}, "properties": {"species": "pongo_pygmaeus", "date_acq": "2026-08-16T603", "confidence": "n", "brightness": "354.96", "frp": "20.53", "daynight": "D"}}, {"type": "Feature", "geometry": {"type": "Point", "coordinates": [112.8512, -3.00169]}, "properties": {"species": "pongo_pygmaeus", "date_acq": "2026-08-16T603", "confidence": "n", "brightness": "337.23", "frp": "20.53", "daynight": "D"}}, {"type": "Feature", "geometry": {"type": "Point", "coordinates": [112.86515, -2.99957]}, "properties": {"species": "pongo_pygmaeus", "date_acq": "2026-08-16T603", "confidence": "n", "brightness": "349.59", "frp": "8.04", "daynight": "D"}}, {"type": "Feature", "geometry": {"type": "Point", "coordinates": [112.8642, -2.99731]}, "properties": {"species": "pongo_pygmaeus", "date_acq": "2026-08-16T603", "confidence": "n", "brightness": "345.76", "frp": "8.04", "daynight": "D"}}, {"type": "Feature", "geometry": {"type": "Point", "coordinates": [112.86769, -2.99677]}, "properties": {"species": "pongo_pygmaeus", "date_acq": "2026-08-16T603", "confidence": "n", "brightness": "333.26", "frp": "8.04", "daynight": "D"}}, {"type": "Feature", "geometry": {"type": "Point", "coordinates": [112.86719, -2.99344]}, "properties": {"species": "pongo_pygmaeus", "date_acq": "2026-08-16T603", "confidence": "n", "brightness": "334.47", "frp": "8.04", "daynight": "D"}}, {"type": "Feature", "geometry": {"type": "Point", "coordinates": [112.87067, -2.9929]}, "properties": {"species": "pongo_pygmaeus", "date_acq": "2026-08-16T603", "confidence": "n", "brightness": "334.38", "frp": "2.95", "daynight": "D"}}, {"type": "Feature", "geometry": {"type": "Point", "coordinates": [112.87017, -2.98956]}, "properties": {"species": "pongo_pygmaeus", "date_acq": "2026-08-16T603", "confidence": "n", "brightness": "334.82", "frp": "3.6", "daynight": "D"}}, {"type": "Feature", "geometry": {"type": "Point", "coordinates": [112.87315, -2.98569]}, "properties": {"species": "pongo_pygmaeus", "date_acq": "2026-08-16T603", "confidence": "n", "brightness": "344.89", "frp": "3.6", "daynight": "D"}}, {"type": "Feature", "geometry": {"type": "Point", "coordinates": [112.78493, -2.67168]}, "properties": {"species": "pongo_pygmaeus", "date_acq": "2026-08-16T603", "confidence": "n", "brightness": "348.09", "frp": "15.05", "daynight": "D"}}, {"type": "Feature", "geometry": {"type": "Point", "coordinates": [112.78094, -2.66887]}, "properties": {"species": "pongo_pygmaeus", "date_acq": "2026-08-16T603", "confidence": "n", "brightness": "336.04", "frp": "3.02", "daynight": "D"}}, {"type": "Feature", "geometry": {"type": "Point", "coordinates": [112.78443, -2.66834]}, "properties": {"species": "pongo_pygmaeus", "date_acq": "2026-08-16T603", "confidence": "n", "brightness": "347.98", "frp": "15.05", "daynight": "D"}}, {"type": "Feature", "geometry": {"type": "Point", "coordinates": [112.78393, -2.665]}, "properties": {"species": "pongo_pygmaeus", "date_acq": "2026-08-16T603", "confidence": "n", "brightness": "352.61", "frp": "178.03", "daynight": "D"}}, {"type": "Feature", "geometry": {"type": "Point", "coordinates": [112.78293, -2.65832]}, "properties": {"species": "pongo_pygmaeus", "date_acq": "2026-08-16T603", "confidence": "n", "brightness": "333.63", "frp": "71.66", "daynight": "D"}}, {"type": "Feature", "geometry": {"type": "Point", "coordinates": [113.28465, -2.55105]}, "properties": {"species": "pongo_pygmaeus", "date_acq": "2026-08-16T603", "confidence": "n", "brightness": "330.9", "frp": "7.07", "daynight": "D"}}, {"type": "Feature", "geometry": {"type": "Point", "coordinates": [113.28414, -2.54772]}, "properties": {"species": "pongo_pygmaeus", "date_acq": "2026-08-16T603", "confidence": "n", "brightness": "341.3", "frp": "10.83", "daynight": "D"}}, {"type": "Feature", "geometry": {"type": "Point", "coordinates": [112.6376, -2.413]}, "properties": {"species": "pongo_pygmaeus", "date_acq": "2026-08-16T603", "confidence": "n", "brightness": "340.04", "frp": "4.89", "daynight": "D"}}, {"type": "Feature", "geometry": {"type": "Point", "coordinates": [112.6411, -2.41247]}, "properties": {"species": "pongo_pygmaeus", "date_acq": "2026-08-16T603", "confidence": "n", "brightness": "345.97", "frp": "4.89", "daynight": "D"}}, {"type": "Feature", "geometry": {"type": "Point", "coordinates": [112.64059, -2.40912]}, "properties": {"species": "pongo_pygmaeus", "date_acq": "2026-08-16T603", "confidence": "n", "brightness": "341.78", "frp": "4.96", "daynight": "D"}}, {"type": "Feature", "geometry": {"type": "Point", "coordinates": [110.2802, -2.2575]}, "properties": {"species": "pongo_pygmaeus", "date_acq": "2026-08-16T603", "confidence": "l", "brightness": "333.93", "frp": "3.93", "daynight": "D"}}, {"type": "Feature", "geometry": {"type": "Point", "coordinates": [110.27552, -2.25451]}, "properties": {"species": "pongo_pygmaeus", "date_acq": "2026-08-16T603", "confidence": "n", "brightness": "345.19", "frp": "6.37", "daynight": "D"}}, {"type": "Feature", "geometry": {"type": "Point", "coordinates": [110.27911, -2.25028]}, "properties": {"species": "pongo_pygmaeus", "date_acq": "2026-08-16T603", "confidence": "n", "brightness": "341.17", "frp": "6.37", "daynight": "D"}}, {"type": "Feature", "geometry": {"type": "Point", "coordinates": [110.28323, -2.24965]}, "properties": {"species": "pongo_pygmaeus", "date_acq": "2026-08-16T603", "confidence": "l", "brightness": "332.45", "frp": "7.56", "daynight": "D"}}, {"type": "Feature", "geometry": {"type": "Point", "coordinates": [113.80665, -2.24473]}, "properties": {"species": "pongo_pygmaeus", "date_acq": "2026-08-16T603", "confidence": "n", "brightness": "354.73", "frp": "32.57", "daynight": "D"}}, {"type": "Feature", "geometry": {"type": "Point", "coordinates": [113.81012, -2.2442]}, "properties": {"species": "pongo_pygmaeus", "date_acq": "2026-08-16T603", "confidence": "n", "brightness": "338.53", "frp": "17.88", "daynight": "D"}}, {"type": "Feature", "geometry": {"type": "Point", "coordinates": [113.81358, -2.24367]}, "properties": {"species": "pongo_pygmaeus", "date_acq": "2026-08-16T603", "confidence": "n", "brightness": "338.88", "frp": "17.88", "daynight": "D"}}, {"type": "Feature", "geometry": {"type": "Point", "coordinates": [113.7842, -2.19094]}, "properties": {"species": "pongo_pygmaeus", "date_acq": "2026-08-16T603", "confidence": "n", "brightness": "342.48", "frp": "10.64", "daynight": "D"}}, {"type": "Feature", "geometry": {"type": "Point", "coordinates": [111.13204, -2.12487]}, "properties": {"species": "pongo_pygmaeus", "date_acq": "2026-08-16T603", "confidence": "n", "brightness": "335.44", "frp": "4.06", "daynight": "D"}}, {"type": "Feature", "geometry": {"type": "Point", "coordinates": [111.09331, -2.09872]}, "properties": {"species": "pongo_pygmaeus", "date_acq": "2026-08-16T603", "confidence": "l", "brightness": "333.74", "frp": "5.25", "daynight": "D"}}, {"type": "Feature", "geometry": {"type": "Point", "coordinates": [111.15347, -2.08613]}, "properties": {"species": "pongo_pygmaeus", "date_acq": "2026-08-16T603", "confidence": "n", "brightness": "340.06", "frp": "4.99", "daynight": "D"}}, {"type": "Feature", "geometry": {"type": "Point", "coordinates": [111.12878, -2.07563]}, "properties": {"species": "pongo_pygmaeus", "date_acq": "2026-08-16T603", "confidence": "n", "brightness": "349.58", "frp": "18.17", "daynight": "D"}}, {"type": "Feature", "geometry": {"type": "Point", "coordinates": [111.13257, -2.07506]}, "properties": {"species": "pongo_pygmaeus", "date_acq": "2026-08-16T603", "confidence": "n", "brightness": "341.47", "frp": "18.17", "daynight": "D"}}, {"type": "Feature", "geometry": {"type": "Point", "coordinates": [111.12914, -2.07429]}, "properties": {"species": "pongo_pygmaeus", "date_acq": "2026-08-16T603", "confidence": "n", "brightness": "356.4", "frp": "10.3", "daynight": "D"}}, {"type": "Feature", "geometry": {"type": "Point", "coordinates": [111.13293, -2.07371]}, "properties": {"species": "pongo_pygmaeus", "date_acq": "2026-08-16T603", "confidence": "n", "brightness": "335.37", "frp": "10.3", "daynight": "D"}}, {"type": "Feature", "geometry": {"type": "Point", "coordinates": [111.1282, -2.07216]}, "properties": {"species": "pongo_pygmaeus", "date_acq": "2026-08-16T603", "confidence": "n", "brightness": "336.41", "frp": "18.17", "daynight": "D"}}, {"type": "Feature", "geometry": {"type": "Point", "coordinates": [111.30616, -2.0526]}, "properties": {"species": "pongo_pygmaeus", "date_acq": "2026-08-16T603", "confidence": "n", "brightness": "342.1", "frp": "24.67", "daynight": "D"}}, {"type": "Feature", "geometry": {"type": "Point", "coordinates": [110.22427, -2.03894]}, "properties": {"species": "pongo_pygmaeus", "date_acq": "2026-08-16T603", "confidence": "h", "brightness": "367", "frp": "9.58", "daynight": "D"}}, {"type": "Feature", "geometry": {"type": "Point", "coordinates": [111.41695, -2.03001]}, "properties": {"species": "pongo_pygmaeus", "date_acq": "2026-08-16T603", "confidence": "n", "brightness": "338.26", "frp": "4.19", "daynight": "D"}}, {"type": "Feature", "geometry": {"type": "Point", "coordinates": [111.41641, -2.02901]}, "properties": {"species": "pongo_pygmaeus", "date_acq": "2026-08-16T603", "confidence": "n", "brightness": "331.16", "frp": "3.73", "daynight": "D"}}, {"type": "Feature", "geometry": {"type": "Point", "coordinates": [114.7718, -2.01216]}, "properties": {"species": "pongo_pygmaeus", "date_acq": "2026-08-16T603", "confidence": "n", "brightness": "331.23", "frp": "4.68", "daynight": "D"}}, {"type": "Feature", "geometry": {"type": "Point", "coordinates": [110.21037, -1.97034]}, "properties": {"species": "pongo_pygmaeus", "date_acq": "2026-08-16T603", "confidence": "l", "brightness": "330.3", "frp": "3.68", "daynight": "D"}}, {"type": "Feature", "geometry": {"type": "Point", "coordinates": [110.19222, -1.96202]}, "properties": {"species": "pongo_pygmaeus", "date_acq": "2026-08-16T603", "confidence": "n", "brightness": "332.07", "frp": "5.31", "daynight": "D"}}, {"type": "Feature", "geometry": {"type": "Point", "coordinates": [110.19635, -1.96139]}, "properties": {"species": "pongo_pygmaeus", "date_acq": "2026-08-16T603", "confidence": "n", "brightness": "349.22", "frp": "5.31", "daynight": "D"}}, {"type": "Feature", "geometry": {"type": "Point", "coordinates": [110.19582, -1.95777]}, "properties": {"species": "pongo_pygmaeus", "date_acq": "2026-08-16T603", "confidence": "h", "brightness": "367", "frp": "8.59", "daynight": "D"}}, {"type": "Feature", "geometry": {"type": "Point", "coordinates": [110.19994, -1.95714]}, "properties": {"species": "pongo_pygmaeus", "date_acq": "2026-08-16T603", "confidence": "n", "brightness": "331.3", "frp": "4.8", "daynight": "D"}}, {"type": "Feature", "geometry": {"type": "Point", "coordinates": [110.19527, -1.95415]}, "properties": {"species": "pongo_pygmaeus", "date_acq": "2026-08-16T603", "confidence": "n", "brightness": "333.05", "frp": "8.59", "daynight": "D"}}, {"type": "Feature", "geometry": {"type": "Point", "coordinates": [110.1994, -1.95353]}, "properties": {"species": "pongo_pygmaeus", "date_acq": "2026-08-16T603", "confidence": "n", "brightness": "331.17", "frp": "4.8", "daynight": "D"}}, {"type": "Feature", "geometry": {"type": "Point", "coordinates": [110.19058, -1.95117]}, "properties": {"species": "pongo_pygmaeus", "date_acq": "2026-08-16T603", "confidence": "n", "brightness": "339.47", "frp": "5.02", "daynight": "D"}}, {"type": "Feature", "geometry": {"type": "Point", "coordinates": [110.19472, -1.95054]}, "properties": {"species": "pongo_pygmaeus", "date_acq": "2026-08-16T603", "confidence": "l", "brightness": "330.68", "frp": "5.02", "daynight": "D"}}, {"type": "Feature", "geometry": {"type": "Point", "coordinates": [111.10562, -1.94473]}, "properties": {"species": "pongo_pygmaeus", "date_acq": "2026-08-16T603", "confidence": "n", "brightness": "342.15", "frp": "30.61", "daynight": "D"}}, {"type": "Feature", "geometry": {"type": "Point", "coordinates": [111.1051, -1.94126]}, "properties": {"species": "pongo_pygmaeus", "date_acq": "2026-08-16T603", "confidence": "n", "brightness": "346.44", "frp": "5.9", "daynight": "D"}}, {"type": "Feature", "geometry": {"type": "Point", "coordinates": [111.10458, -1.93779]}, "properties": {"species": "pongo_pygmaeus", "date_acq": "2026-08-16T603", "confidence": "l", "brightness": "337.71", "frp": "5.9", "daynight": "D"}}, {"type": "Feature", "geometry": {"type": "Point", "coordinates": [110.18105, -1.91561]}, "properties": {"species": "pongo_pygmaeus", "date_acq": "2026-08-16T603", "confidence": "l", "brightness": "331.32", "frp": "16.41", "daynight": "D"}}, {"type": "Feature", "geometry": {"type": "Point", "coordinates": [110.16811, -1.91385]}, "properties": {"species": "pongo_pygmaeus", "date_acq": "2026-08-16T603", "confidence": "n", "brightness": "338.91", "frp": "8.61", "daynight": "D"}}, {"type": "Feature", "geometry": {"type": "Point", "coordinates": [110.17639, -1.91261]}, "properties": {"species": "pongo_pygmaeus", "date_acq": "2026-08-16T603", "confidence": "n", "brightness": "354.68", "frp": "16.41", "daynight": "D"}}, {"type": "Feature", "geometry": {"type": "Point", "coordinates": [110.15259, -1.88953]}, "properties": {"species": "pongo_pygmaeus", "date_acq": "2026-08-16T603", "confidence": "n", "brightness": "351.42", "frp": "16.61", "daynight": "D"}}, {"type": "Feature", "geometry": {"type": "Point", "coordinates": [111.27008, -1.88781]}, "properties": {"species": "pongo_pygmaeus", "date_acq": "2026-08-16T603", "confidence": "n", "brightness": "334.66", "frp": "3.12", "daynight": "D"}}, {"type": "Feature", "geometry": {"type": "Point", "coordinates": [110.15204, -1.88591]}, "properties": {"species": "pongo_pygmaeus", "date_acq": "2026-08-16T603", "confidence": "n", "brightness": "339.85", "frp": "9.59", "daynight": "D"}}, {"type": "Feature", "geometry": {"type": "Point", "coordinates": [110.1515, -1.88229]}, "properties": {"species": "pongo_pygmaeus", "date_acq": "2026-08-16T603", "confidence": "h", "brightness": "367", "frp": "9.59", "daynight": "D"}}, {"type": "Feature", "geometry": {"type": "Point", "coordinates": [110.15565, -1.88165]}, "properties": {"species": "pongo_pygmaeus", "date_acq": "2026-08-16T603", "confidence": "n", "brightness": "354.86", "frp": "19.64", "daynight": "D"}}, {"type": "Feature", "geometry": {"type": "Point", "coordinates": [110.15096, -1.87867]}, "properties": {"species": "pongo_pygmaeus", "date_acq": "2026-08-16T603", "confidence": "n", "brightness": "334.92", "frp": "3.77", "daynight": "D"}}, {"type": "Feature", "geometry": {"type": "Point", "coordinates": [110.15511, -1.87803]}, "properties": {"species": "pongo_pygmaeus", "date_acq": "2026-08-16T603", "confidence": "n", "brightness": "338.47", "frp": "4.49", "daynight": "D"}}, {"type": "Feature", "geometry": {"type": "Point", "coordinates": [110.15924, -1.8774]}, "properties": {"species": "pongo_pygmaeus", "date_acq": "2026-08-16T603", "confidence": "l", "brightness": "336.94", "frp": "4.49", "daynight": "D"}}, {"type": "Feature", "geometry": {"type": "Point", "coordinates": [110.15871, -1.87378]}, "properties": {"species": "pongo_pygmaeus", "date_acq": "2026-08-16T603", "confidence": "n", "brightness": "342.57", "frp": "4.49", "daynight": "D"}}, {"type": "Feature", "geometry": {"type": "Point", "coordinates": [110.16283, -1.87315]}, "properties": {"species": "pongo_pygmaeus", "date_acq": "2026-08-16T603", "confidence": "n", "brightness": "336.34", "frp": "4.58", "daynight": "D"}}, {"type": "Feature", "geometry": {"type": "Point", "coordinates": [110.16695, -1.87251]}, "properties": {"species": "pongo_pygmaeus", "date_acq": "2026-08-16T603", "confidence": "n", "brightness": "336.76", "frp": "4.58", "daynight": "D"}}, {"type": "Feature", "geometry": {"type": "Point", "coordinates": [110.15816, -1.87016]}, "properties": {"species": "pongo_pygmaeus", "date_acq": "2026-08-16T603", "confidence": "n", "brightness": "340.52", "frp": "4.51", "daynight": "D"}}, {"type": "Feature", "geometry": {"type": "Point", "coordinates": [110.16229, -1.86953]}, "properties": {"species": "pongo_pygmaeus", "date_acq": "2026-08-16T603", "confidence": "n", "brightness": "337.4", "frp": "5.91", "daynight": "D"}}, {"type": "Feature", "geometry": {"type": "Point", "coordinates": [110.16641, -1.8689]}, "properties": {"species": "pongo_pygmaeus", "date_acq": "2026-08-16T603", "confidence": "n", "brightness": "346.05", "frp": "5.91", "daynight": "D"}}, {"type": "Feature", "geometry": {"type": "Point", "coordinates": [111.3689, -1.86225]}, "properties": {"species": "pongo_pygmaeus", "date_acq": "2026-08-16T603", "confidence": "n", "brightness": "348.27", "frp": "6.65", "daynight": "D"}}, {"type": "Feature", "geometry": {"type": "Point", "coordinates": [111.34934, -1.85818]}, "properties": {"species": "pongo_pygmaeus", "date_acq": "2026-08-16T603", "confidence": "l", "brightness": "332.62", "frp": "7.1", "daynight": "D"}}, {"type": "Feature", "geometry": {"type": "Point", "coordinates": [111.34882, -1.85474]}, "properties": {"species": "pongo_pygmaeus", "date_acq": "2026-08-16T603", "confidence": "n", "brightness": "342.75", "frp": "20.53", "daynight": "D"}}, {"type": "Feature", "geometry": {"type": "Point", "coordinates": [110.26506, -1.8538]}, "properties": {"species": "pongo_pygmaeus", "date_acq": "2026-08-16T603", "confidence": "n", "brightness": "331.52", "frp": "2", "daynight": "D"}}, {"type": "Feature", "geometry": {"type": "Point", "coordinates": [111.3446, -1.85186]}, "properties": {"species": "pongo_pygmaeus", "date_acq": "2026-08-16T603", "confidence": "n", "brightness": "340.6", "frp": "49.55", "daynight": "D"}}, {"type": "Feature", "geometry": {"type": "Point", "coordinates": [111.34831, -1.8513]}, "properties": {"species": "pongo_pygmaeus", "date_acq": "2026-08-16T603", "confidence": "n", "brightness": "345.98", "frp": "20.53", "daynight": "D"}}, {"type": "Feature", "geometry": {"type": "Point", "coordinates": [111.68772, -1.83827]}, "properties": {"species": "pongo_pygmaeus", "date_acq": "2026-08-16T603", "confidence": "n", "brightness": "340.97", "frp": "4.39", "daynight": "D"}}, {"type": "Feature", "geometry": {"type": "Point", "coordinates": [111.99006, -1.79562]}, "properties": {"species": "pongo_pygmaeus", "date_acq": "2026-08-16T603", "confidence": "n", "brightness": "336.55", "frp": "21.89", "daynight": "D"}}, {"type": "Feature", "geometry": {"type": "Point", "coordinates": [110.19114, -1.78016]}, "properties": {"species": "pongo_pygmaeus", "date_acq": "2026-08-16T603", "confidence": "n", "brightness": "333.26", "frp": "5.88", "daynight": "D"}}, {"type": "Feature", "geometry": {"type": "Point", "coordinates": [110.19525, -1.77955]}, "properties": {"species": "pongo_pygmaeus", "date_acq": "2026-08-16T603", "confidence": "n", "brightness": "353.58", "frp": "5.88", "daynight": "D"}}, {"type": "Feature", "geometry": {"type": "Point", "coordinates": [110.19221, -1.77936]}, "properties": {"species": "pongo_pygmaeus", "date_acq": "2026-08-16T603", "confidence": "n", "brightness": "345.73", "frp": "10.11", "daynight": "D"}}, {"type": "Feature", "geometry": {"type": "Point", "coordinates": [110.19936, -1.77894]}, "properties": {"species": "pongo_pygmaeus", "date_acq": "2026-08-16T603", "confidence": "n", "brightness": "341.45", "frp": "3.69", "daynight": "D"}}, {"type": "Feature", "geometry": {"type": "Point", "coordinates": [110.19631, -1.77873]}, "properties": {"species": "pongo_pygmaeus", "date_acq": "2026-08-16T603", "confidence": "n", "brightness": "353.73", "frp": "10.11", "daynight": "D"}}, {"type": "Feature", "geometry": {"type": "Point", "coordinates": [110.20348, -1.77833]}, "properties": {"species": "pongo_pygmaeus", "date_acq": "2026-08-16T603", "confidence": "l", "brightness": "330.02", "frp": "3.69", "daynight": "D"}}, {"type": "Feature", "geometry": {"type": "Point", "coordinates": [110.20453, -1.77746]}, "properties": {"species": "pongo_pygmaeus", "date_acq": "2026-08-16T603", "confidence": "l", "brightness": "332.68", "frp": "7.93", "daynight": "D"}}, {"type": "Feature", "geometry": {"type": "Point", "coordinates": [110.19988, -1.77449]}, "properties": {"species": "pongo_pygmaeus", "date_acq": "2026-08-16T603", "confidence": "n", "brightness": "344.8", "frp": "7.93", "daynight": "D"}}, {"type": "Feature", "geometry": {"type": "Point", "coordinates": [110.20398, -1.77385]}, "properties": {"species": "pongo_pygmaeus", "date_acq": "2026-08-16T603", "confidence": "n", "brightness": "347.7", "frp": "7.93", "daynight": "D"}}, {"type": "Feature", "geometry": {"type": "Point", "coordinates": [110.14309, -1.76103]}, "properties": {"species": "pongo_pygmaeus", "date_acq": "2026-08-16T603", "confidence": "n", "brightness": "356.44", "frp": "22.33", "daynight": "D"}}, {"type": "Feature", "geometry": {"type": "Point", "coordinates": [110.14722, -1.7604]}, "properties": {"species": "pongo_pygmaeus", "date_acq": "2026-08-16T603", "confidence": "n", "brightness": "356.01", "frp": "15.54", "daynight": "D"}}, {"type": "Feature", "geometry": {"type": "Point", "coordinates": [110.18485, -1.75834]}, "properties": {"species": "pongo_pygmaeus", "date_acq": "2026-08-16T603", "confidence": "n", "brightness": "347.63", "frp": "34.1", "daynight": "D"}}, {"type": "Feature", "geometry": {"type": "Point", "coordinates": [110.14256, -1.75741]}, "properties": {"species": "pongo_pygmaeus", "date_acq": "2026-08-16T603", "confidence": "n", "brightness": "352.33", "frp": "17.72", "daynight": "D"}}, {"type": "Feature", "geometry": {"type": "Point", "coordinates": [110.1467, -1.75678]}, "properties": {"species": "pongo_pygmaeus", "date_acq": "2026-08-16T603", "confidence": "h", "brightness": "367", "frp": "13.89", "daynight": "D"}}, {"type": "Feature", "geometry": {"type": "Point", "coordinates": [110.05732, -1.75557]}, "properties": {"species": "pongo_pygmaeus", "date_acq": "2026-08-16T603", "confidence": "n", "brightness": "352.1", "frp": "9.45", "daynight": "D"}}, {"type": "Feature", "geometry": {"type": "Point", "coordinates": [111.4771, -1.75557]}, "properties": {"species": "pongo_pygmaeus", "date_acq": "2026-08-16T603", "confidence": "n", "brightness": "341.87", "frp": "7.58", "daynight": "D"}}, {"type": "Feature", "geometry": {"type": "Point", "coordinates": [110.23057, -1.75502]}, "properties": {"species": "pongo_pygmaeus", "date_acq": "2026-08-16T603", "confidence": "n", "brightness": "341.96", "frp": "5.39", "daynight": "D"}}, {"type": "Feature", "geometry": {"type": "Point", "coordinates": [110.08705, -1.75476]}, "properties": {"species": "pongo_pygmaeus", "date_acq": "2026-08-16T603", "confidence": "n", "brightness": "341.48", "frp": "4.94", "daynight": "D"}}, {"type": "Feature", "geometry": {"type": "Point", "coordinates": [110.18431, -1.75473]}, "properties": {"species": "pongo_pygmaeus", "date_acq": "2026-08-16T603", "confidence": "n", "brightness": "356", "frp": "34.1", "daynight": "D"}}, {"type": "Feature", "geometry": {"type": "Point", "coordinates": [110.06567, -1.7543]}, "properties": {"species": "pongo_pygmaeus", "date_acq": "2026-08-16T603", "confidence": "n", "brightness": "356.7", "frp": "17.05", "daynight": "D"}}, {"type": "Feature", "geometry": {"type": "Point", "coordinates": [110.05677, -1.75194]}, "properties": {"species": "pongo_pygmaeus", "date_acq": "2026-08-16T603", "confidence": "n", "brightness": "343.61", "frp": "9.45", "daynight": "D"}}, {"type": "Feature", "geometry": {"type": "Point", "coordinates": [110.08649, -1.75114]}, "properties": {"species": "pongo_pygmaeus", "date_acq": "2026-08-16T603", "confidence": "n", "brightness": "335.84", "frp": "5.12", "daynight": "D"}}, {"type": "Feature", "geometry": {"type": "Point", "coordinates": [110.18377, -1.75112]}, "properties": {"species": "pongo_pygmaeus", "date_acq": "2026-08-16T603", "confidence": "n", "brightness": "354.98", "frp": "33.38", "daynight": "D"}}, {"type": "Feature", "geometry": {"type": "Point", "coordinates": [110.09066, -1.75051]}, "properties": {"species": "pongo_pygmaeus", "date_acq": "2026-08-16T603", "confidence": "n", "brightness": "337.57", "frp": "5.12", "daynight": "D"}}, {"type": "Feature", "geometry": {"type": "Point", "coordinates": [110.05623, -1.74831]}, "properties": {"species": "pongo_pygmaeus", "date_acq": "2026-08-16T603", "confidence": "n", "brightness": "351.29", "frp": "66.88", "daynight": "D"}}, {"type": "Feature", "geometry": {"type": "Point", "coordinates": [110.06041, -1.74767]}, "properties": {"species": "pongo_pygmaeus", "date_acq": "2026-08-16T603", "confidence": "n", "brightness": "336.96", "frp": "5.79", "daynight": "D"}}, {"type": "Feature", "geometry": {"type": "Point", "coordinates": [110.22073, -1.74547]}, "properties": {"species": "pongo_pygmaeus", "date_acq": "2026-08-16T603", "confidence": "n", "brightness": "337.47", "frp": "8.06", "daynight": "D"}}, {"type": "Feature", "geometry": {"type": "Point", "coordinates": [110.06403, -1.74341]}, "properties": {"species": "pongo_pygmaeus", "date_acq": "2026-08-16T603", "confidence": "n", "brightness": "338.88", "frp": "5.79", "daynight": "D"}}, {"type": "Feature", "geometry": {"type": "Point", "coordinates": [110.0593, -1.74041]}, "properties": {"species": "pongo_pygmaeus", "date_acq": "2026-08-16T603", "confidence": "l", "brightness": "332.28", "frp": "35.31", "daynight": "D"}}, {"type": "Feature", "geometry": {"type": "Point", "coordinates": [110.20736, -1.74014]}, "properties": {"species": "pongo_pygmaeus", "date_acq": "2026-08-16T603", "confidence": "n", "brightness": "335.26", "frp": "4.5", "daynight": "D"}}, {"type": "Feature", "geometry": {"type": "Point", "coordinates": [110.22378, -1.73764]}, "properties": {"species": "pongo_pygmaeus", "date_acq": "2026-08-16T603", "confidence": "n", "brightness": "335.36", "frp": "8.78", "daynight": "D"}}, {"type": "Feature", "geometry": {"type": "Point", "coordinates": [110.25243, -1.73327]}, "properties": {"species": "pongo_pygmaeus", "date_acq": "2026-08-16T603", "confidence": "l", "brightness": "367", "frp": "62.39", "daynight": "D"}}, {"type": "Feature", "geometry": {"type": "Point", "coordinates": [113.31818, -1.73176]}, "properties": {"species": "pongo_pygmaeus", "date_acq": "2026-08-16T603", "confidence": "n", "brightness": "334.27", "frp": "2.97", "daynight": "D"}}, {"type": "Feature", "geometry": {"type": "Point", "coordinates": [110.24371, -1.73092]}, "properties": {"species": "pongo_pygmaeus", "date_acq": "2026-08-16T603", "confidence": "n", "brightness": "349.08", "frp": "49.84", "daynight": "D"}}, {"type": "Feature", "geometry": {"type": "Point", "coordinates": [110.25188, -1.72967]}, "properties": {"species": "pongo_pygmaeus", "date_acq": "2026-08-16T603", "confidence": "n", "brightness": "351.08", "frp": "62.39", "daynight": "D"}}, {"type": "Feature", "geometry": {"type": "Point", "coordinates": [110.24316, -1.72732]}, "properties": {"species": "pongo_pygmaeus", "date_acq": "2026-08-16T603", "confidence": "n", "brightness": "336.94", "frp": "4.32", "daynight": "D"}}, {"type": "Feature", "geometry": {"type": "Point", "coordinates": [110.24725, -1.7267]}, "properties": {"species": "pongo_pygmaeus", "date_acq": "2026-08-16T603", "confidence": "l", "brightness": "334.01", "frp": "4.32", "daynight": "D"}}, {"type": "Feature", "geometry": {"type": "Point", "coordinates": [110.25134, -1.72608]}, "properties": {"species": "pongo_pygmaeus", "date_acq": "2026-08-16T603", "confidence": "n", "brightness": "342.59", "frp": "8.13", "daynight": "D"}}, {"type": "Feature", "geometry": {"type": "Point", "coordinates": [110.25951, -1.72483]}, "properties": {"species": "pongo_pygmaeus", "date_acq": "2026-08-16T603", "confidence": "l", "brightness": "335.28", "frp": "6.73", "daynight": "D"}}, {"type": "Feature", "geometry": {"type": "Point", "coordinates": [110.26359, -1.72421]}, "properties": {"species": "pongo_pygmaeus", "date_acq": "2026-08-16T603", "confidence": "n", "brightness": "347.98", "frp": "6.73", "daynight": "D"}}, {"type": "Feature", "geometry": {"type": "Point", "coordinates": [110.24262, -1.72372]}, "properties": {"species": "pongo_pygmaeus", "date_acq": "2026-08-16T603", "confidence": "n", "brightness": "336.75", "frp": "4.32", "daynight": "D"}}, {"type": "Feature", "geometry": {"type": "Point", "coordinates": [110.05244, -1.72287]}, "properties": {"species": "pongo_pygmaeus", "date_acq": "2026-08-16T603", "confidence": "n", "brightness": "337.94", "frp": "3.93", "daynight": "D"}}, {"type": "Feature", "geometry": {"type": "Point", "coordinates": [110.2508, -1.72248]}, "properties": {"species": "pongo_pygmaeus", "date_acq": "2026-08-16T603", "confidence": "n", "brightness": "340.68", "frp": "8.13", "daynight": "D"}}, {"type": "Feature", "geometry": {"type": "Point", "coordinates": [110.25897, -1.72124]}, "properties": {"species": "pongo_pygmaeus", "date_acq": "2026-08-16T603", "confidence": "l", "brightness": "337.14", "frp": "6.73", "daynight": "D"}}, {"type": "Feature", "geometry": {"type": "Point", "coordinates": [110.24207, -1.72012]}, "properties": {"species": "pongo_pygmaeus", "date_acq": "2026-08-16T603", "confidence": "l", "brightness": "332.86", "frp": "5.52", "daynight": "D"}}, {"type": "Feature", "geometry": {"type": "Point", "coordinates": [110.24615, -1.7195]}, "properties": {"species": "pongo_pygmaeus", "date_acq": "2026-08-16T603", "confidence": "n", "brightness": "349.99", "frp": "5.52", "daynight": "D"}}, {"type": "Feature", "geometry": {"type": "Point", "coordinates": [110.25025, -1.71888]}, "properties": {"species": "pongo_pygmaeus", "date_acq": "2026-08-16T603", "confidence": "l", "brightness": "332.6", "frp": "6.22", "daynight": "D"}}, {"type": "Feature", "geometry": {"type": "Point", "coordinates": [113.7411, -1.71713]}, "properties": {"species": "pongo_pygmaeus", "date_acq": "2026-08-16T603", "confidence": "n", "brightness": "330.75", "frp": "2.03", "daynight": "D"}}, {"type": "Feature", "geometry": {"type": "Point", "coordinates": [110.11953, -1.71649]}, "properties": {"species": "pongo_pygmaeus", "date_acq": "2026-08-16T603", "confidence": "n", "brightness": "332.82", "frp": "3.68", "daynight": "D"}}, {"type": "Feature", "geometry": {"type": "Point", "coordinates": [110.12367, -1.71587]}, "properties": {"species": "pongo_pygmaeus", "date_acq": "2026-08-16T603", "confidence": "n", "brightness": "343.63", "frp": "8.12", "daynight": "D"}}, {"type": "Feature", "geometry": {"type": "Point", "coordinates": [110.2497, -1.71529]}, "properties": {"species": "pongo_pygmaeus", "date_acq": "2026-08-16T603", "confidence": "n", "brightness": "341.86", "frp": "6.22", "daynight": "D"}}, {"type": "Feature", "geometry": {"type": "Point", "coordinates": [110.27367, -1.70798]}, "properties": {"species": "pongo_pygmaeus", "date_acq": "2026-08-16T603", "confidence": "n", "brightness": "345.59", "frp": "9.13", "daynight": "D"}}, {"type": "Feature", "geometry": {"type": "Point", "coordinates": [110.17733, -1.70779]}, "properties": {"species": "pongo_pygmaeus", "date_acq": "2026-08-16T603", "confidence": "n", "brightness": "339.9", "frp": "5.61", "daynight": "D"}}, {"type": "Feature", "geometry": {"type": "Point", "coordinates": [110.27775, -1.70737]}, "properties": {"species": "pongo_pygmaeus", "date_acq": "2026-08-16T603", "confidence": "n", "brightness": "352.21", "frp": "9.13", "daynight": "D"}}, {"type": "Feature", "geometry": {"type": "Point", "coordinates": [110.28182, -1.70675]}, "properties": {"species": "pongo_pygmaeus", "date_acq": "2026-08-16T603", "confidence": "n", "brightness": "355.5", "frp": "29.17", "daynight": "D"}}, {"type": "Feature", "geometry": {"type": "Point", "coordinates": [110.06279, -1.70647]}, "properties": {"species": "pongo_pygmaeus", "date_acq": "2026-08-16T603", "confidence": "n", "brightness": "349.52", "frp": "10.57", "daynight": "D"}}, {"type": "Feature", "geometry": {"type": "Point", "coordinates": [110.0711, -1.70522]}, "properties": {"species": "pongo_pygmaeus", "date_acq": "2026-08-16T603", "confidence": "n", "brightness": "334.31", "frp": "6.05", "daynight": "D"}}, {"type": "Feature", "geometry": {"type": "Point", "coordinates": [110.27314, -1.70439]}, "properties": {"species": "pongo_pygmaeus", "date_acq": "2026-08-16T603", "confidence": "l", "brightness": "331.43", "frp": "9.13", "daynight": "D"}}, {"type": "Feature", "geometry": {"type": "Point", "coordinates": [110.27721, -1.70377]}, "properties": {"species": "pongo_pygmaeus", "date_acq": "2026-08-16T603", "confidence": "n", "brightness": "336.38", "frp": "9.13", "daynight": "D"}}, {"type": "Feature", "geometry": {"type": "Point", "coordinates": [110.06224, -1.70283]}, "properties": {"species": "pongo_pygmaeus", "date_acq": "2026-08-16T603", "confidence": "n", "brightness": "333.73", "frp": "13.51", "daynight": "D"}}, {"type": "Feature", "geometry": {"type": "Point", "coordinates": [110.16801, -1.70181]}, "properties": {"species": "pongo_pygmaeus", "date_acq": "2026-08-16T603", "confidence": "n", "brightness": "342.45", "frp": "4.76", "daynight": "D"}}, {"type": "Feature", "geometry": {"type": "Point", "coordinates": [110.27666, -1.70018]}, "properties": {"species": "pongo_pygmaeus", "date_acq": "2026-08-16T603", "confidence": "l", "brightness": "334.43", "frp": "4.64", "daynight": "D"}}, {"type": "Feature", "geometry": {"type": "Point", "coordinates": [110.28073, -1.69957]}, "properties": {"species": "pongo_pygmaeus", "date_acq": "2026-08-16T603", "confidence": "l", "brightness": "336.72", "frp": "6.22", "daynight": "D"}}, {"type": "Feature", "geometry": {"type": "Point", "coordinates": [110.27204, -1.69721]}, "properties": {"species": "pongo_pygmaeus", "date_acq": "2026-08-16T603", "confidence": "n", "brightness": "335.21", "frp": "4.64", "daynight": "D"}}, {"type": "Feature", "geometry": {"type": "Point", "coordinates": [113.43559, -1.68999]}, "properties": {"species": "pongo_pygmaeus", "date_acq": "2026-08-16T603", "confidence": "n", "brightness": "333.74", "frp": "2.93", "daynight": "D"}}, {"type": "Feature", "geometry": {"type": "Point", "coordinates": [110.64848, -1.67288]}, "properties": {"species": "pongo_pygmaeus", "date_acq": "2026-08-16T603", "confidence": "n", "brightness": "337.03", "frp": "4.69", "daynight": "D"}}, {"type": "Feature", "geometry": {"type": "Point", "coordinates": [110.64796, -1.66935]}, "properties": {"species": "pongo_pygmaeus", "date_acq": "2026-08-16T603", "confidence": "n", "brightness": "345.8", "frp": "4.69", "daynight": "D"}}, {"type": "Feature", "geometry": {"type": "Point", "coordinates": [110.2827, -1.65343]}, "properties": {"species": "pongo_pygmaeus", "date_acq": "2026-08-16T603", "confidence": "n", "brightness": "340.27", "frp": "4.62", "daynight": "D"}}, {"type": "Feature", "geometry": {"type": "Point", "coordinates": [110.27299, -1.64391]}, "properties": {"species": "pongo_pygmaeus", "date_acq": "2026-08-16T603", "confidence": "n", "brightness": "336.04", "frp": "4.53", "daynight": "D"}}, {"type": "Feature", "geometry": {"type": "Point", "coordinates": [113.4735, -1.63651]}, "properties": {"species": "pongo_pygmaeus", "date_acq": "2026-08-16T603", "confidence": "n", "brightness": "334.37", "frp": "2.36", "daynight": "D"}}, {"type": "Feature", "geometry": {"type": "Point", "coordinates": [113.46262, -1.63477]}, "properties": {"species": "pongo_pygmaeus", "date_acq": "2026-08-16T603", "confidence": "n", "brightness": "332.3", "frp": "1.86", "daynight": "D"}}, {"type": "Feature", "geometry": {"type": "Point", "coordinates": [110.07272, -1.59682]}, "properties": {"species": "pongo_pygmaeus", "date_acq": "2026-08-16T603", "confidence": "l", "brightness": "342.43", "frp": "16.94", "daynight": "D"}}, {"type": "Feature", "geometry": {"type": "Point", "coordinates": [110.07687, -1.5962]}, "properties": {"species": "pongo_pygmaeus", "date_acq": "2026-08-16T603", "confidence": "l", "brightness": "331", "frp": "16.94", "daynight": "D"}}, {"type": "Feature", "geometry": {"type": "Point", "coordinates": [110.07578, -1.58895]}, "properties": {"species": "pongo_pygmaeus", "date_acq": "2026-08-16T603", "confidence": "l", "brightness": "333.04", "frp": "10.63", "daynight": "D"}}, {"type": "Feature", "geometry": {"type": "Point", "coordinates": [110.07625, -1.58858]}, "properties": {"species": "pongo_pygmaeus", "date_acq": "2026-08-16T603", "confidence": "n", "brightness": "336.61", "frp": "9.56", "daynight": "D"}}, {"type": "Feature", "geometry": {"type": "Point", "coordinates": [110.07524, -1.58533]}, "properties": {"species": "pongo_pygmaeus", "date_acq": "2026-08-16T603", "confidence": "l", "brightness": "332.65", "frp": "4.92", "daynight": "D"}}, {"type": "Feature", "geometry": {"type": "Point", "coordinates": [110.8168, -1.57472]}, "properties": {"species": "pongo_pygmaeus", "date_acq": "2026-08-16T603", "confidence": "n", "brightness": "335.03", "frp": "3.06", "daynight": "D"}}, {"type": "Feature", "geometry": {"type": "Point", "coordinates": [110.82066, -1.57413]}, "properties": {"species": "pongo_pygmaeus", "date_acq": "2026-08-16T603", "confidence": "n", "brightness": "333.61", "frp": "5.25", "daynight": "D"}}, {"type": "Feature", "geometry": {"type": "Point", "coordinates": [110.80086, -1.5736]}, "properties": {"species": "pongo_pygmaeus", "date_acq": "2026-08-16T603", "confidence": "n", "brightness": "347.9", "frp": "15.84", "daynight": "D"}}, {"type": "Feature", "geometry": {"type": "Point", "coordinates": [110.80035, -1.57009]}, "properties": {"species": "pongo_pygmaeus", "date_acq": "2026-08-16T603", "confidence": "n", "brightness": "345.95", "frp": "129.04", "daynight": "D"}}, {"type": "Feature", "geometry": {"type": "Point", "coordinates": [114.45232, -1.56987]}, "properties": {"species": "pongo_pygmaeus", "date_acq": "2026-08-16T603", "confidence": "n", "brightness": "334.78", "frp": "2.57", "daynight": "D"}}, {"type": "Feature", "geometry": {"type": "Point", "coordinates": [110.81862, -1.56012]}, "properties": {"species": "pongo_pygmaeus", "date_acq": "2026-08-16T603", "confidence": "n", "brightness": "347.11", "frp": "10.19", "daynight": "D"}}, {"type": "Feature", "geometry": {"type": "Point", "coordinates": [110.82249, -1.55953]}, "properties": {"species": "pongo_pygmaeus", "date_acq": "2026-08-16T603", "confidence": "n", "brightness": "343.61", "frp": "10.19", "daynight": "D"}}, {"type": "Feature", "geometry": {"type": "Point", "coordinates": [110.82636, -1.55893]}, "properties": {"species": "pongo_pygmaeus", "date_acq": "2026-08-16T603", "confidence": "l", "brightness": "330.76", "frp": "5.89", "daynight": "D"}}, {"type": "Feature", "geometry": {"type": "Point", "coordinates": [110.81816, -1.55661]}, "properties": {"species": "pongo_pygmaeus", "date_acq": "2026-08-16T603", "confidence": "n", "brightness": "332.62", "frp": "10.19", "daynight": "D"}}, {"type": "Feature", "geometry": {"type": "Point", "coordinates": [114.29559, -1.54469]}, "properties": {"species": "pongo_pygmaeus", "date_acq": "2026-08-16T603", "confidence": "n", "brightness": "355.51", "frp": "17.93", "daynight": "D"}}, {"type": "Feature", "geometry": {"type": "Point", "coordinates": [114.38333, -1.52433]}, "properties": {"species": "pongo_pygmaeus", "date_acq": "2026-08-16T603", "confidence": "n", "brightness": "333.5", "frp": "2.17", "daynight": "D"}}, {"type": "Feature", "geometry": {"type": "Point", "coordinates": [114.38283, -1.52096]}, "properties": {"species": "pongo_pygmaeus", "date_acq": "2026-08-16T603", "confidence": "n", "brightness": "333.15", "frp": "2.64", "daynight": "D"}}, {"type": "Feature", "geometry": {"type": "Point", "coordinates": [114.21031, -1.48726]}, "properties": {"species": "pongo_pygmaeus", "date_acq": "2026-08-16T603", "confidence": "n", "brightness": "346.84", "frp": "8.44", "daynight": "D"}}, {"type": "Feature", "geometry": {"type": "Point", "coordinates": [114.20981, -1.4839]}, "properties": {"species": "pongo_pygmaeus", "date_acq": "2026-08-16T603", "confidence": "n", "brightness": "344.59", "frp": "8.44", "daynight": "D"}}, {"type": "Feature", "geometry": {"type": "Point", "coordinates": [110.16589, -1.4517]}, "properties": {"species": "pongo_pygmaeus", "date_acq": "2026-08-16T603", "confidence": "l", "brightness": "332.73", "frp": "5.43", "daynight": "D"}}, {"type": "Feature", "geometry": {"type": "Point", "coordinates": [114.17443, -1.44118]}, "properties": {"species": "pongo_pygmaeus", "date_acq": "2026-08-16T603", "confidence": "n", "brightness": "334.11", "frp": "2.5", "daynight": "D"}}, {"type": "Feature", "geometry": {"type": "Point", "coordinates": [110.1152, -1.39308]}, "properties": {"species": "pongo_pygmaeus", "date_acq": "2026-08-16T603", "confidence": "n", "brightness": "343.29", "frp": "78.12", "daynight": "D"}}, {"type": "Feature", "geometry": {"type": "Point", "coordinates": [110.11877, -1.38885]}, "properties": {"species": "pongo_pygmaeus", "date_acq": "2026-08-16T603", "confidence": "n", "brightness": "347.62", "frp": "34.79", "daynight": "D"}}, {"type": "Feature", "geometry": {"type": "Point", "coordinates": [110.12289, -1.38823]}, "properties": {"species": "pongo_pygmaeus", "date_acq": "2026-08-16T603", "confidence": "n", "brightness": "334.27", "frp": "34.79", "daynight": "D"}}, {"type": "Feature", "geometry": {"type": "Point", "coordinates": [110.11823, -1.38524]}, "properties": {"species": "pongo_pygmaeus", "date_acq": "2026-08-16T603", "confidence": "n", "brightness": "346.84", "frp": "9.94", "daynight": "D"}}, {"type": "Feature", "geometry": {"type": "Point", "coordinates": [110.12234, -1.38462]}, "properties": {"species": "pongo_pygmaeus", "date_acq": "2026-08-16T603", "confidence": "l", "brightness": "336.03", "frp": "9.94", "daynight": "D"}}, {"type": "Feature", "geometry": {"type": "Point", "coordinates": [110.11358, -1.38225]}, "properties": {"species": "pongo_pygmaeus", "date_acq": "2026-08-16T603", "confidence": "l", "brightness": "335.33", "frp": "5.38", "daynight": "D"}}, {"type": "Feature", "geometry": {"type": "Point", "coordinates": [110.11769, -1.38164]}, "properties": {"species": "pongo_pygmaeus", "date_acq": "2026-08-16T603", "confidence": "n", "brightness": "340.61", "frp": "9.94", "daynight": "D"}}, {"type": "Feature", "geometry": {"type": "Point", "coordinates": [110.1218, -1.38102]}, "properties": {"species": "pongo_pygmaeus", "date_acq": "2026-08-16T603", "confidence": "n", "brightness": "333.26", "frp": "9.94", "daynight": "D"}}, {"type": "Feature", "geometry": {"type": "Point", "coordinates": [110.10891, -1.37926]}, "properties": {"species": "pongo_pygmaeus", "date_acq": "2026-08-16T603", "confidence": "l", "brightness": "332.77", "frp": "6.72", "daynight": "D"}}, {"type": "Feature", "geometry": {"type": "Point", "coordinates": [110.11716, -1.37803]}, "properties": {"species": "pongo_pygmaeus", "date_acq": "2026-08-16T603", "confidence": "n", "brightness": "345.37", "frp": "8.08", "daynight": "D"}}, {"type": "Feature", "geometry": {"type": "Point", "coordinates": [110.11249, -1.37504]}, "properties": {"species": "pongo_pygmaeus", "date_acq": "2026-08-16T603", "confidence": "l", "brightness": "336.06", "frp": "6.72", "daynight": "D"}}, {"type": "Feature", "geometry": {"type": "Point", "coordinates": [110.1166, -1.37442]}, "properties": {"species": "pongo_pygmaeus", "date_acq": "2026-08-16T603", "confidence": "n", "brightness": "346.68", "frp": "8.08", "daynight": "D"}}, {"type": "Feature", "geometry": {"type": "Point", "coordinates": [110.09544, -1.3739]}, "properties": {"species": "pongo_pygmaeus", "date_acq": "2026-08-16T603", "confidence": "n", "brightness": "339.41", "frp": "12.01", "daynight": "D"}}, {"type": "Feature", "geometry": {"type": "Point", "coordinates": [110.10783, -1.37205]}, "properties": {"species": "pongo_pygmaeus", "date_acq": "2026-08-16T603", "confidence": "l", "brightness": "334.14", "frp": "4.81", "daynight": "D"}}, {"type": "Feature", "geometry": {"type": "Point", "coordinates": [110.11194, -1.37143]}, "properties": {"species": "pongo_pygmaeus", "date_acq": "2026-08-16T603", "confidence": "l", "brightness": "339.83", "frp": "4.81", "daynight": "D"}}, {"type": "Feature", "geometry": {"type": "Point", "coordinates": [110.11605, -1.37082]}, "properties": {"species": "pongo_pygmaeus", "date_acq": "2026-08-16T603", "confidence": "n", "brightness": "338.81", "frp": "7.08", "daynight": "D"}}, {"type": "Feature", "geometry": {"type": "Point", "coordinates": [114.45443, -1.37049]}, "properties": {"species": "pongo_pygmaeus", "date_acq": "2026-08-16T603", "confidence": "n", "brightness": "332.85", "frp": "2.93", "daynight": "D"}}, {"type": "Feature", "geometry": {"type": "Point", "coordinates": [110.1114, -1.36782]}, "properties": {"species": "pongo_pygmaeus", "date_acq": "2026-08-16T603", "confidence": "l", "brightness": "332.15", "frp": "4.81", "daynight": "D"}}, {"type": "Feature", "geometry": {"type": "Point", "coordinates": [110.10303, -1.36104]}, "properties": {"species": "pongo_pygmaeus", "date_acq": "2026-08-16T603", "confidence": "l", "brightness": "333.43", "frp": "8.76", "daynight": "D"}}, {"type": "Feature", "geometry": {"type": "Point", "coordinates": [110.09872, -1.33218]}, "properties": {"species": "pongo_pygmaeus", "date_acq": "2026-08-16T603", "confidence": "n", "brightness": "340.06", "frp": "3.08", "daynight": "D"}}, {"type": "Feature", "geometry": {"type": "Point", "coordinates": [110.09818, -1.32857]}, "properties": {"species": "pongo_pygmaeus", "date_acq": "2026-08-16T603", "confidence": "l", "brightness": "332.08", "frp": "3.08", "daynight": "D"}}, {"type": "Feature", "geometry": {"type": "Point", "coordinates": [113.96833, -1.32038]}, "properties": {"species": "pongo_pygmaeus", "date_acq": "2026-08-16T603", "confidence": "n", "brightness": "331.16", "frp": "4.05", "daynight": "D"}}, {"type": "Feature", "geometry": {"type": "Point", "coordinates": [114.24911, -1.31839]}, "properties": {"species": "pongo_pygmaeus", "date_acq": "2026-08-16T603", "confidence": "n", "brightness": "333.92", "frp": "3.02", "daynight": "D"}}, {"type": "Feature", "geometry": {"type": "Point", "coordinates": [114.28154, -1.31686]}, "properties": {"species": "pongo_pygmaeus", "date_acq": "2026-08-16T603", "confidence": "n", "brightness": "337.42", "frp": "4.29", "daynight": "D"}}, {"type": "Feature", "geometry": {"type": "Point", "coordinates": [110.07901, -1.31303]}, "properties": {"species": "pongo_pygmaeus", "date_acq": "2026-08-16T603", "confidence": "l", "brightness": "333.78", "frp": "7.52", "daynight": "D"}}, {"type": "Feature", "geometry": {"type": "Point", "coordinates": [110.08726, -1.31178]}, "properties": {"species": "pongo_pygmaeus", "date_acq": "2026-08-16T603", "confidence": "n", "brightness": "340.15", "frp": "11.22", "daynight": "D"}}, {"type": "Feature", "geometry": {"type": "Point", "coordinates": [110.07328, -1.30282]}, "properties": {"species": "pongo_pygmaeus", "date_acq": "2026-08-16T603", "confidence": "n", "brightness": "336.19", "frp": "8.31", "daynight": "D"}}, {"type": "Feature", "geometry": {"type": "Point", "coordinates": [110.07687, -1.29859]}, "properties": {"species": "pongo_pygmaeus", "date_acq": "2026-08-16T603", "confidence": "l", "brightness": "330.1", "frp": "7.85", "daynight": "D"}}, {"type": "Feature", "geometry": {"type": "Point", "coordinates": [110.62859, -1.29758]}, "properties": {"species": "pongo_pygmaeus", "date_acq": "2026-08-16T603", "confidence": "n", "brightness": "349.14", "frp": "24.28", "daynight": "D"}}, {"type": "Feature", "geometry": {"type": "Point", "coordinates": [113.98496, -1.29177]}, "properties": {"species": "pongo_pygmaeus", "date_acq": "2026-08-16T603", "confidence": "n", "brightness": "340.16", "frp": "6.39", "daynight": "D"}}, {"type": "Feature", "geometry": {"type": "Point", "coordinates": [116.16443, -1.29064]}, "properties": {"species": "pongo_pygmaeus", "date_acq": "2026-08-16T603", "confidence": "n", "brightness": "335.3", "frp": "2.48", "daynight": "D"}}, {"type": "Feature", "geometry": {"type": "Point", "coordinates": [113.64554, -1.26514]}, "properties": {"species": "pongo_pygmaeus", "date_acq": "2026-08-16T603", "confidence": "n", "brightness": "334.68", "frp": "15.52", "daynight": "D"}}, {"type": "Feature", "geometry": {"type": "Point", "coordinates": [110.82832, -1.2604]}, "properties": {"species": "pongo_pygmaeus", "date_acq": "2026-08-16T603", "confidence": "n", "brightness": "347.08", "frp": "29.27", "daynight": "D"}}, {"type": "Feature", "geometry": {"type": "Point", "coordinates": [113.97883, -1.22759]}, "properties": {"species": "pongo_pygmaeus", "date_acq": "2026-08-16T603", "confidence": "n", "brightness": "335.36", "frp": "4.58", "daynight": "D"}}, {"type": "Feature", "geometry": {"type": "Point", "coordinates": [113.64577, -1.19813]}, "properties": {"species": "pongo_pygmaeus", "date_acq": "2026-08-16T603", "confidence": "n", "brightness": "332.79", "frp": "2.99", "daynight": "D"}}, {"type": "Feature", "geometry": {"type": "Point", "coordinates": [113.64028, -1.18532]}, "properties": {"species": "pongo_pygmaeus", "date_acq": "2026-08-16T603", "confidence": "n", "brightness": "336.85", "frp": "4.47", "daynight": "D"}}, {"type": "Feature", "geometry": {"type": "Point", "coordinates": [113.6322, -1.1362]}, "properties": {"species": "pongo_pygmaeus", "date_acq": "2026-08-16T603", "confidence": "n", "brightness": "345.97", "frp": "6.99", "daynight": "D"}}, {"type": "Feature", "geometry": {"type": "Point", "coordinates": [110.45484, -1.12228]}, "properties": {"species": "pongo_pygmaeus", "date_acq": "2026-08-16T603", "confidence": "l", "brightness": "331.17", "frp": "2.76", "daynight": "D"}}, {"type": "Feature", "geometry": {"type": "Point", "coordinates": [110.45879, -1.12168]}, "properties": {"species": "pongo_pygmaeus", "date_acq": "2026-08-16T603", "confidence": "n", "brightness": "331.28", "frp": "2.27", "daynight": "D"}}, {"type": "Feature", "geometry": {"type": "Point", "coordinates": [110.45431, -1.11874]}, "properties": {"species": "pongo_pygmaeus", "date_acq": "2026-08-16T603", "confidence": "l", "brightness": "331.24", "frp": "7.92", "daynight": "D"}}, {"type": "Feature", "geometry": {"type": "Point", "coordinates": [110.21226, -1.10973]}, "properties": {"species": "pongo_pygmaeus", "date_acq": "2026-08-16T603", "confidence": "n", "brightness": "332.35", "frp": "2.22", "daynight": "D"}}, {"type": "Feature", "geometry": {"type": "Point", "coordinates": [113.21517, -1.00688]}, "properties": {"species": "pongo_pygmaeus", "date_acq": "2026-08-16T603", "confidence": "n", "brightness": "332.36", "frp": "2.33", "daynight": "D"}}, {"type": "Feature", "geometry": {"type": "Point", "coordinates": [113.2253, -0.98548]}, "properties": {"species": "pongo_pygmaeus", "date_acq": "2026-08-16T603", "confidence": "n", "brightness": "334.58", "frp": "4.58", "daynight": "D"}}, {"type": "Feature", "geometry": {"type": "Point", "coordinates": [109.9873, -0.90984]}, "properties": {"species": "pongo_pygmaeus", "date_acq": "2026-08-16T603", "confidence": "n", "brightness": "336.01", "frp": "2.71", "daynight": "D"}}, {"type": "Feature", "geometry": {"type": "Point", "coordinates": [114.128, -0.89071]}, "properties": {"species": "pongo_pygmaeus", "date_acq": "2026-08-16T603", "confidence": "n", "brightness": "330.14", "frp": "21.6", "daynight": "D"}}, {"type": "Feature", "geometry": {"type": "Point", "coordinates": [114.12751, -0.88735]}, "properties": {"species": "pongo_pygmaeus", "date_acq": "2026-08-16T603", "confidence": "n", "brightness": "333.77", "frp": "21.6", "daynight": "D"}}, {"type": "Feature", "geometry": {"type": "Point", "coordinates": [113.99165, -0.85142]}, "properties": {"species": "pongo_pygmaeus", "date_acq": "2026-08-16T603", "confidence": "n", "brightness": "335.08", "frp": "6.72", "daynight": "D"}}, {"type": "Feature", "geometry": {"type": "Point", "coordinates": [113.99964, -0.83303]}, "properties": {"species": "pongo_pygmaeus", "date_acq": "2026-08-16T603", "confidence": "n", "brightness": "337.41", "frp": "11.63", "daynight": "D"}}, {"type": "Feature", "geometry": {"type": "Point", "coordinates": [110.95492, -0.78641]}, "properties": {"species": "pongo_pygmaeus", "date_acq": "2026-08-16T603", "confidence": "n", "brightness": "335.57", "frp": "4.8", "daynight": "D"}}, {"type": "Feature", "geometry": {"type": "Point", "coordinates": [111.37061, -0.76059]}, "properties": {"species": "pongo_pygmaeus", "date_acq": "2026-08-16T603", "confidence": "n", "brightness": "335.66", "frp": "48.42", "daynight": "D"}}, {"type": "Feature", "geometry": {"type": "Point", "coordinates": [114.01674, -0.75691]}, "properties": {"species": "pongo_pygmaeus", "date_acq": "2026-08-16T603", "confidence": "n", "brightness": "332.83", "frp": "1.06", "daynight": "D"}}, {"type": "Feature", "geometry": {"type": "Point", "coordinates": [114.01369, -0.73676]}, "properties": {"species": "pongo_pygmaeus", "date_acq": "2026-08-16T603", "confidence": "n", "brightness": "346.14", "frp": "14.01", "daynight": "D"}}, {"type": "Feature", "geometry": {"type": "Point", "coordinates": [110.09969, -0.70219]}, "properties": {"species": "pongo_pygmaeus", "date_acq": "2026-08-16T603", "confidence": "n", "brightness": "338.63", "frp": "3.91", "daynight": "D"}}, {"type": "Feature", "geometry": {"type": "Point", "coordinates": [112.58483, -0.62026]}, "properties": {"species": "pongo_pygmaeus", "date_acq": "2026-08-16T603", "confidence": "n", "brightness": "334.8", "frp": "38.61", "daynight": "D"}}, {"type": "Feature", "geometry": {"type": "Point", "coordinates": [113.0971, -0.52836]}, "properties": {"species": "pongo_pygmaeus", "date_acq": "2026-08-16T603", "confidence": "n", "brightness": "338.83", "frp": "3.16", "daynight": "D"}}, {"type": "Feature", "geometry": {"type": "Point", "coordinates": [112.67889, -0.31904]}, "properties": {"species": "pongo_pygmaeus", "date_acq": "2026-08-16T603", "confidence": "n", "brightness": "344.18", "frp": "27.6", "daynight": "D"}}, {"type": "Feature", "geometry": {"type": "Point", "coordinates": [112.67839, -0.31571]}, "properties": {"species": "pongo_pygmaeus", "date_acq": "2026-08-16T603", "confidence": "n", "brightness": "344.69", "frp": "21.77", "daynight": "D"}}, {"type": "Feature", "geometry": {"type": "Point", "coordinates": [113.90298, -0.16473]}, "properties": {"species": "pongo_pygmaeus", "date_acq": "2026-08-16T603", "confidence": "n", "brightness": "332.74", "frp": "3.29", "daynight": "D"}}, {"type": "Feature", "geometry": {"type": "Point", "coordinates": [113.62554, -0.09248]}, "properties": {"species": "pongo_pygmaeus", "date_acq": "2026-08-16T603", "confidence": "n", "brightness": "341.63", "frp": "63.91", "daynight": "D"}}, {"type": "Feature", "geometry": {"type": "Point", "coordinates": [113.62504, -0.08913]}, "properties": {"species": "pongo_pygmaeus", "date_acq": "2026-08-16T603", "confidence": "l", "brightness": "329.93", "frp": "86.71", "daynight": "D"}}, {"type": "Feature", "geometry": {"type": "Point", "coordinates": [113.62701, -0.07856]}, "properties": {"species": "pongo_pygmaeus", "date_acq": "2026-08-16T603", "confidence": "n", "brightness": "331.81", "frp": "3.22", "daynight": "D"}}, {"type": "Feature", "geometry": {"type": "Point", "coordinates": [113.09771, 0.02941]}, "properties": {"species": "pongo_pygmaeus", "date_acq": "2026-08-16T603", "confidence": "n", "brightness": "335.82", "frp": "24.43", "daynight": "D"}}, {"type": "Feature", "geometry": {"type": "Point", "coordinates": [116.64134, 0.15776]}, "properties": {"species": "pongo_pygmaeus", "date_acq": "2026-08-16T603", "confidence": "n", "brightness": "330.09", "frp": "7.08", "daynight": "D"}}, {"type": "Feature", "geometry": {"type": "Point", "coordinates": [116.63455, 0.17215]}, "properties": {"species": "pongo_pygmaeus", "date_acq": "2026-08-16T603", "confidence": "n", "brightness": "332.92", "frp": "5.55", "daynight": "D"}}, {"type": "Feature", "geometry": {"type": "Point", "coordinates": [117.24759, 0.5442]}, "properties": {"species": "pongo_pygmaeus", "date_acq": "2026-08-16T603", "confidence": "n", "brightness": "332.73", "frp": "4.69", "daynight": "D"}}, {"type": "Feature", "geometry": {"type": "Point", "coordinates": [112.92735, 0.93246]}, "properties": {"species": "pongo_pygmaeus", "date_acq": "2026-08-16T603", "confidence": "n", "brightness": "332.27", "frp": "1.79", "daynight": "D"}}, {"type": "Feature", "geometry": {"type": "Point", "coordinates": [112.91593, 0.96135]}, "properties": {"species": "pongo_pygmaeus", "date_acq": "2026-08-16T603", "confidence": "n", "brightness": "343.76", "frp": "4.87", "daynight": "D"}}, {"type": "Feature", "geometry": {"type": "Point", "coordinates": [117.10278, 1.04076]}, "properties": {"species": "pongo_pygmaeus", "date_acq": "2026-08-16T603", "confidence": "n", "brightness": "336.24", "frp": "12.18", "daynight": "D"}}, {"type": "Feature", "geometry": {"type": "Point", "coordinates": [117.12848, 1.06478]}, "properties": {"species": "pongo_pygmaeus", "date_acq": "2026-08-16T603", "confidence": "n", "brightness": "331.4", "frp": "3.9", "daynight": "D"}}, {"type": "Feature", "geometry": {"type": "Point", "coordinates": [116.95263, 1.2735]}, "properties": {"species": "pongo_pygmaeus", "date_acq": "2026-08-16T603", "confidence": "n", "brightness": "333.46", "frp": "8.79", "daynight": "D"}}, {"type": "Feature", "geometry": {"type": "Point", "coordinates": [117.21225, 1.30131]}, "properties": {"species": "pongo_pygmaeus", "date_acq": "2026-08-16T603", "confidence": "n", "brightness": "330.04", "frp": "2.94", "daynight": "D"}}, {"type": "Feature", "geometry": {"type": "Point", "coordinates": [117.22179, 1.34342]}, "properties": {"species": "pongo_pygmaeus", "date_acq": "2026-08-16T603", "confidence": "n", "brightness": "331.39", "frp": "4.97", "daynight": "D"}}, {"type": "Feature", "geometry": {"type": "Point", "coordinates": [117.24524, 1.37768]}, "properties": {"species": "pongo_pygmaeus", "date_acq": "2026-08-16T603", "confidence": "n", "brightness": "349.14", "frp": "11.97", "daynight": "D"}}, {"type": "Feature", "geometry": {"type": "Point", "coordinates": [117.26133, 1.45905]}, "properties": {"species": "pongo_pygmaeus", "date_acq": "2026-08-16T603", "confidence": "n", "brightness": "343.13", "frp": "5.63", "daynight": "D"}}, {"type": "Feature", "geometry": {"type": "Point", "coordinates": [117.16912, 1.56953]}, "properties": {"species": "pongo_pygmaeus", "date_acq": "2026-08-16T603", "confidence": "n", "brightness": "338.26", "frp": "13.1", "daynight": "D"}}, {"type": "Feature", "geometry": {"type": "Point", "coordinates": [116.76807, 5.22875]}, "properties": {"species": "pongo_pygmaeus", "date_acq": "2026-08-16T605", "confidence": "n", "brightness": "328.23", "frp": "1.67", "daynight": "D"}}, {"type": "Feature", "geometry": {"type": "Point", "coordinates": [116.48751, 5.46501]}, "properties": {"species": "pongo_pygmaeus", "date_acq": "2026-08-16T605", "confidence": "n", "brightness": "330.41", "frp": "2.27", "daynight": "D"}}, {"type": "Feature", "geometry": {"type": "Point", "coordinates": [113.28534, -2.55197]}, "properties": {"species": "pongo_pygmaeus", "date_acq": "2026-08-16T1705", "confidence": "n", "brightness": "300.75", "frp": "1.06", "daynight": "N"}}, {"type": "Feature", "geometry": {"type": "Point", "coordinates": [113.29229, -2.47105]}, "properties": {"species": "pongo_pygmaeus", "date_acq": "2026-08-16T1705", "confidence": "n", "brightness": "353.18", "frp": "10.98", "daynight": "N"}}, {"type": "Feature", "geometry": {"type": "Point", "coordinates": [113.285, -2.46977]}, "properties": {"species": "pongo_pygmaeus", "date_acq": "2026-08-16T1705", "confidence": "n", "brightness": "311.26", "frp": "10.98", "daynight": "N"}}, {"type": "Feature", "geometry": {"type": "Point", "coordinates": [116.63229, 0.16562]}, "properties": {"species": "pongo_pygmaeus", "date_acq": "2026-08-16T1705", "confidence": "n", "brightness": "300.16", "frp": "1.17", "daynight": "N"}}, {"type": "Feature", "geometry": {"type": "Point", "coordinates": [116.63432, 0.17798]}, "properties": {"species": "pongo_pygmaeus", "date_acq": "2026-08-16T1705", "confidence": "n", "brightness": "300.1", "frp": "1.42", "daynight": "N"}}, {"type": "Feature", "geometry": {"type": "Point", "coordinates": [117.23261, 0.51011]}, "properties": {"species": "pongo_pygmaeus", "date_acq": "2026-08-16T1705", "confidence": "n", "brightness": "310.8", "frp": "1.41", "daynight": "N"}}, {"type": "Feature", "geometry": {"type": "Point", "coordinates": [117.10821, 1.09194]}, "properties": {"species": "pongo_pygmaeus", "date_acq": "2026-08-16T1705", "confidence": "n", "brightness": "308.67", "frp": "1.25", "daynight": "N"}}, {"type": "Feature", "geometry": {"type": "Point", "coordinates": [113.29208, -2.46969]}, "properties": {"species": "pongo_pygmaeus", "date_acq": "2026-08-16T1707", "confidence": "n", "brightness": "341.64", "frp": "15.41", "daynight": "N"}}, {"type": "Feature", "geometry": {"type": "Point", "coordinates": [113.28478, -2.46846]}, "properties": {"species": "pongo_pygmaeus", "date_acq": "2026-08-16T1707", "confidence": "n", "brightness": "304.12", "frp": "10.94", "daynight": "N"}}, {"type": "Feature", "geometry": {"type": "Point", "coordinates": [113.80653, -2.24337]}, "properties": {"species": "pongo_pygmaeus", "date_acq": "2026-08-16T1707", "confidence": "n", "brightness": "301.77", "frp": "1.97", "daynight": "N"}}, {"type": "Feature", "geometry": {"type": "Point", "coordinates": [113.78741, -2.1856]}, "properties": {"species": "pongo_pygmaeus", "date_acq": "2026-08-16T1707", "confidence": "n", "brightness": "304.61", "frp": "0.96", "daynight": "N"}}, {"type": "Feature", "geometry": {"type": "Point", "coordinates": [114.13656, -2.02592]}, "properties": {"species": "pongo_pygmaeus", "date_acq": "2026-08-16T1707", "confidence": "n", "brightness": "300.78", "frp": "1.25", "daynight": "N"}}, {"type": "Feature", "geometry": {"type": "Point", "coordinates": [114.269, -1.32877]}, "properties": {"species": "pongo_pygmaeus", "date_acq": "2026-08-16T1707", "confidence": "n", "brightness": "305.15", "frp": "2.81", "daynight": "N"}}, {"type": "Feature", "geometry": {"type": "Point", "coordinates": [114.26252, -1.3277]}, "properties": {"species": "pongo_pygmaeus", "date_acq": "2026-08-16T1707", "confidence": "n", "brightness": "323.18", "frp": "2.81", "daynight": "N"}}, {"type": "Feature", "geometry": {"type": "Point", "coordinates": [114.26374, -1.32073]}, "properties": {"species": "pongo_pygmaeus", "date_acq": "2026-08-16T1707", "confidence": "n", "brightness": "320.57", "frp": "2.81", "daynight": "N"}}, {"type": "Feature", "geometry": {"type": "Point", "coordinates": [113.98577, -0.83783]}, "properties": {"species": "pongo_pygmaeus", "date_acq": "2026-08-16T1707", "confidence": "n", "brightness": "303.31", "frp": "1.84", "daynight": "N"}}, {"type": "Feature", "geometry": {"type": "Point", "coordinates": [112.78562, -2.66637]}, "properties": {"species": "pongo_pygmaeus", "date_acq": "2026-08-16T1845", "confidence": "n", "brightness": "325.45", "frp": "2.93", "daynight": "N"}}, {"type": "Feature", "geometry": {"type": "Point", "coordinates": [112.78123, -2.6657]}, "properties": {"species": "pongo_pygmaeus", "date_acq": "2026-08-16T1845", "confidence": "n", "brightness": "314.44", "frp": "2.93", "daynight": "N"}}, {"type": "Feature", "geometry": {"type": "Point", "coordinates": [112.78654, -2.66036]}, "properties": {"species": "pongo_pygmaeus", "date_acq": "2026-08-16T1845", "confidence": "n", "brightness": "310.71", "frp": "1.24", "daynight": "N"}}, {"type": "Feature", "geometry": {"type": "Point", "coordinates": [112.78214, -2.65969]}, "properties": {"species": "pongo_pygmaeus", "date_acq": "2026-08-16T1845", "confidence": "n", "brightness": "307.5", "frp": "1.24", "daynight": "N"}}, {"type": "Feature", "geometry": {"type": "Point", "coordinates": [113.28481, -2.54834]}, "properties": {"species": "pongo_pygmaeus", "date_acq": "2026-08-16T1845", "confidence": "n", "brightness": "310.16", "frp": "1.54", "daynight": "N"}}, {"type": "Feature", "geometry": {"type": "Point", "coordinates": [113.29312, -2.46922]}, "properties": {"species": "pongo_pygmaeus", "date_acq": "2026-08-16T1845", "confidence": "n", "brightness": "310.01", "frp": "1.58", "daynight": "N"}}, {"type": "Feature", "geometry": {"type": "Point", "coordinates": [113.28833, -2.46848]}, "properties": {"species": "pongo_pygmaeus", "date_acq": "2026-08-16T1845", "confidence": "n", "brightness": "305.58", "frp": "1.92", "daynight": "N"}}, {"type": "Feature", "geometry": {"type": "Point", "coordinates": [112.17046, -2.40246]}, "properties": {"species": "pongo_pygmaeus", "date_acq": "2026-08-16T1845", "confidence": "n", "brightness": "305.04", "frp": "0.91", "daynight": "N"}}, {"type": "Feature", "geometry": {"type": "Point", "coordinates": [112.17101, -2.40161]}, "properties": {"species": "pongo_pygmaeus", "date_acq": "2026-08-16T1845", "confidence": "n", "brightness": "301.83", "frp": "0.84", "daynight": "N"}}, {"type": "Feature", "geometry": {"type": "Point", "coordinates": [113.8055, -2.24471]}, "properties": {"species": "pongo_pygmaeus", "date_acq": "2026-08-16T1845", "confidence": "n", "brightness": "300.1", "frp": "1.12", "daynight": "N"}}, {"type": "Feature", "geometry": {"type": "Point", "coordinates": [113.78604, -2.18736]}, "properties": {"species": "pongo_pygmaeus", "date_acq": "2026-08-16T1845", "confidence": "n", "brightness": "301.04", "frp": "1.1", "daynight": "N"}}, {"type": "Feature", "geometry": {"type": "Point", "coordinates": [111.10269, -1.94541]}, "properties": {"species": "pongo_pygmaeus", "date_acq": "2026-08-16T1845", "confidence": "n", "brightness": "304.65", "frp": "0.38", "daynight": "N"}}, {"type": "Feature", "geometry": {"type": "Point", "coordinates": [110.15238, -1.88866]}, "properties": {"species": "pongo_pygmaeus", "date_acq": "2026-08-16T1845", "confidence": "n", "brightness": "304.79", "frp": "1.31", "daynight": "N"}}, {"type": "Feature", "geometry": {"type": "Point", "coordinates": [111.34383, -1.8564]}, "properties": {"species": "pongo_pygmaeus", "date_acq": "2026-08-16T1845", "confidence": "n", "brightness": "299.48", "frp": "0.68", "daynight": "N"}}, {"type": "Feature", "geometry": {"type": "Point", "coordinates": [111.34658, -1.85354]}, "properties": {"species": "pongo_pygmaeus", "date_acq": "2026-08-16T1845", "confidence": "n", "brightness": "304.32", "frp": "0.89", "daynight": "N"}}, {"type": "Feature", "geometry": {"type": "Point", "coordinates": [111.34312, -1.85303]}, "properties": {"species": "pongo_pygmaeus", "date_acq": "2026-08-16T1845", "confidence": "n", "brightness": "307.88", "frp": "0.89", "daynight": "N"}}, {"type": "Feature", "geometry": {"type": "Point", "coordinates": [111.34463, -1.851]}, "properties": {"species": "pongo_pygmaeus", "date_acq": "2026-08-16T1845", "confidence": "n", "brightness": "305.61", "frp": "0.68", "daynight": "N"}}, {"type": "Feature", "geometry": {"type": "Point", "coordinates": [111.34118, -1.85045]}, "properties": {"species": "pongo_pygmaeus", "date_acq": "2026-08-16T1845", "confidence": "n", "brightness": "297.36", "frp": "0.87", "daynight": "N"}}, {"type": "Feature", "geometry": {"type": "Point", "coordinates": [110.145, -1.75959]}, "properties": {"species": "pongo_pygmaeus", "date_acq": "2026-08-16T1845", "confidence": "n", "brightness": "303.11", "frp": "1.54", "daynight": "N"}}, {"type": "Feature", "geometry": {"type": "Point", "coordinates": [113.31619, -1.73436]}, "properties": {"species": "pongo_pygmaeus", "date_acq": "2026-08-16T1845", "confidence": "n", "brightness": "299", "frp": "0.54", "daynight": "N"}}, {"type": "Feature", "geometry": {"type": "Point", "coordinates": [110.24142, -1.73374]}, "properties": {"species": "pongo_pygmaeus", "date_acq": "2026-08-16T1845", "confidence": "n", "brightness": "302.44", "frp": "1.17", "daynight": "N"}}, {"type": "Feature", "geometry": {"type": "Point", "coordinates": [110.27954, -1.71395]}, "properties": {"species": "pongo_pygmaeus", "date_acq": "2026-08-16T1845", "confidence": "n", "brightness": "296.24", "frp": "3.17", "daynight": "N"}}, {"type": "Feature", "geometry": {"type": "Point", "coordinates": [110.28246, -1.70941]}, "properties": {"species": "pongo_pygmaeus", "date_acq": "2026-08-16T1845", "confidence": "n", "brightness": "325.19", "frp": "2.79", "daynight": "N"}}, {"type": "Feature", "geometry": {"type": "Point", "coordinates": [110.28031, -1.70893]}, "properties": {"species": "pongo_pygmaeus", "date_acq": "2026-08-16T1845", "confidence": "n", "brightness": "326.46", "frp": "3.17", "daynight": "N"}}, {"type": "Feature", "geometry": {"type": "Point", "coordinates": [110.27675, -1.7085]}, "properties": {"species": "pongo_pygmaeus", "date_acq": "2026-08-16T1845", "confidence": "n", "brightness": "317.16", "frp": "2.46", "daynight": "N"}}, {"type": "Feature", "geometry": {"type": "Point", "coordinates": [110.27458, -1.70806]}, "properties": {"species": "pongo_pygmaeus", "date_acq": "2026-08-16T1845", "confidence": "n", "brightness": "311.31", "frp": "3.17", "daynight": "N"}}, {"type": "Feature", "geometry": {"type": "Point", "coordinates": [110.27106, -1.70759]}, "properties": {"species": "pongo_pygmaeus", "date_acq": "2026-08-16T1845", "confidence": "n", "brightness": "299.27", "frp": "2.46", "daynight": "N"}}, {"type": "Feature", "geometry": {"type": "Point", "coordinates": [110.28323, -1.7044]}, "properties": {"species": "pongo_pygmaeus", "date_acq": "2026-08-16T1845", "confidence": "n", "brightness": "300.77", "frp": "2.79", "daynight": "N"}}, {"type": "Feature", "geometry": {"type": "Point", "coordinates": [110.27751, -1.70349]}, "properties": {"species": "pongo_pygmaeus", "date_acq": "2026-08-16T1845", "confidence": "n", "brightness": "297.21", "frp": "2.46", "daynight": "N"}}, {"type": "Feature", "geometry": {"type": "Point", "coordinates": [110.65439, -1.66867]}, "properties": {"species": "pongo_pygmaeus", "date_acq": "2026-08-16T1845", "confidence": "n", "brightness": "295.21", "frp": "0.58", "daynight": "N"}}, {"type": "Feature", "geometry": {"type": "Point", "coordinates": [110.28537, -1.65342]}, "properties": {"species": "pongo_pygmaeus", "date_acq": "2026-08-16T1845", "confidence": "n", "brightness": "306.8", "frp": "1.82", "daynight": "N"}}, {"type": "Feature", "geometry": {"type": "Point", "coordinates": [110.64016, -1.48899]}, "properties": {"species": "pongo_pygmaeus", "date_acq": "2026-08-16T1845", "confidence": "n", "brightness": "317.33", "frp": "1.58", "daynight": "N"}}, {"type": "Feature", "geometry": {"type": "Point", "coordinates": [110.63709, -1.48852]}, "properties": {"species": "pongo_pygmaeus", "date_acq": "2026-08-16T1845", "confidence": "n", "brightness": "296.13", "frp": "1.03", "daynight": "N"}}, {"type": "Feature", "geometry": {"type": "Point", "coordinates": [110.1142, -1.39702]}, "properties": {"species": "pongo_pygmaeus", "date_acq": "2026-08-16T1845", "confidence": "n", "brightness": "314.68", "frp": "3.5", "daynight": "N"}}, {"type": "Feature", "geometry": {"type": "Point", "coordinates": [110.12045, -1.39294]}, "properties": {"species": "pongo_pygmaeus", "date_acq": "2026-08-16T1845", "confidence": "n", "brightness": "316.97", "frp": "3.5", "daynight": "N"}}, {"type": "Feature", "geometry": {"type": "Point", "coordinates": [110.11495, -1.39209]}, "properties": {"species": "pongo_pygmaeus", "date_acq": "2026-08-16T1845", "confidence": "n", "brightness": "317.49", "frp": "3.5", "daynight": "N"}}, {"type": "Feature", "geometry": {"type": "Point", "coordinates": [110.12119, -1.388]}, "properties": {"species": "pongo_pygmaeus", "date_acq": "2026-08-16T1845", "confidence": "n", "brightness": "319.3", "frp": "1.85", "daynight": "N"}}, {"type": "Feature", "geometry": {"type": "Point", "coordinates": [113.11445, -1.38483]}, "properties": {"species": "pongo_pygmaeus", "date_acq": "2026-08-16T1845", "confidence": "n", "brightness": "307.14", "frp": "0.78", "daynight": "N"}}, {"type": "Feature", "geometry": {"type": "Point", "coordinates": [113.1161, -1.38401]}, "properties": {"species": "pongo_pygmaeus", "date_acq": "2026-08-16T1845", "confidence": "n", "brightness": "302.17", "frp": "0.6", "daynight": "N"}}, {"type": "Feature", "geometry": {"type": "Point", "coordinates": [110.12196, -1.38307]}, "properties": {"species": "pongo_pygmaeus", "date_acq": "2026-08-16T1845", "confidence": "n", "brightness": "298.27", "frp": "1.85", "daynight": "N"}}, {"type": "Feature", "geometry": {"type": "Point", "coordinates": [110.11647, -1.38223]}, "properties": {"species": "pongo_pygmaeus", "date_acq": "2026-08-16T1845", "confidence": "n", "brightness": "297.44", "frp": "1.85", "daynight": "N"}}, {"type": "Feature", "geometry": {"type": "Point", "coordinates": [110.11725, -1.3773]}, "properties": {"species": "pongo_pygmaeus", "date_acq": "2026-08-16T1845", "confidence": "n", "brightness": "313.87", "frp": "2.42", "daynight": "N"}}, {"type": "Feature", "geometry": {"type": "Point", "coordinates": [110.37159, -1.37012]}, "properties": {"species": "pongo_pygmaeus", "date_acq": "2026-08-16T1845", "confidence": "n", "brightness": "296.89", "frp": "2.57", "daynight": "N"}}, {"type": "Feature", "geometry": {"type": "Point", "coordinates": [114.26684, -1.33436]}, "properties": {"species": "pongo_pygmaeus", "date_acq": "2026-08-16T1845", "confidence": "n", "brightness": "298.3", "frp": "0.7", "daynight": "N"}}, {"type": "Feature", "geometry": {"type": "Point", "coordinates": [111.68894, -1.3316]}, "properties": {"species": "pongo_pygmaeus", "date_acq": "2026-08-16T1845", "confidence": "n", "brightness": "309.38", "frp": "0.92", "daynight": "N"}}, {"type": "Feature", "geometry": {"type": "Point", "coordinates": [114.26784, -1.32789]}, "properties": {"species": "pongo_pygmaeus", "date_acq": "2026-08-16T1845", "confidence": "n", "brightness": "297.98", "frp": "0.7", "daynight": "N"}}, {"type": "Feature", "geometry": {"type": "Point", "coordinates": [114.26244, -1.32704]}, "properties": {"species": "pongo_pygmaeus", "date_acq": "2026-08-16T1845", "confidence": "n", "brightness": "308.49", "frp": "0.7", "daynight": "N"}}, {"type": "Feature", "geometry": {"type": "Point", "coordinates": [114.26485, -1.32696]}, "properties": {"species": "pongo_pygmaeus", "date_acq": "2026-08-16T1845", "confidence": "n", "brightness": "296.52", "frp": "1.59", "daynight": "N"}}, {"type": "Feature", "geometry": {"type": "Point", "coordinates": [114.25945, -1.32615]}, "properties": {"species": "pongo_pygmaeus", "date_acq": "2026-08-16T1845", "confidence": "n", "brightness": "305.42", "frp": "1.24", "daynight": "N"}}, {"type": "Feature", "geometry": {"type": "Point", "coordinates": [110.62729, -1.29876]}, "properties": {"species": "pongo_pygmaeus", "date_acq": "2026-08-16T1845", "confidence": "n", "brightness": "296.66", "frp": "0.58", "daynight": "N"}}, {"type": "Feature", "geometry": {"type": "Point", "coordinates": [110.62428, -1.29828]}, "properties": {"species": "pongo_pygmaeus", "date_acq": "2026-08-16T1845", "confidence": "n", "brightness": "296.94", "frp": "0.53", "daynight": "N"}}, {"type": "Feature", "geometry": {"type": "Point", "coordinates": [114.02743, -1.29781]}, "properties": {"species": "pongo_pygmaeus", "date_acq": "2026-08-16T1845", "confidence": "n", "brightness": "303.27", "frp": "0.87", "daynight": "N"}}, {"type": "Feature", "geometry": {"type": "Point", "coordinates": [113.36144, -1.24729]}, "properties": {"species": "pongo_pygmaeus", "date_acq": "2026-08-16T1845", "confidence": "n", "brightness": "304.11", "frp": "0.72", "daynight": "N"}}, {"type": "Feature", "geometry": {"type": "Point", "coordinates": [113.38607, -1.23856]}, "properties": {"species": "pongo_pygmaeus", "date_acq": "2026-08-16T1845", "confidence": "n", "brightness": "305.05", "frp": "0.92", "daynight": "N"}}, {"type": "Feature", "geometry": {"type": "Point", "coordinates": [112.83589, -0.45025]}, "properties": {"species": "pongo_pygmaeus", "date_acq": "2026-08-16T1845", "confidence": "n", "brightness": "304.97", "frp": "5.06", "daynight": "N"}}, {"type": "Feature", "geometry": {"type": "Point", "coordinates": [112.83201, -0.44964]}, "properties": {"species": "pongo_pygmaeus", "date_acq": "2026-08-16T1845", "confidence": "h", "brightness": "367", "frp": "13.74", "daynight": "N"}}]}